Using pre-set license
Built from '6000.0/staging' branch; Version is '6000.0.30f1 (62b05ba0686a) revision 6467675'; Using compiler version '193933523'; Build Type 'Release'
OS: 'Windows 11  (10.0.22631) 64bit Professional' Language: 'zh' Physical Memory: 65306 MB
BatchMode: 1, IsHumanControllingUs: 0, StartBugReporterOnCrash: 0, Is64bit: 1, IsPro: 1

COMMAND LINE ARGUMENTS:
D:\DevelopTools\Unity\Unity_2121\6000.0.30f1\Editor\Unity.exe
-adb2
-batchMode
-noUpm
-name
AssetImportWorker0
-projectPath
G:/Unity6/ClientFrame
-logFile
Logs/AssetImportWorker0.log
-srvPort
59008
-job-worker-count
11
-background-job-worker-count
8
-asset-garbage-collectors
1
Successfully changed project path to: G:/Unity6/ClientFrame
G:/Unity6/ClientFrame
[UnityMemory] Configuration Parameters - Can be set up in boot.config
    "memorysetup-bucket-allocator-granularity=16"
    "memorysetup-bucket-allocator-bucket-count=8"
    "memorysetup-bucket-allocator-block-size=33554432"
    "memorysetup-bucket-allocator-block-count=8"
    "memorysetup-main-allocator-block-size=16777216"
    "memorysetup-thread-allocator-block-size=16777216"
    "memorysetup-gfx-main-allocator-block-size=16777216"
    "memorysetup-gfx-thread-allocator-block-size=16777216"
    "memorysetup-cache-allocator-block-size=4194304"
    "memorysetup-typetree-allocator-block-size=2097152"
    "memorysetup-profiler-bucket-allocator-granularity=16"
    "memorysetup-profiler-bucket-allocator-bucket-count=8"
    "memorysetup-profiler-bucket-allocator-block-size=33554432"
    "memorysetup-profiler-bucket-allocator-block-count=8"
    "memorysetup-profiler-allocator-block-size=16777216"
    "memorysetup-profiler-editor-allocator-block-size=1048576"
    "memorysetup-temp-allocator-size-main=16777216"
    "memorysetup-job-temp-allocator-block-size=2097152"
    "memorysetup-job-temp-allocator-block-size-background=1048576"
    "memorysetup-job-temp-allocator-reduction-small-platforms=262144"
    "memorysetup-allocator-temp-initial-block-size-main=262144"
    "memorysetup-allocator-temp-initial-block-size-worker=262144"
    "memorysetup-temp-allocator-size-background-worker=32768"
    "memorysetup-temp-allocator-size-job-worker=262144"
    "memorysetup-temp-allocator-size-preload-manager=33554432"
    "memorysetup-temp-allocator-size-nav-mesh-worker=65536"
    "memorysetup-temp-allocator-size-audio-worker=65536"
    "memorysetup-temp-allocator-size-cloud-worker=32768"
    "memorysetup-temp-allocator-size-gi-baking-worker=262144"
    "memorysetup-temp-allocator-size-gi-baking-worker=262144"
    "memorysetup-temp-allocator-size-gi-baking-worker=262144"
    "memorysetup-temp-allocator-size-gi-baking-worker=262144"
    "memorysetup-temp-allocator-size-gi-baking-worker=262144"
    "memorysetup-temp-allocator-size-gfx=262144"
Player connection [4920]  Target information:

Player connection [4920]  * "[IP] 172.16.31.73 [Port] 0 [Flags] 2 [Guid] 2143216646 [EditorId] 2143216646 [Version] 1048832 [Id] WindowsEditor(7,DESKTOP-5L87Q4O) [Debug] 1 [PackageName] WindowsEditor [ProjectName] Editor" 

Player connection [4920] Host joined multi-casting on [225.0.0.222:54997]...
Player connection [4920] Host joined alternative multi-casting on [225.0.0.222:34997]...
JobSystem: Creating JobQueue using job-worker-count value 11
[Physics::Module] Initialized fallback backend.
[Physics::Module] Id: 0xdecafbad
Library Redirect Path: Library/
[Physics::Module] Selected backend.
[Physics::Module] Name: PhysX
[Physics::Module] Id: 0xf2b8ea05
[Physics::Module] SDK Version: 4.1.2
[Physics::Module] Integration Version: 1.0.0
[Physics::Module] Threading Mode: Multi-Threaded
Refreshing native plugins compatible for Editor in 1.09 ms, found 4 plugins.
Preloading 0 native plugins for Editor in 0.00 ms.
Initialize engine version: 6000.0.30f1 (62b05ba0686a)
[Subsystems] Discovering subsystems at path D:/DevelopTools/Unity/Unity_2121/6000.0.30f1/Editor/Data/Resources/UnitySubsystems
[Subsystems] Discovering subsystems at path G:/Unity6/ClientFrame/Assets
GfxDevice: creating device client; kGfxThreadingModeNonThreaded
[vulkan] LoadVulkanLibrary vulkan-1.dll[vulkan] Loaded instance function vkGetInstanceProcAddr
[vulkan] Loaded instance function vkGetInstanceProcAddr
[vulkan] Loaded instance function vkCreateInstance
[vulkan] Loaded instance function vkEnumerateInstanceExtensionProperties
[vulkan] Loaded instance function vkEnumerateInstanceLayerProperties
[vulkan] Loaded instance function vkEnumerateInstanceVersion
[Vulkan init] extensions: count=19
[Vulkan init] extensions: name=VK_EXT_debug_report [enabled=0, external=0]
[Vulkan init] extensions: name=VK_EXT_debug_utils [enabled=1, external=0]
[Vulkan init] extensions: name=VK_EXT_direct_mode_display [enabled=0, external=0]
[Vulkan init] extensions: name=VK_EXT_surface_maintenance1 [enabled=0, external=0]
[Vulkan init] extensions: name=VK_EXT_swapchain_colorspace [enabled=1, external=0]
[Vulkan init] extensions: name=VK_KHR_device_group_creation [enabled=0, external=0]
[Vulkan init] extensions: name=VK_KHR_display [enabled=1, external=0]
[Vulkan init] extensions: name=VK_KHR_external_fence_capabilities [enabled=1, external=0]
[Vulkan init] extensions: name=VK_KHR_external_memory_capabilities [enabled=1, external=0]
[Vulkan init] extensions: name=VK_KHR_external_semaphore_capabilities [enabled=1, external=0]
[Vulkan init] extensions: name=VK_KHR_get_display_properties2 [enabled=0, external=0]
[Vulkan init] extensions: name=VK_KHR_get_physical_device_properties2 [enabled=1, external=0]
[Vulkan init] extensions: name=VK_KHR_get_surface_capabilities2 [enabled=0, external=0]
[Vulkan init] extensions: name=VK_KHR_portability_enumeration [enabled=0, external=0]
[Vulkan init] extensions: name=VK_KHR_surface [enabled=1, external=0]
[Vulkan init] extensions: name=VK_KHR_surface_protected_capabilities [enabled=0, external=0]
[Vulkan init] extensions: name=VK_KHR_win32_surface [enabled=1, external=0]
[Vulkan init] extensions: name=VK_LUNARG_direct_driver_loading [enabled=0, external=0]
[Vulkan init] extensions: name=VK_NV_external_memory_capabilities [enabled=0, external=0]
[vulkan] Loaded instance function vkDestroyInstance
[vulkan] Loaded instance function vkGetPhysicalDeviceProperties
[vulkan] Loaded instance function vkEnumeratePhysicalDevices
Vulkan detection: 2
[Vulkan init] extensions: count=19
[Vulkan init] extensions: name=VK_EXT_debug_report [enabled=0, external=0]
[Vulkan init] extensions: name=VK_EXT_debug_utils [enabled=1, external=0]
[Vulkan init] extensions: name=VK_EXT_direct_mode_display [enabled=0, external=0]
[Vulkan init] extensions: name=VK_EXT_surface_maintenance1 [enabled=0, external=0]
[Vulkan init] extensions: name=VK_EXT_swapchain_colorspace [enabled=1, external=0]
[Vulkan init] extensions: name=VK_KHR_device_group_creation [enabled=0, external=0]
[Vulkan init] extensions: name=VK_KHR_display [enabled=1, external=0]
[Vulkan init] extensions: name=VK_KHR_external_fence_capabilities [enabled=1, external=0]
[Vulkan init] extensions: name=VK_KHR_external_memory_capabilities [enabled=1, external=0]
[Vulkan init] extensions: name=VK_KHR_external_semaphore_capabilities [enabled=1, external=0]
[Vulkan init] extensions: name=VK_KHR_get_display_properties2 [enabled=0, external=0]
[Vulkan init] extensions: name=VK_KHR_get_physical_device_properties2 [enabled=1, external=0]
[Vulkan init] extensions: name=VK_KHR_get_surface_capabilities2 [enabled=0, external=0]
[Vulkan init] extensions: name=VK_KHR_portability_enumeration [enabled=0, external=0]
[Vulkan init] extensions: name=VK_KHR_surface [enabled=1, external=0]
[Vulkan init] extensions: name=VK_KHR_surface_protected_capabilities [enabled=0, external=0]
[Vulkan init] extensions: name=VK_KHR_win32_surface [enabled=1, external=0]
[Vulkan init] extensions: name=VK_LUNARG_direct_driver_loading [enabled=0, external=0]
[Vulkan init] extensions: name=VK_NV_external_memory_capabilities [enabled=0, external=0]
[vulkan] Loaded instance function vkDestroyInstance
[vulkan] Loaded instance function vkGetPhysicalDeviceProperties
[vulkan] Loaded instance function vkEnumeratePhysicalDevices
[vulkan] Loaded instance function vkGetDeviceProcAddr
[vulkan] Loaded instance function vkGetPhysicalDeviceFeatures
[vulkan] Loaded instance function vkGetPhysicalDeviceFormatProperties
[vulkan] Loaded instance function vkGetPhysicalDeviceImageFormatProperties
[vulkan] Loaded instance function vkGetPhysicalDeviceQueueFamilyProperties
[vulkan] Loaded instance function vkGetPhysicalDeviceMemoryProperties
[vulkan] Loaded instance function vkCreateDevice
[vulkan] Loaded instance function vkEnumerateDeviceExtensionProperties
[vulkan] Loaded instance function vkEnumerateDeviceLayerProperties
[vulkan] Loaded instance function vkGetPhysicalDeviceSparseImageFormatProperties
[vulkan] Loaded instance function vkDestroySurfaceKHR
[vulkan] Loaded instance function vkGetPhysicalDeviceSurfaceSupportKHR
[vulkan] Loaded instance function vkGetPhysicalDeviceSurfaceCapabilitiesKHR
[vulkan] Loaded instance function vkGetPhysicalDeviceSurfaceFormatsKHR
[vulkan] Loaded instance function vkGetPhysicalDeviceSurfacePresentModesKHR
[vulkan] Loaded instance function vkCreateSwapchainKHR
[vulkan] Loaded instance function vkDestroySwapchainKHR
[vulkan] Loaded instance function vkGetSwapchainImagesKHR
[vulkan] Loaded instance function vkAcquireNextImageKHR
[vulkan] Loaded instance function vkQueuePresentKHR
[vulkan] Loaded instance function vkGetPhysicalDeviceDisplayPropertiesKHR
[vulkan] Loaded instance function vkGetPhysicalDeviceDisplayPlanePropertiesKHR
[vulkan] Loaded instance function vkGetDisplayPlaneSupportedDisplaysKHR
[vulkan] Loaded instance function vkGetDisplayModePropertiesKHR
[vulkan] Loaded instance function vkCreateDisplayModeKHR
[vulkan] Loaded instance function vkGetDisplayPlaneCapabilitiesKHR
[vulkan] Loaded instance function vkCreateDisplayPlaneSurfaceKHR
[vulkan] Loaded instance function vkCreateSharedSwapchainsKHR
[vulkan] Loaded instance function vkCreateWin32SurfaceKHR
[vulkan] Loaded instance function vkGetPhysicalDeviceWin32PresentationSupportKHR
[vulkan] Loaded instance function vkSetHdrMetadataEXT
[vulkan] Loaded instance function vkGetPhysicalDeviceFeatures2KHR
[vulkan] Loaded instance function vkGetPhysicalDeviceProperties2KHR
[vulkan] Loaded instance function vkGetPhysicalDeviceFormatProperties2KHR
[vulkan] Loaded instance function vkGetPhysicalDeviceImageFormatProperties2KHR
[vulkan] Loaded instance function vkGetPhysicalDeviceQueueFamilyProperties2KHR
[vulkan] Loaded instance function vkGetPhysicalDeviceMemoryProperties2KHR
[vulkan] Loaded instance function vkGetPhysicalDeviceSparseImageFormatProperties2KHR
[vulkan] Loaded instance function vkGetSemaphoreFdKHR
[vulkan] Loaded instance function vkImportSemaphoreFdKHR
[vulkan] Loaded instance function vkGetFenceFdKHR
[vulkan] Loaded instance function vkImportFenceFdKHR
[vulkan] Loaded instance function vkCreateSamplerYcbcrConversionKHR
[vulkan] Loaded instance function vkDestroySamplerYcbcrConversionKHR
[vulkan] Loaded instance function vkBindBufferMemory2KHR
[vulkan] Loaded instance function vkBindImageMemory2KHR
[vulkan] Loaded instance function vkWaitForPresentKHR
[vulkan] Loaded instance function vkGetPhysicalDeviceExternalSemaphorePropertiesKHR
[vulkan] Loaded instance function vkGetPhysicalDeviceExternalFencePropertiesKHR
[vulkan] Loaded instance function vkGetPhysicalDeviceFragmentShadingRatesKHR
[vulkan] Loaded instance function vkSetDebugUtilsObjectNameEXT
[vulkan] Loaded instance function vkSetDebugUtilsObjectTagEXT
[vulkan] Loaded instance function vkQueueBeginDebugUtilsLabelEXT
[vulkan] Loaded instance function vkQueueEndDebugUtilsLabelEXT
[vulkan] Loaded instance function vkQueueInsertDebugUtilsLabelEXT
[vulkan] Loaded instance function vkCmdBeginDebugUtilsLabelEXT
[vulkan] Loaded instance function vkCmdEndDebugUtilsLabelEXT
[vulkan] Loaded instance function vkCmdInsertDebugUtilsLabelEXT
[Vulkan init] SelectPhysicalDevice requestedDeviceIndex=-1 xrDevice=0000000000000000
[Vulkan init] Physical Device 0000017FBB6A3250 [0]: "NVIDIA GeForce RTX 3070" deviceType=2 vendorID=10de deviceID=2488
[Vulkan init] Physical Device 0000017FBB6A3040 [1]: "Intel(R) UHD Graphics 770" deviceType=1 vendorID=8086 deviceID=4680
[Vulkan init] Selected physical device 0000017FBB6A3250
[Vulkan init] Graphics queue count=1
[Vulkan init] extensions: count=223
[Vulkan init] extensions: name=VK_AMD_buffer_marker [enabled=0, external=0]
[Vulkan init] extensions: name=VK_EXT_4444_formats [enabled=1, external=0]
[Vulkan init] extensions: name=VK_EXT_attachment_feedback_loop_dynamic_state [enabled=0, external=0]
[Vulkan init] extensions: name=VK_EXT_attachment_feedback_loop_layout [enabled=0, external=0]
[Vulkan init] extensions: name=VK_EXT_blend_operation_advanced [enabled=0, external=0]
[Vulkan init] extensions: name=VK_EXT_border_color_swizzle [enabled=0, external=0]
[Vulkan init] extensions: name=VK_EXT_buffer_device_address [enabled=0, external=0]
[Vulkan init] extensions: name=VK_EXT_calibrated_timestamps [enabled=0, external=0]
[Vulkan init] extensions: name=VK_EXT_color_write_enable [enabled=0, external=0]
[Vulkan init] extensions: name=VK_EXT_conditional_rendering [enabled=0, external=0]
[Vulkan init] extensions: name=VK_EXT_conservative_rasterization [enabled=1, external=0]
[Vulkan init] extensions: name=VK_EXT_custom_border_color [enabled=0, external=0]
[Vulkan init] extensions: name=VK_EXT_depth_bias_control [enabled=0, external=0]
[Vulkan init] extensions: name=VK_EXT_depth_clamp_zero_one [enabled=0, external=0]
[Vulkan init] extensions: name=VK_EXT_depth_clip_control [enabled=0, external=0]
[Vulkan init] extensions: name=VK_EXT_depth_clip_enable [enabled=0, external=0]
[Vulkan init] extensions: name=VK_EXT_depth_range_unrestricted [enabled=0, external=0]
[Vulkan init] extensions: name=VK_EXT_descriptor_buffer [enabled=0, external=0]
[Vulkan init] extensions: name=VK_EXT_descriptor_indexing [enabled=0, external=0]
[Vulkan init] extensions: name=VK_EXT_discard_rectangles [enabled=0, external=0]
[Vulkan init] extensions: name=VK_EXT_dynamic_rendering_unused_attachments [enabled=0, external=0]
[Vulkan init] extensions: name=VK_EXT_extended_dynamic_state [enabled=0, external=0]
[Vulkan init] extensions: name=VK_EXT_extended_dynamic_state2 [enabled=0, external=0]
[Vulkan init] extensions: name=VK_EXT_extended_dynamic_state3 [enabled=0, external=0]
[Vulkan init] extensions: name=VK_EXT_external_memory_host [enabled=1, external=0]
[Vulkan init] extensions: name=VK_EXT_fragment_shader_interlock [enabled=0, external=0]
[Vulkan init] extensions: name=VK_EXT_full_screen_exclusive [enabled=0, external=0]
[Vulkan init] extensions: name=VK_EXT_global_priority [enabled=0, external=0]
[Vulkan init] extensions: name=VK_EXT_global_priority_query [enabled=0, external=0]
[Vulkan init] extensions: name=VK_EXT_graphics_pipeline_library [enabled=0, external=0]
[Vulkan init] extensions: name=VK_EXT_hdr_metadata [enabled=1, external=0]
[Vulkan init] extensions: name=VK_EXT_host_image_copy [enabled=0, external=0]
[Vulkan init] extensions: name=VK_EXT_host_query_reset [enabled=0, external=0]
[Vulkan init] extensions: name=VK_EXT_image_2d_view_of_3d [enabled=0, external=0]
[Vulkan init] extensions: name=VK_EXT_image_robustness [enabled=0, external=0]
[Vulkan init] extensions: name=VK_EXT_image_sliced_view_of_3d [enabled=0, external=0]
[Vulkan init] extensions: name=VK_EXT_image_view_min_lod [enabled=0, external=0]
[Vulkan init] extensions: name=VK_EXT_index_type_uint8 [enabled=0, external=0]
[Vulkan init] extensions: name=VK_EXT_inline_uniform_block [enabled=0, external=0]
[Vulkan init] extensions: name=VK_EXT_line_rasterization [enabled=0, external=0]
[Vulkan init] extensions: name=VK_EXT_load_store_op_none [enabled=1, external=0]
[Vulkan init] extensions: name=VK_EXT_memory_budget [enabled=1, external=0]
[Vulkan init] extensions: name=VK_EXT_memory_priority [enabled=1, external=0]
[Vulkan init] extensions: name=VK_EXT_mesh_shader [enabled=0, external=0]
[Vulkan init] extensions: name=VK_EXT_multi_draw [enabled=0, external=0]
[Vulkan init] extensions: name=VK_EXT_mutable_descriptor_type [enabled=0, external=0]
[Vulkan init] extensions: name=VK_EXT_nested_command_buffer [enabled=0, external=0]
[Vulkan init] extensions: name=VK_EXT_non_seamless_cube_map [enabled=0, external=0]
[Vulkan init] extensions: name=VK_EXT_opacity_micromap [enabled=0, external=0]
[Vulkan init] extensions: name=VK_EXT_pageable_device_local_memory [enabled=0, external=0]
[Vulkan init] extensions: name=VK_EXT_pci_bus_info [enabled=0, external=0]
[Vulkan init] extensions: name=VK_EXT_pipeline_creation_cache_control [enabled=0, external=0]
[Vulkan init] extensions: name=VK_EXT_pipeline_creation_feedback [enabled=0, external=0]
[Vulkan init] extensions: name=VK_EXT_pipeline_library_group_handles [enabled=0, external=0]
[Vulkan init] extensions: name=VK_EXT_pipeline_robustness [enabled=0, external=0]
[Vulkan init] extensions: name=VK_EXT_post_depth_coverage [enabled=0, external=0]
[Vulkan init] extensions: name=VK_EXT_primitive_topology_list_restart [enabled=0, external=0]
[Vulkan init] extensions: name=VK_EXT_primitives_generated_query [enabled=0, external=0]
[Vulkan init] extensions: name=VK_EXT_private_data [enabled=0, external=0]
[Vulkan init] extensions: name=VK_EXT_provoking_vertex [enabled=0, external=0]
[Vulkan init] extensions: name=VK_EXT_queue_family_foreign [enabled=1, external=0]
[Vulkan init] extensions: name=VK_EXT_robustness2 [enabled=0, external=0]
[Vulkan init] extensions: name=VK_EXT_sample_locations [enabled=0, external=0]
[Vulkan init] extensions: name=VK_EXT_sampler_filter_minmax [enabled=0, external=0]
[Vulkan init] extensions: name=VK_EXT_scalar_block_layout [enabled=1, external=0]
[Vulkan init] extensions: name=VK_EXT_separate_stencil_usage [enabled=0, external=0]
[Vulkan init] extensions: name=VK_EXT_shader_atomic_float [enabled=0, external=0]
[Vulkan init] extensions: name=VK_EXT_shader_demote_to_helper_invocation [enabled=0, external=0]
[Vulkan init] extensions: name=VK_EXT_shader_image_atomic_int64 [enabled=0, external=0]
[Vulkan init] extensions: name=VK_EXT_shader_module_identifier [enabled=0, external=0]
[Vulkan init] extensions: name=VK_EXT_shader_object [enabled=0, external=0]
[Vulkan init] extensions: name=VK_EXT_shader_subgroup_ballot [enabled=0, external=0]
[Vulkan init] extensions: name=VK_EXT_shader_subgroup_vote [enabled=0, external=0]
[Vulkan init] extensions: name=VK_EXT_shader_viewport_index_layer [enabled=1, external=0]
[Vulkan init] extensions: name=VK_EXT_subgroup_size_control [enabled=0, external=0]
[Vulkan init] extensions: name=VK_EXT_swapchain_maintenance1 [enabled=0, external=0]
[Vulkan init] extensions: name=VK_EXT_texel_buffer_alignment [enabled=0, external=0]
[Vulkan init] extensions: name=VK_EXT_tooling_info [enabled=0, external=0]
[Vulkan init] extensions: name=VK_EXT_transform_feedback [enabled=0, external=0]
[Vulkan init] extensions: name=VK_EXT_vertex_attribute_divisor [enabled=0, external=0]
[Vulkan init] extensions: name=VK_EXT_vertex_input_dynamic_state [enabled=1, external=0]
[Vulkan init] extensions: name=VK_EXT_ycbcr_2plane_444_formats [enabled=0, external=0]
[Vulkan init] extensions: name=VK_EXT_ycbcr_image_arrays [enabled=0, external=0]
[Vulkan init] extensions: name=VK_KHR_16bit_storage [enabled=1, external=0]
[Vulkan init] extensions: name=VK_KHR_8bit_storage [enabled=0, external=0]
[Vulkan init] extensions: name=VK_KHR_acceleration_structure [enabled=0, external=0]
[Vulkan init] extensions: name=VK_KHR_bind_memory2 [enabled=1, external=0]
[Vulkan init] extensions: name=VK_KHR_buffer_device_address [enabled=0, external=0]
[Vulkan init] extensions: name=VK_KHR_calibrated_timestamps [enabled=0, external=0]
[Vulkan init] extensions: name=VK_KHR_cooperative_matrix [enabled=0, external=0]
[Vulkan init] extensions: name=VK_KHR_copy_commands2 [enabled=0, external=0]
[Vulkan init] extensions: name=VK_KHR_create_renderpass2 [enabled=1, external=0]
[Vulkan init] extensions: name=VK_KHR_dedicated_allocation [enabled=1, external=0]
[Vulkan init] extensions: name=VK_KHR_deferred_host_operations [enabled=0, external=0]
[Vulkan init] extensions: name=VK_KHR_depth_stencil_resolve [enabled=1, external=0]
[Vulkan init] extensions: name=VK_KHR_descriptor_update_template [enabled=1, external=0]
[Vulkan init] extensions: name=VK_KHR_device_group [enabled=0, external=0]
[Vulkan init] extensions: name=VK_KHR_draw_indirect_count [enabled=0, external=0]
[Vulkan init] extensions: name=VK_KHR_driver_properties [enabled=1, external=0]
[Vulkan init] extensions: name=VK_KHR_dynamic_rendering [enabled=0, external=0]
[Vulkan init] extensions: name=VK_KHR_dynamic_rendering_local_read [enabled=0, external=0]
[Vulkan init] extensions: name=VK_KHR_external_fence [enabled=1, external=0]
[Vulkan init] extensions: name=VK_KHR_external_fence_win32 [enabled=1, external=0]
[Vulkan init] extensions: name=VK_KHR_external_memory [enabled=1, external=0]
[Vulkan init] extensions: name=VK_KHR_external_memory_win32 [enabled=1, external=0]
[Vulkan init] extensions: name=VK_KHR_external_semaphore [enabled=1, external=0]
[Vulkan init] extensions: name=VK_KHR_external_semaphore_win32 [enabled=1, external=0]
[Vulkan init] extensions: name=VK_KHR_format_feature_flags2 [enabled=0, external=0]
[Vulkan init] extensions: name=VK_KHR_fragment_shader_barycentric [enabled=0, external=0]
[Vulkan init] extensions: name=VK_KHR_fragment_shading_rate [enabled=1, external=0]
[Vulkan init] extensions: name=VK_KHR_get_memory_requirements2 [enabled=1, external=0]
[Vulkan init] extensions: name=VK_KHR_global_priority [enabled=0, external=0]
[Vulkan init] extensions: name=VK_KHR_image_format_list [enabled=1, external=0]
[Vulkan init] extensions: name=VK_KHR_imageless_framebuffer [enabled=0, external=0]
[Vulkan init] extensions: name=VK_KHR_index_type_uint8 [enabled=0, external=0]
[Vulkan init] extensions: name=VK_KHR_line_rasterization [enabled=0, external=0]
[Vulkan init] extensions: name=VK_KHR_load_store_op_none [enabled=0, external=0]
[Vulkan init] extensions: name=VK_KHR_maintenance1 [enabled=1, external=0]
[Vulkan init] extensions: name=VK_KHR_maintenance2 [enabled=1, external=0]
[Vulkan init] extensions: name=VK_KHR_maintenance3 [enabled=0, external=0]
[Vulkan init] extensions: name=VK_KHR_maintenance4 [enabled=0, external=0]
[Vulkan init] extensions: name=VK_KHR_maintenance5 [enabled=0, external=0]
[Vulkan init] extensions: name=VK_KHR_maintenance6 [enabled=0, external=0]
[Vulkan init] extensions: name=VK_KHR_map_memory2 [enabled=0, external=0]
[Vulkan init] extensions: name=VK_KHR_multiview [enabled=1, external=0]
[Vulkan init] extensions: name=VK_KHR_pipeline_executable_properties [enabled=0, external=0]
[Vulkan init] extensions: name=VK_KHR_pipeline_library [enabled=0, external=0]
[Vulkan init] extensions: name=VK_KHR_present_id [enabled=1, external=0]
[Vulkan init] extensions: name=VK_KHR_present_wait [enabled=1, external=0]
[Vulkan init] extensions: name=VK_KHR_push_descriptor [enabled=0, external=0]
[Vulkan init] extensions: name=VK_KHR_ray_query [enabled=0, external=0]
[Vulkan init] extensions: name=VK_KHR_ray_tracing_maintenance1 [enabled=0, external=0]
[Vulkan init] extensions: name=VK_KHR_ray_tracing_pipeline [enabled=0, external=0]
[Vulkan init] extensions: name=VK_KHR_ray_tracing_position_fetch [enabled=0, external=0]
[Vulkan init] extensions: name=VK_KHR_relaxed_block_layout [enabled=0, external=0]
[Vulkan init] extensions: name=VK_KHR_sampler_mirror_clamp_to_edge [enabled=1, external=0]
[Vulkan init] extensions: name=VK_KHR_sampler_ycbcr_conversion [enabled=1, external=0]
[Vulkan init] extensions: name=VK_KHR_separate_depth_stencil_layouts [enabled=0, external=0]
[Vulkan init] extensions: name=VK_KHR_shader_atomic_int64 [enabled=1, external=0]
[Vulkan init] extensions: name=VK_KHR_shader_clock [enabled=0, external=0]
[Vulkan init] extensions: name=VK_KHR_shader_draw_parameters [enabled=0, external=0]
[Vulkan init] extensions: name=VK_KHR_shader_expect_assume [enabled=0, external=0]
[Vulkan init] extensions: name=VK_KHR_shader_float16_int8 [enabled=1, external=0]
[Vulkan init] extensions: name=VK_KHR_shader_float_controls [enabled=0, external=0]
[Vulkan init] extensions: name=VK_KHR_shader_float_controls2 [enabled=0, external=0]
[Vulkan init] extensions: name=VK_KHR_shader_integer_dot_product [enabled=0, external=0]
[Vulkan init] extensions: name=VK_KHR_shader_maximal_reconvergence [enabled=0, external=0]
[Vulkan init] extensions: name=VK_KHR_shader_non_semantic_info [enabled=1, external=0]
[Vulkan init] extensions: name=VK_KHR_shader_quad_control [enabled=0, external=0]
[Vulkan init] extensions: name=VK_KHR_shader_subgroup_extended_types [enabled=0, external=0]
[Vulkan init] extensions: name=VK_KHR_shader_subgroup_rotate [enabled=0, external=0]
[Vulkan init] extensions: name=VK_KHR_shader_subgroup_uniform_control_flow [enabled=0, external=0]
[Vulkan init] extensions: name=VK_KHR_shader_terminate_invocation [enabled=0, external=0]
[Vulkan init] extensions: name=VK_KHR_spirv_1_4 [enabled=0, external=0]
[Vulkan init] extensions: name=VK_KHR_storage_buffer_storage_class [enabled=1, external=0]
[Vulkan init] extensions: name=VK_KHR_swapchain [enabled=1, external=0]
[Vulkan init] extensions: name=VK_KHR_swapchain_mutable_format [enabled=1, external=0]
[Vulkan init] extensions: name=VK_KHR_synchronization2 [enabled=0, external=0]
[Vulkan init] extensions: name=VK_KHR_timeline_semaphore [enabled=0, external=0]
[Vulkan init] extensions: name=VK_KHR_uniform_buffer_standard_layout [enabled=0, external=0]
[Vulkan init] extensions: name=VK_KHR_variable_pointers [enabled=0, external=0]
[Vulkan init] extensions: name=VK_KHR_vertex_attribute_divisor [enabled=0, external=0]
[Vulkan init] extensions: name=VK_KHR_video_decode_av1 [enabled=0, external=0]
[Vulkan init] extensions: name=VK_KHR_video_decode_h264 [enabled=0, external=0]
[Vulkan init] extensions: name=VK_KHR_video_decode_h265 [enabled=0, external=0]
[Vulkan init] extensions: name=VK_KHR_video_decode_queue [enabled=0, external=0]
[Vulkan init] extensions: name=VK_KHR_video_encode_h264 [enabled=0, external=0]
[Vulkan init] extensions: name=VK_KHR_video_encode_h265 [enabled=0, external=0]
[Vulkan init] extensions: name=VK_KHR_video_encode_queue [enabled=0, external=0]
[Vulkan init] extensions: name=VK_KHR_video_maintenance1 [enabled=0, external=0]
[Vulkan init] extensions: name=VK_KHR_video_queue [enabled=0, external=0]
[Vulkan init] extensions: name=VK_KHR_vulkan_memory_model [enabled=0, external=0]
[Vulkan init] extensions: name=VK_KHR_win32_keyed_mutex [enabled=0, external=0]
[Vulkan init] extensions: name=VK_KHR_workgroup_memory_explicit_layout [enabled=0, external=0]
[Vulkan init] extensions: name=VK_KHR_zero_initialize_workgroup_memory [enabled=0, external=0]
[Vulkan init] extensions: name=VK_NVX_binary_import [enabled=0, external=0]
[Vulkan init] extensions: name=VK_NVX_image_view_handle [enabled=0, external=0]
[Vulkan init] extensions: name=VK_NVX_multiview_per_view_attributes [enabled=0, external=0]
[Vulkan init] extensions: name=VK_NV_acquire_winrt_display [enabled=0, external=0]
[Vulkan init] extensions: name=VK_NV_clip_space_w_scaling [enabled=0, external=0]
[Vulkan init] extensions: name=VK_NV_compute_shader_derivatives [enabled=0, external=0]
[Vulkan init] extensions: name=VK_NV_cooperative_matrix [enabled=0, external=0]
[Vulkan init] extensions: name=VK_NV_copy_memory_indirect [enabled=0, external=0]
[Vulkan init] extensions: name=VK_NV_corner_sampled_image [enabled=0, external=0]
[Vulkan init] extensions: name=VK_NV_coverage_reduction_mode [enabled=0, external=0]
[Vulkan init] extensions: name=VK_NV_cuda_kernel_launch [enabled=0, external=0]
[Vulkan init] extensions: name=VK_NV_dedicated_allocation [enabled=0, external=0]
[Vulkan init] extensions: name=VK_NV_dedicated_allocation_image_aliasing [enabled=0, external=0]
[Vulkan init] extensions: name=VK_NV_descriptor_pool_overallocation [enabled=0, external=0]
[Vulkan init] extensions: name=VK_NV_device_diagnostic_checkpoints [enabled=0, external=0]
[Vulkan init] extensions: name=VK_NV_device_diagnostics_config [enabled=0, external=0]
[Vulkan init] extensions: name=VK_NV_device_generated_commands [enabled=0, external=0]
[Vulkan init] extensions: name=VK_NV_device_generated_commands_compute [enabled=0, external=0]
[Vulkan init] extensions: name=VK_NV_external_memory [enabled=0, external=0]
[Vulkan init] extensions: name=VK_NV_external_memory_win32 [enabled=0, external=0]
[Vulkan init] extensions: name=VK_NV_fill_rectangle [enabled=0, external=0]
[Vulkan init] extensions: name=VK_NV_fragment_coverage_to_color [enabled=0, external=0]
[Vulkan init] extensions: name=VK_NV_fragment_shader_barycentric [enabled=0, external=0]
[Vulkan init] extensions: name=VK_NV_fragment_shading_rate_enums [enabled=0, external=0]
[Vulkan init] extensions: name=VK_NV_framebuffer_mixed_samples [enabled=0, external=0]
[Vulkan init] extensions: name=VK_NV_geometry_shader_passthrough [enabled=0, external=0]
[Vulkan init] extensions: name=VK_NV_inherited_viewport_scissor [enabled=0, external=0]
[Vulkan init] extensions: name=VK_NV_linear_color_attachment [enabled=0, external=0]
[Vulkan init] extensions: name=VK_NV_low_latency [enabled=0, external=0]
[Vulkan init] extensions: name=VK_NV_low_latency2 [enabled=0, external=0]
[Vulkan init] extensions: name=VK_NV_memory_decompression [enabled=0, external=0]
[Vulkan init] extensions: name=VK_NV_mesh_shader [enabled=0, external=0]
[Vulkan init] extensions: name=VK_NV_optical_flow [enabled=0, external=0]
[Vulkan init] extensions: name=VK_NV_raw_access_chains [enabled=0, external=0]
[Vulkan init] extensions: name=VK_NV_ray_tracing [enabled=0, external=0]
[Vulkan init] extensions: name=VK_NV_ray_tracing_invocation_reorder [enabled=0, external=0]
[Vulkan init] extensions: name=VK_NV_ray_tracing_motion_blur [enabled=0, external=0]
[Vulkan init] extensions: name=VK_NV_representative_fragment_test [enabled=0, external=0]
[Vulkan init] extensions: name=VK_NV_sample_mask_override_coverage [enabled=0, external=0]
[Vulkan init] extensions: name=VK_NV_scissor_exclusive [enabled=0, external=0]
[Vulkan init] extensions: name=VK_NV_shader_atomic_float16_vector [enabled=0, external=0]
[Vulkan init] extensions: name=VK_NV_shader_image_footprint [enabled=0, external=0]
[Vulkan init] extensions: name=VK_NV_shader_sm_builtins [enabled=0, external=0]
[Vulkan init] extensions: name=VK_NV_shader_subgroup_partitioned [enabled=0, external=0]
[Vulkan init] extensions: name=VK_NV_shading_rate_image [enabled=0, external=0]
[Vulkan init] extensions: name=VK_NV_viewport_array2 [enabled=0, external=0]
[Vulkan init] extensions: name=VK_NV_viewport_swizzle [enabled=0, external=0]
[Vulkan init] extensions: name=VK_NV_win32_keyed_mutex [enabled=0, external=0]
[vulkan] Loaded instance function vkDestroyDevice
[vulkan] Loaded instance function vkGetDeviceQueue
[vulkan] Loaded instance function vkQueueSubmit
[vulkan] Loaded instance function vkQueueWaitIdle
[vulkan] Loaded instance function vkDeviceWaitIdle
[vulkan] Loaded instance function vkAllocateMemory
[vulkan] Loaded instance function vkFreeMemory
[vulkan] Loaded instance function vkMapMemory
[vulkan] Loaded instance function vkUnmapMemory
[vulkan] Loaded instance function vkFlushMappedMemoryRanges
[vulkan] Loaded instance function vkInvalidateMappedMemoryRanges
[vulkan] Loaded instance function vkGetDeviceMemoryCommitment
[vulkan] Loaded instance function vkBindBufferMemory
[vulkan] Loaded instance function vkBindImageMemory
[vulkan] Loaded instance function vkGetBufferMemoryRequirements
[vulkan] Loaded instance function vkGetImageMemoryRequirements
[vulkan] Loaded instance function vkGetImageSparseMemoryRequirements
[vulkan] Loaded instance function vkQueueBindSparse
[vulkan] Loaded instance function vkCreateFence
[vulkan] Loaded instance function vkDestroyFence
[vulkan] Loaded instance function vkResetFences
[vulkan] Loaded instance function vkGetFenceStatus
[vulkan] Loaded instance function vkWaitForFences
[vulkan] Loaded instance function vkCreateSemaphore
[vulkan] Loaded instance function vkDestroySemaphore
[vulkan] Loaded instance function vkCreateEvent
[vulkan] Loaded instance function vkDestroyEvent
[vulkan] Loaded instance function vkGetEventStatus
[vulkan] Loaded instance function vkSetEvent
[vulkan] Loaded instance function vkResetEvent
[vulkan] Loaded instance function vkCreateQueryPool
[vulkan] Loaded instance function vkDestroyQueryPool
[vulkan] Loaded instance function vkGetQueryPoolResults
[vulkan] Loaded instance function vkCreateBuffer
[vulkan] Loaded instance function vkDestroyBuffer
[vulkan] Loaded instance function vkCreateBufferView
[vulkan] Loaded instance function vkDestroyBufferView
[vulkan] Loaded instance function vkCreateImage
[vulkan] Loaded instance function vkDestroyImage
[vulkan] Loaded instance function vkGetImageSubresourceLayout
[vulkan] Loaded instance function vkCreateImageView
[vulkan] Loaded instance function vkDestroyImageView
[vulkan] Loaded instance function vkCreateShaderModule
[vulkan] Loaded instance function vkDestroyShaderModule
[vulkan] Loaded instance function vkCreatePipelineCache
[vulkan] Loaded instance function vkDestroyPipelineCache
[vulkan] Loaded instance function vkGetPipelineCacheData
[vulkan] Loaded instance function vkMergePipelineCaches
[vulkan] Loaded instance function vkCreateGraphicsPipelines
[vulkan] Loaded instance function vkCreateComputePipelines
[vulkan] Loaded instance function vkDestroyPipeline
[vulkan] Loaded instance function vkCreatePipelineLayout
[vulkan] Loaded instance function vkDestroyPipelineLayout
[vulkan] Loaded instance function vkCreateSampler
[vulkan] Loaded instance function vkDestroySampler
[vulkan] Loaded instance function vkCreateDescriptorSetLayout
[vulkan] Loaded instance function vkDestroyDescriptorSetLayout
[vulkan] Loaded instance function vkCreateDescriptorPool
[vulkan] Loaded instance function vkDestroyDescriptorPool
[vulkan] Loaded instance function vkResetDescriptorPool
[vulkan] Loaded instance function vkAllocateDescriptorSets
[vulkan] Loaded instance function vkFreeDescriptorSets
[vulkan] Loaded instance function vkUpdateDescriptorSets
[vulkan] Loaded instance function vkCreateFramebuffer
[vulkan] Loaded instance function vkDestroyFramebuffer
[vulkan] Loaded instance function vkCreateRenderPass
[vulkan] Loaded instance function vkDestroyRenderPass
[vulkan] Loaded instance function vkGetRenderAreaGranularity
[vulkan] Loaded instance function vkCreateCommandPool
[vulkan] Loaded instance function vkDestroyCommandPool
[vulkan] Loaded instance function vkResetCommandPool
[vulkan] Loaded instance function vkAllocateCommandBuffers
[vulkan] Loaded instance function vkFreeCommandBuffers
[vulkan] Loaded instance function vkBeginCommandBuffer
[vulkan] Loaded instance function vkEndCommandBuffer
[vulkan] Loaded instance function vkResetCommandBuffer
[vulkan] Loaded instance function vkCmdBindPipeline
[vulkan] Loaded instance function vkCmdSetViewport
[vulkan] Loaded instance function vkCmdSetScissor
[vulkan] Loaded instance function vkCmdSetLineWidth
[vulkan] Loaded instance function vkCmdSetDepthBias
[vulkan] Loaded instance function vkCmdSetBlendConstants
[vulkan] Loaded instance function vkCmdSetDepthBounds
[vulkan] Loaded instance function vkCmdSetStencilCompareMask
[vulkan] Loaded instance function vkCmdSetStencilWriteMask
[vulkan] Loaded instance function vkCmdSetStencilReference
[vulkan] Loaded instance function vkCmdBindDescriptorSets
[vulkan] Loaded instance function vkCmdBindIndexBuffer
[vulkan] Loaded instance function vkCmdBindVertexBuffers
[vulkan] Loaded instance function vkCmdDraw
[vulkan] Loaded instance function vkCmdDrawIndexed
[vulkan] Loaded instance function vkCmdDrawIndirect
[vulkan] Loaded instance function vkCmdDrawIndexedIndirect
[vulkan] Loaded instance function vkCmdDispatch
[vulkan] Loaded instance function vkCmdDispatchIndirect
[vulkan] Loaded instance function vkCmdCopyBuffer
[vulkan] Loaded instance function vkCmdCopyImage
[vulkan] Loaded instance function vkCmdBlitImage
[vulkan] Loaded instance function vkCmdCopyBufferToImage
[vulkan] Loaded instance function vkCmdCopyImageToBuffer
[vulkan] Loaded instance function vkCmdUpdateBuffer
[vulkan] Loaded instance function vkCmdFillBuffer
[vulkan] Loaded instance function vkCmdClearColorImage
[vulkan] Loaded instance function vkCmdClearDepthStencilImage
[vulkan] Loaded instance function vkCmdClearAttachments
[vulkan] Loaded instance function vkCmdResolveImage
[vulkan] Loaded instance function vkCmdSetEvent
[vulkan] Loaded instance function vkCmdResetEvent
[vulkan] Loaded instance function vkCmdWaitEvents
[vulkan] Loaded instance function vkCmdPipelineBarrier
[vulkan] Loaded instance function vkCmdBeginQuery
[vulkan] Loaded instance function vkCmdEndQuery
[vulkan] Loaded instance function vkCmdResetQueryPool
[vulkan] Loaded instance function vkCmdWriteTimestamp
[vulkan] Loaded instance function vkCmdCopyQueryPoolResults
[vulkan] Loaded instance function vkCmdPushConstants
[vulkan] Loaded instance function vkCmdBeginRenderPass
[vulkan] Loaded instance function vkCmdNextSubpass
[vulkan] Loaded instance function vkCmdEndRenderPass
[vulkan] Loaded instance function vkCmdExecuteCommands
[vulkan] Loaded instance function vkGetImageMemoryRequirements2KHR
[vulkan] Loaded instance function vkGetBufferMemoryRequirements2KHR
[vulkan] Loaded instance function vkGetImageSparseMemoryRequirements2KHR
[vulkan] Loaded instance function vkCreateDescriptorUpdateTemplateKHR
[vulkan] Loaded instance function vkDestroyDescriptorUpdateTemplateKHR
[vulkan] Loaded instance function vkUpdateDescriptorSetWithTemplateKHR
[vulkan] Loaded instance function vkCmdBeginRenderPass2KHR
[vulkan] Loaded instance function vkCmdEndRenderPass2KHR
[vulkan] Loaded instance function vkCmdNextSubpass2KHR
[vulkan] Loaded instance function vkCreateRenderPass2KHR
[vulkan] Loaded instance function vkCmdSetVertexInputEXT
[vulkan] Loaded instance function vkCmdSetFragmentShadingRateKHR
[vulkan] Loaded instance function vkDebugMarkerSetObjectTagEXT
[vulkan] Loaded instance function vkDebugMarkerSetObjectNameEXT
[vulkan] Loaded instance function vkCmdDebugMarkerBeginEXT
[vulkan] Loaded instance function vkCmdDebugMarkerEndEXT
[vulkan] Loaded instance function vkCmdDebugMarkerInsertEXT
Vulkan API version 1.1.0 (1.3.280 supported by driver, 1.1.0 requested)
Vulkan vendor=[NVIDIA] id=[10de]
Vulkan renderer=[NVIDIA GeForce RTX 3070] id=[2488]
Vulkan device type 2
Vulkan driverversion=[560.376.0 (0x8c178000)] uint=[-1944616960]
Vulkan driverLibraryString=[NVIDIA (4), 560.94]
Vulkan PSO: Cache data successfully loaded [size=857816,path=C:/Users/Administrator/AppData/Local/Temp/DefaultCompany/Unity6/vulkan_pso_cache.bin]
Initialize mono
Mono path[0] = 'D:/DevelopTools/Unity/Unity_2121/6000.0.30f1/Editor/Data/Managed'
Mono path[1] = 'D:/DevelopTools/Unity/Unity_2121/6000.0.30f1/Editor/Data/MonoBleedingEdge/lib/mono/unityjit-win32'
Mono config path = 'D:/DevelopTools/Unity/Unity_2121/6000.0.30f1/Editor/Data/MonoBleedingEdge/etc'
Using monoOptions --debugger-agent=transport=dt_socket,embedding=1,server=y,suspend=n,address=127.0.0.1:56592
Begin MonoManager ReloadAssembly
Registering precompiled unity dll's ...
Register platform support module: D:/DevelopTools/Unity/Unity_2121/6000.0.30f1/Editor/Data/PlaybackEngines/WebGLSupport/UnityEditor.WebGL.Extensions.dll
Register platform support module: D:/DevelopTools/Unity/Unity_2121/6000.0.30f1/Editor/Data/PlaybackEngines/WindowsStandaloneSupport/UnityEditor.WindowsStandalone.Extensions.dll
Register platform support module: D:/DevelopTools/Unity/Unity_2121/6000.0.30f1/Editor/Data/PlaybackEngines/AndroidPlayer/UnityEditor.Android.Extensions.dll
Register platform support module: D:/DevelopTools/Unity/Unity_2121/6000.0.30f1/Editor/Data/PlaybackEngines/iOSSupport/UnityEditor.iOS.Extensions.dll
Registered in 0.002544 seconds.
- Loaded All Assemblies, in  0.420 seconds
[usbmuxd] Start listen thread
[usbmuxd] Listen thread started
Native extension for iOS target not found
Native extension for Android target not found
Multiple ADB server instances found, the following ADB server instance have been terminated due to being run from another SDK. Process paths: 
D:\DevelopTools\Unity\Unity_2121\2022.3.23f1\Editor\Data\PlaybackEngines\AndroidPlayer\SDK\platform-tools\adb.exe
UnityEngine.Debug:ExtractStackTraceNoAlloc (byte*,int,string)
UnityEngine.StackTraceUtility:ExtractStackTrace ()
UnityEngine.DebugLogHandler:Internal_Log (UnityEngine.LogType,UnityEngine.LogOption,string,UnityEngine.Object)
UnityEngine.DebugLogHandler:LogFormat (UnityEngine.LogType,UnityEngine.Object,string,object[])
UnityEngine.Logger:Log (UnityEngine.LogType,object)
UnityEngine.Debug:Log (object)
UnityEditor.Android.AndroidDeploymentTargetsExtension:GetKnownTargets (UnityEditor.DeploymentTargets.IDeploymentTargetsMainThreadContext,UnityEditor.ProgressHandler)
UnityEditor.Android.TargetScanWorker:ScanSync ()
UnityEditor.Android.TargetExtension:OnUsbDevicesChanged (UnityEditor.Hardware.UsbDevice[])
UnityEditor.Android.TargetExtension:OnLoad ()
UnityEditor.Modules.ModuleManager:InitializePlatformSupportModules ()

Android Extension - Scanning For ADB Devices 3409 ms
Native extension for WindowsStandalone target not found
Native extension for WebGL target not found
Mono: successfully reloaded assembly
- Finished resetting the current domain, in  3.686 seconds
Domain Reload Profiling: 4107ms
	BeginReloadAssembly (172ms)
		ExecutionOrderSort (0ms)
		DisableScriptedObjects (0ms)
		BackupInstance (0ms)
		ReleaseScriptingObjects (0ms)
		CreateAndSetChildDomain (1ms)
	RebuildCommonClasses (38ms)
	RebuildNativeTypeToScriptingClass (9ms)
	initialDomainReloadingComplete (39ms)
	LoadAllAssembliesAndSetupDomain (162ms)
		LoadAssemblies (172ms)
		RebuildTransferFunctionScriptingTraits (0ms)
		AnalyzeDomain (159ms)
			TypeCache.Refresh (158ms)
				TypeCache.ScanAssembly (142ms)
			BuildScriptInfoCaches (0ms)
			ResolveRequiredComponents (0ms)
	FinalizeReload (3687ms)
		ReleaseScriptCaches (0ms)
		RebuildScriptCaches (0ms)
		SetupLoadedEditorAssemblies (3653ms)
			LogAssemblyErrors (0ms)
			InitializePlatformSupportModulesInManaged (3483ms)
			SetLoadedEditorAssemblies (3ms)
			BeforeProcessingInitializeOnLoad (38ms)
			ProcessInitializeOnLoadAttributes (86ms)
			ProcessInitializeOnLoadMethodAttributes (43ms)
			AfterProcessingInitializeOnLoad (0ms)
			EditorAssembliesLoaded (0ms)
		ExecutionOrderSort2 (0ms)
		AwakeInstancesAfterBackupRestoration (0ms)
========================================================================
Worker process is ready to serve import requests
Import Worker Mode flag is 0x00
Begin MonoManager ReloadAssembly
Symbol file data-000001801EE975C0 doesn't match image G:\Unity6\ClientFrame\Assets\ThirdParty\Sirenix\Assemblies\Sirenix.OdinInspector.Editor.dll
Symbol file LoadedFromMemory is not a mono symbol file
- Loaded All Assemblies, in  0.882 seconds
Refreshing native plugins compatible for Editor in 0.55 ms, found 4 plugins.
Native extension for iOS target not found
Native extension for Android target not found
Native extension for WindowsStandalone target not found
Native extension for WebGL target not found
Launched and connected shader compiler UnityShaderCompiler.exe after 0.01 seconds
Mono: successfully reloaded assembly
- Finished resetting the current domain, in  1.345 seconds
Domain Reload Profiling: 2226ms
	BeginReloadAssembly (125ms)
		ExecutionOrderSort (0ms)
		DisableScriptedObjects (4ms)
		BackupInstance (0ms)
		ReleaseScriptingObjects (0ms)
		CreateAndSetChildDomain (25ms)
	RebuildCommonClasses (25ms)
	RebuildNativeTypeToScriptingClass (8ms)
	initialDomainReloadingComplete (29ms)
	LoadAllAssembliesAndSetupDomain (693ms)
		LoadAssemblies (474ms)
		RebuildTransferFunctionScriptingTraits (0ms)
		AnalyzeDomain (292ms)
			TypeCache.Refresh (205ms)
				TypeCache.ScanAssembly (187ms)
			BuildScriptInfoCaches (68ms)
			ResolveRequiredComponents (15ms)
	FinalizeReload (1345ms)
		ReleaseScriptCaches (0ms)
		RebuildScriptCaches (0ms)
		SetupLoadedEditorAssemblies (1230ms)
			LogAssemblyErrors (0ms)
			InitializePlatformSupportModulesInManaged (12ms)
			SetLoadedEditorAssemblies (6ms)
			BeforeProcessingInitializeOnLoad (145ms)
			ProcessInitializeOnLoadAttributes (635ms)
			ProcessInitializeOnLoadMethodAttributes (431ms)
			AfterProcessingInitializeOnLoad (1ms)
			EditorAssembliesLoaded (0ms)
		ExecutionOrderSort2 (0ms)
		AwakeInstancesAfterBackupRestoration (5ms)
Refreshing native plugins compatible for Editor in 0.60 ms, found 4 plugins.
Preloading 0 native plugins for Editor in 0.00 ms.
Unloading 266 Unused Serialized files (Serialized files now loaded: 0)
Unloading 7267 unused Assets / (6.8 MB). Loaded Objects now: 8033.
Memory consumption went from 224.7 MB to 217.9 MB.
Total: 17.749500 ms (FindLiveObjects: 0.539900 ms CreateObjectMapping: 0.506700 ms MarkObjects: 14.325500 ms  DeleteObjects: 2.375800 ms)

========================================================================
Received Prepare
Refreshing native plugins compatible for Editor in 0.66 ms, found 4 plugins.
Preloading 0 native plugins for Editor in 0.00 ms.
Unloading 25 Unused Serialized files (Serialized files now loaded: 0)
Unloading 7255 unused Assets / (6.6 MB). Loaded Objects now: 8034.
Memory consumption went from 180.3 MB to 173.7 MB.
Total: 16.634300 ms (FindLiveObjects: 0.546900 ms CreateObjectMapping: 0.482800 ms MarkObjects: 13.244300 ms  DeleteObjects: 2.359200 ms)

Prepare: number of updated asset objects reloaded= 0
========================================================================
Received Prepare
Refreshing native plugins compatible for Editor in 0.76 ms, found 4 plugins.
Preloading 0 native plugins for Editor in 0.00 ms.
Unloading 25 Unused Serialized files (Serialized files now loaded: 0)
Unloading 7258 unused Assets / (6.6 MB). Loaded Objects now: 8037.
Memory consumption went from 180.5 MB to 173.9 MB.
Total: 16.996000 ms (FindLiveObjects: 0.517300 ms CreateObjectMapping: 0.475200 ms MarkObjects: 13.671900 ms  DeleteObjects: 2.330500 ms)

Prepare: number of updated asset objects reloaded= 0
========================================================================
Received Prepare
Refreshing native plugins compatible for Editor in 0.66 ms, found 4 plugins.
Preloading 0 native plugins for Editor in 0.00 ms.
Unloading 25 Unused Serialized files (Serialized files now loaded: 0)
Unloading 7258 unused Assets / (6.7 MB). Loaded Objects now: 8037.
Memory consumption went from 180.7 MB to 174.0 MB.
Total: 20.014200 ms (FindLiveObjects: 0.615400 ms CreateObjectMapping: 0.590800 ms MarkObjects: 16.337500 ms  DeleteObjects: 2.469100 ms)

Prepare: number of updated asset objects reloaded= 0
========================================================================
Received Import Request.
  Time since last request: 677367.175496 seconds.
  path: Assets/Game/Scripts/Frame/Player/Exdata.cs
  artifactKey: Guid(bb232c75d0d1e554eb006318624b9387) Importer(815301076,1909f56bfc062723c751e8b465ee728b)
Start importing Assets/Game/Scripts/Frame/Player/Exdata.cs using Guid(bb232c75d0d1e554eb006318624b9387) Importer(815301076,1909f56bfc062723c751e8b465ee728b) (PreviewImporter) -> (artifact id: 'b109c15ab297982e00a0cae58117ab0d') in 0.0025738 seconds
Number of updated asset objects reloaded before import = 0Number of asset objects unloaded after import = 0

========================================================================
Received Prepare
Refreshing native plugins compatible for Editor in 0.69 ms, found 4 plugins.
Preloading 0 native plugins for Editor in 0.00 ms.
Unloading 25 Unused Serialized files (Serialized files now loaded: 0)
Unloading 7259 unused Assets / (6.5 MB). Loaded Objects now: 8040.
Memory consumption went from 181.4 MB to 174.9 MB.
Total: 16.228900 ms (FindLiveObjects: 0.553400 ms CreateObjectMapping: 0.500700 ms MarkObjects: 13.068900 ms  DeleteObjects: 2.105200 ms)

Prepare: number of updated asset objects reloaded= 0
========================================================================
Received Import Request.
  Time since last request: 18.879298 seconds.
  path: Assets/Game/Scripts/Frame/Player/Exdata.cs
  artifactKey: Guid(bb232c75d0d1e554eb006318624b9387) Importer(815301076,1909f56bfc062723c751e8b465ee728b)
Start importing Assets/Game/Scripts/Frame/Player/Exdata.cs using Guid(bb232c75d0d1e554eb006318624b9387) Importer(815301076,1909f56bfc062723c751e8b465ee728b) (PreviewImporter) -> (artifact id: 'b109c15ab297982e00a0cae58117ab0d') in 0.0008271 seconds
Number of updated asset objects reloaded before import = 0Number of asset objects unloaded after import = 0

========================================================================
Received Import Request.
  Time since last request: 56.667441 seconds.
  path: Assets/Game/Scripts/Frame/Player/Flag.cs
  artifactKey: Guid(66aa70bbb06f61643afc10ead237e552) Importer(815301076,1909f56bfc062723c751e8b465ee728b)
Start importing Assets/Game/Scripts/Frame/Player/Flag.cs using Guid(66aa70bbb06f61643afc10ead237e552) Importer(815301076,1909f56bfc062723c751e8b465ee728b) (PreviewImporter) -> (artifact id: 'ae9c29682583d4bc32d6cc6df43d04a7') in 0.0005649 seconds
Number of updated asset objects reloaded before import = 0Number of asset objects unloaded after import = 0

========================================================================
Received Import Request.
  Time since last request: 0.867616 seconds.
  path: Assets/Game/Scripts/Frame/Player/Player.cs
  artifactKey: Guid(4657a819fc8eadf459113d07b3e42875) Importer(815301076,1909f56bfc062723c751e8b465ee728b)
Start importing Assets/Game/Scripts/Frame/Player/Player.cs using Guid(4657a819fc8eadf459113d07b3e42875) Importer(815301076,1909f56bfc062723c751e8b465ee728b) (PreviewImporter) -> (artifact id: '00000000000000000000000000000000') in 0.0005552 seconds
Import Error Code:(4)
Message: Build asset version error: assets/game/scripts/frame/player/player.cs in SourceAssetDB has modification time of '2024-12-13T08:37:42.3586521Z' while content on disk has modification time of '2025-02-26T03:15:16.5173926Z'
  ERROR: Build asset version error: assets/game/scripts/frame/player/player.cs in SourceAssetDB has modification time of '2024-12-13T08:37:42.3586521Z' while content on disk has modification time of '2025-02-26T03:15:16.5173926Z'
Number of updated asset objects reloaded before import = 0Number of asset objects unloaded after import = 0

========================================================================
Received Import Request.
  Time since last request: 0.037599 seconds.
  path: Assets/Game/Scripts/Frame/Player/Player.cs
  artifactKey: Guid(4657a819fc8eadf459113d07b3e42875) Importer(815301076,1909f56bfc062723c751e8b465ee728b)
Start importing Assets/Game/Scripts/Frame/Player/Player.cs using Guid(4657a819fc8eadf459113d07b3e42875) Importer(815301076,1909f56bfc062723c751e8b465ee728b) (PreviewImporter) -> (artifact id: '00000000000000000000000000000000') in 0.000535 seconds
Import Error Code:(4)
Message: Build asset version error: assets/game/scripts/frame/player/player.cs in SourceAssetDB has modification time of '2024-12-13T08:37:42.3586521Z' while content on disk has modification time of '2025-02-26T03:15:16.5173926Z'
  ERROR: Build asset version error: assets/game/scripts/frame/player/player.cs in SourceAssetDB has modification time of '2024-12-13T08:37:42.3586521Z' while content on disk has modification time of '2025-02-26T03:15:16.5173926Z'
Number of updated asset objects reloaded before import = 0Number of asset objects unloaded after import = 0

========================================================================
Received Import Request.
  Time since last request: 0.004287 seconds.
  path: Assets/Game/Scripts/Frame/Player/Player.cs
  artifactKey: Guid(4657a819fc8eadf459113d07b3e42875) Importer(815301076,1909f56bfc062723c751e8b465ee728b)
Start importing Assets/Game/Scripts/Frame/Player/Player.cs using Guid(4657a819fc8eadf459113d07b3e42875) Importer(815301076,1909f56bfc062723c751e8b465ee728b) (PreviewImporter) -> (artifact id: '00000000000000000000000000000000') in 0.0009036 seconds
Import Error Code:(4)
Message: Build asset version error: assets/game/scripts/frame/player/player.cs in SourceAssetDB has modification time of '2024-12-13T08:37:42.3586521Z' while content on disk has modification time of '2025-02-26T03:15:16.5173926Z'
  ERROR: Build asset version error: assets/game/scripts/frame/player/player.cs in SourceAssetDB has modification time of '2024-12-13T08:37:42.3586521Z' while content on disk has modification time of '2025-02-26T03:15:16.5173926Z'
Number of updated asset objects reloaded before import = 0Number of asset objects unloaded after import = 0

========================================================================
Received Import Request.
  Time since last request: 0.000022 seconds.
  path: Assets/Game/Scripts/Frame/Player/Player.cs
  artifactKey: Guid(4657a819fc8eadf459113d07b3e42875) Importer(815301076,1909f56bfc062723c751e8b465ee728b)
Start importing Assets/Game/Scripts/Frame/Player/Player.cs using Guid(4657a819fc8eadf459113d07b3e42875) Importer(815301076,1909f56bfc062723c751e8b465ee728b) (PreviewImporter) -> (artifact id: '00000000000000000000000000000000') in 0.0005683 seconds
Import Error Code:(4)
Message: Build asset version error: assets/game/scripts/frame/player/player.cs in SourceAssetDB has modification time of '2024-12-13T08:37:42.3586521Z' while content on disk has modification time of '2025-02-26T03:15:16.5173926Z'
  ERROR: Build asset version error: assets/game/scripts/frame/player/player.cs in SourceAssetDB has modification time of '2024-12-13T08:37:42.3586521Z' while content on disk has modification time of '2025-02-26T03:15:16.5173926Z'
Number of updated asset objects reloaded before import = 0Number of asset objects unloaded after import = 0

========================================================================
Received Import Request.
  Time since last request: 0.000132 seconds.
  path: Assets/Game/Scripts/Frame/Player/Player.cs
  artifactKey: Guid(4657a819fc8eadf459113d07b3e42875) Importer(815301076,1909f56bfc062723c751e8b465ee728b)
Start importing Assets/Game/Scripts/Frame/Player/Player.cs using Guid(4657a819fc8eadf459113d07b3e42875) Importer(815301076,1909f56bfc062723c751e8b465ee728b) (PreviewImporter) -> (artifact id: '00000000000000000000000000000000') in 0.0005918 seconds
Import Error Code:(4)
Message: Build asset version error: assets/game/scripts/frame/player/player.cs in SourceAssetDB has modification time of '2024-12-13T08:37:42.3586521Z' while content on disk has modification time of '2025-02-26T03:15:16.5173926Z'
  ERROR: Build asset version error: assets/game/scripts/frame/player/player.cs in SourceAssetDB has modification time of '2024-12-13T08:37:42.3586521Z' while content on disk has modification time of '2025-02-26T03:15:16.5173926Z'
Number of updated asset objects reloaded before import = 0Number of asset objects unloaded after import = 0

========================================================================
Received Import Request.
  Time since last request: 0.003703 seconds.
  path: Assets/Game/Scripts/Frame/Player/Player.cs
  artifactKey: Guid(4657a819fc8eadf459113d07b3e42875) Importer(815301076,1909f56bfc062723c751e8b465ee728b)
Start importing Assets/Game/Scripts/Frame/Player/Player.cs using Guid(4657a819fc8eadf459113d07b3e42875) Importer(815301076,1909f56bfc062723c751e8b465ee728b) (PreviewImporter) -> (artifact id: '00000000000000000000000000000000') in 0.0005305 seconds
Import Error Code:(4)
Message: Build asset version error: assets/game/scripts/frame/player/player.cs in SourceAssetDB has modification time of '2024-12-13T08:37:42.3586521Z' while content on disk has modification time of '2025-02-26T03:15:16.5173926Z'
  ERROR: Build asset version error: assets/game/scripts/frame/player/player.cs in SourceAssetDB has modification time of '2024-12-13T08:37:42.3586521Z' while content on disk has modification time of '2025-02-26T03:15:16.5173926Z'
Number of updated asset objects reloaded before import = 0Number of asset objects unloaded after import = 0

========================================================================
Received Import Request.
  Time since last request: 0.002217 seconds.
  path: Assets/Game/Scripts/Frame/Player/Player.cs
  artifactKey: Guid(4657a819fc8eadf459113d07b3e42875) Importer(815301076,1909f56bfc062723c751e8b465ee728b)
Start importing Assets/Game/Scripts/Frame/Player/Player.cs using Guid(4657a819fc8eadf459113d07b3e42875) Importer(815301076,1909f56bfc062723c751e8b465ee728b) (PreviewImporter) -> (artifact id: '00000000000000000000000000000000') in 0.0004751 seconds
Import Error Code:(4)
Message: Build asset version error: assets/game/scripts/frame/player/player.cs in SourceAssetDB has modification time of '2024-12-13T08:37:42.3586521Z' while content on disk has modification time of '2025-02-26T03:15:16.5173926Z'
  ERROR: Build asset version error: assets/game/scripts/frame/player/player.cs in SourceAssetDB has modification time of '2024-12-13T08:37:42.3586521Z' while content on disk has modification time of '2025-02-26T03:15:16.5173926Z'
Number of updated asset objects reloaded before import = 0Number of asset objects unloaded after import = 0

========================================================================
Received Import Request.
  Time since last request: 0.001982 seconds.
  path: Assets/Game/Scripts/Frame/Player/Player.cs
  artifactKey: Guid(4657a819fc8eadf459113d07b3e42875) Importer(815301076,1909f56bfc062723c751e8b465ee728b)
Start importing Assets/Game/Scripts/Frame/Player/Player.cs using Guid(4657a819fc8eadf459113d07b3e42875) Importer(815301076,1909f56bfc062723c751e8b465ee728b) (PreviewImporter) -> (artifact id: '00000000000000000000000000000000') in 0.0006275 seconds
Import Error Code:(4)
Message: Build asset version error: assets/game/scripts/frame/player/player.cs in SourceAssetDB has modification time of '2024-12-13T08:37:42.3586521Z' while content on disk has modification time of '2025-02-26T03:15:16.5173926Z'
  ERROR: Build asset version error: assets/game/scripts/frame/player/player.cs in SourceAssetDB has modification time of '2024-12-13T08:37:42.3586521Z' while content on disk has modification time of '2025-02-26T03:15:16.5173926Z'
Number of updated asset objects reloaded before import = 0Number of asset objects unloaded after import = 0

========================================================================
Received Import Request.
  Time since last request: 0.001356 seconds.
  path: Assets/Game/Scripts/Frame/Player/Player.cs
  artifactKey: Guid(4657a819fc8eadf459113d07b3e42875) Importer(815301076,1909f56bfc062723c751e8b465ee728b)
Start importing Assets/Game/Scripts/Frame/Player/Player.cs using Guid(4657a819fc8eadf459113d07b3e42875) Importer(815301076,1909f56bfc062723c751e8b465ee728b) (PreviewImporter) -> (artifact id: '00000000000000000000000000000000') in 0.0005322 seconds
Import Error Code:(4)
Message: Build asset version error: assets/game/scripts/frame/player/player.cs in SourceAssetDB has modification time of '2024-12-13T08:37:42.3586521Z' while content on disk has modification time of '2025-02-26T03:15:16.5173926Z'
  ERROR: Build asset version error: assets/game/scripts/frame/player/player.cs in SourceAssetDB has modification time of '2024-12-13T08:37:42.3586521Z' while content on disk has modification time of '2025-02-26T03:15:16.5173926Z'
Number of updated asset objects reloaded before import = 0Number of asset objects unloaded after import = 0

========================================================================
Received Import Request.
  Time since last request: 0.001965 seconds.
  path: Assets/Game/Scripts/Frame/Player/Player.cs
  artifactKey: Guid(4657a819fc8eadf459113d07b3e42875) Importer(815301076,1909f56bfc062723c751e8b465ee728b)
Start importing Assets/Game/Scripts/Frame/Player/Player.cs using Guid(4657a819fc8eadf459113d07b3e42875) Importer(815301076,1909f56bfc062723c751e8b465ee728b) (PreviewImporter) -> (artifact id: '00000000000000000000000000000000') in 0.0005959 seconds
Import Error Code:(4)
Message: Build asset version error: assets/game/scripts/frame/player/player.cs in SourceAssetDB has modification time of '2024-12-13T08:37:42.3586521Z' while content on disk has modification time of '2025-02-26T03:15:16.5173926Z'
  ERROR: Build asset version error: assets/game/scripts/frame/player/player.cs in SourceAssetDB has modification time of '2024-12-13T08:37:42.3586521Z' while content on disk has modification time of '2025-02-26T03:15:16.5173926Z'
Number of updated asset objects reloaded before import = 0Number of asset objects unloaded after import = 0

========================================================================
Received Import Request.
  Time since last request: 0.002555 seconds.
  path: Assets/Game/Scripts/Frame/Player/Player.cs
  artifactKey: Guid(4657a819fc8eadf459113d07b3e42875) Importer(815301076,1909f56bfc062723c751e8b465ee728b)
Start importing Assets/Game/Scripts/Frame/Player/Player.cs using Guid(4657a819fc8eadf459113d07b3e42875) Importer(815301076,1909f56bfc062723c751e8b465ee728b) (PreviewImporter) -> (artifact id: '00000000000000000000000000000000') in 0.0006067 seconds
Import Error Code:(4)
Message: Build asset version error: assets/game/scripts/frame/player/player.cs in SourceAssetDB has modification time of '2024-12-13T08:37:42.3586521Z' while content on disk has modification time of '2025-02-26T03:15:16.5173926Z'
  ERROR: Build asset version error: assets/game/scripts/frame/player/player.cs in SourceAssetDB has modification time of '2024-12-13T08:37:42.3586521Z' while content on disk has modification time of '2025-02-26T03:15:16.5173926Z'
Number of updated asset objects reloaded before import = 0Number of asset objects unloaded after import = 0

========================================================================
Received Import Request.
  Time since last request: 0.000427 seconds.
  path: Assets/Game/Scripts/Frame/Player/Player.cs
  artifactKey: Guid(4657a819fc8eadf459113d07b3e42875) Importer(815301076,1909f56bfc062723c751e8b465ee728b)
Start importing Assets/Game/Scripts/Frame/Player/Player.cs using Guid(4657a819fc8eadf459113d07b3e42875) Importer(815301076,1909f56bfc062723c751e8b465ee728b) (PreviewImporter) -> (artifact id: '00000000000000000000000000000000') in 0.000453 seconds
Import Error Code:(4)
Message: Build asset version error: assets/game/scripts/frame/player/player.cs in SourceAssetDB has modification time of '2024-12-13T08:37:42.3586521Z' while content on disk has modification time of '2025-02-26T03:15:16.5173926Z'
  ERROR: Build asset version error: assets/game/scripts/frame/player/player.cs in SourceAssetDB has modification time of '2024-12-13T08:37:42.3586521Z' while content on disk has modification time of '2025-02-26T03:15:16.5173926Z'
Number of updated asset objects reloaded before import = 0Number of asset objects unloaded after import = 0

========================================================================
Received Import Request.
  Time since last request: 0.002818 seconds.
  path: Assets/Game/Scripts/Frame/Player/Player.cs
  artifactKey: Guid(4657a819fc8eadf459113d07b3e42875) Importer(815301076,1909f56bfc062723c751e8b465ee728b)
Start importing Assets/Game/Scripts/Frame/Player/Player.cs using Guid(4657a819fc8eadf459113d07b3e42875) Importer(815301076,1909f56bfc062723c751e8b465ee728b) (PreviewImporter) -> (artifact id: '00000000000000000000000000000000') in 0.0004586 seconds
Import Error Code:(4)
Message: Build asset version error: assets/game/scripts/frame/player/player.cs in SourceAssetDB has modification time of '2024-12-13T08:37:42.3586521Z' while content on disk has modification time of '2025-02-26T03:15:16.5173926Z'
  ERROR: Build asset version error: assets/game/scripts/frame/player/player.cs in SourceAssetDB has modification time of '2024-12-13T08:37:42.3586521Z' while content on disk has modification time of '2025-02-26T03:15:16.5173926Z'
Number of updated asset objects reloaded before import = 0Number of asset objects unloaded after import = 0

========================================================================
Received Import Request.
  Time since last request: 0.002383 seconds.
  path: Assets/Game/Scripts/Frame/Player/Player.cs
  artifactKey: Guid(4657a819fc8eadf459113d07b3e42875) Importer(815301076,1909f56bfc062723c751e8b465ee728b)
Start importing Assets/Game/Scripts/Frame/Player/Player.cs using Guid(4657a819fc8eadf459113d07b3e42875) Importer(815301076,1909f56bfc062723c751e8b465ee728b) (PreviewImporter) -> (artifact id: '00000000000000000000000000000000') in 0.0005102 seconds
Import Error Code:(4)
Message: Build asset version error: assets/game/scripts/frame/player/player.cs in SourceAssetDB has modification time of '2024-12-13T08:37:42.3586521Z' while content on disk has modification time of '2025-02-26T03:15:16.5173926Z'
  ERROR: Build asset version error: assets/game/scripts/frame/player/player.cs in SourceAssetDB has modification time of '2024-12-13T08:37:42.3586521Z' while content on disk has modification time of '2025-02-26T03:15:16.5173926Z'
Number of updated asset objects reloaded before import = 0Number of asset objects unloaded after import = 0

========================================================================
Received Import Request.
  Time since last request: 0.002955 seconds.
  path: Assets/Game/Scripts/Frame/Player/Player.cs
  artifactKey: Guid(4657a819fc8eadf459113d07b3e42875) Importer(815301076,1909f56bfc062723c751e8b465ee728b)
Start importing Assets/Game/Scripts/Frame/Player/Player.cs using Guid(4657a819fc8eadf459113d07b3e42875) Importer(815301076,1909f56bfc062723c751e8b465ee728b) (PreviewImporter) -> (artifact id: '00000000000000000000000000000000') in 0.0004651 seconds
Import Error Code:(4)
Message: Build asset version error: assets/game/scripts/frame/player/player.cs in SourceAssetDB has modification time of '2024-12-13T08:37:42.3586521Z' while content on disk has modification time of '2025-02-26T03:15:16.5173926Z'
  ERROR: Build asset version error: assets/game/scripts/frame/player/player.cs in SourceAssetDB has modification time of '2024-12-13T08:37:42.3586521Z' while content on disk has modification time of '2025-02-26T03:15:16.5173926Z'
Number of updated asset objects reloaded before import = 0Number of asset objects unloaded after import = 0

========================================================================
Received Import Request.
  Time since last request: 0.002051 seconds.
  path: Assets/Game/Scripts/Frame/Player/Player.cs
  artifactKey: Guid(4657a819fc8eadf459113d07b3e42875) Importer(815301076,1909f56bfc062723c751e8b465ee728b)
Start importing Assets/Game/Scripts/Frame/Player/Player.cs using Guid(4657a819fc8eadf459113d07b3e42875) Importer(815301076,1909f56bfc062723c751e8b465ee728b) (PreviewImporter) -> (artifact id: '00000000000000000000000000000000') in 0.0004071 seconds
Import Error Code:(4)
Message: Build asset version error: assets/game/scripts/frame/player/player.cs in SourceAssetDB has modification time of '2024-12-13T08:37:42.3586521Z' while content on disk has modification time of '2025-02-26T03:15:16.5173926Z'
  ERROR: Build asset version error: assets/game/scripts/frame/player/player.cs in SourceAssetDB has modification time of '2024-12-13T08:37:42.3586521Z' while content on disk has modification time of '2025-02-26T03:15:16.5173926Z'
Number of updated asset objects reloaded before import = 0Number of asset objects unloaded after import = 0

========================================================================
Received Import Request.
  Time since last request: 0.002653 seconds.
  path: Assets/Game/Scripts/Frame/Player/Player.cs
  artifactKey: Guid(4657a819fc8eadf459113d07b3e42875) Importer(815301076,1909f56bfc062723c751e8b465ee728b)
Start importing Assets/Game/Scripts/Frame/Player/Player.cs using Guid(4657a819fc8eadf459113d07b3e42875) Importer(815301076,1909f56bfc062723c751e8b465ee728b) (PreviewImporter) -> (artifact id: '00000000000000000000000000000000') in 0.000412 seconds
Import Error Code:(4)
Message: Build asset version error: assets/game/scripts/frame/player/player.cs in SourceAssetDB has modification time of '2024-12-13T08:37:42.3586521Z' while content on disk has modification time of '2025-02-26T03:15:16.5173926Z'
  ERROR: Build asset version error: assets/game/scripts/frame/player/player.cs in SourceAssetDB has modification time of '2024-12-13T08:37:42.3586521Z' while content on disk has modification time of '2025-02-26T03:15:16.5173926Z'
Number of updated asset objects reloaded before import = 0Number of asset objects unloaded after import = 0

========================================================================
Received Import Request.
  Time since last request: 0.003365 seconds.
  path: Assets/Game/Scripts/Frame/Player/Player.cs
  artifactKey: Guid(4657a819fc8eadf459113d07b3e42875) Importer(815301076,1909f56bfc062723c751e8b465ee728b)
Start importing Assets/Game/Scripts/Frame/Player/Player.cs using Guid(4657a819fc8eadf459113d07b3e42875) Importer(815301076,1909f56bfc062723c751e8b465ee728b) (PreviewImporter) -> (artifact id: '00000000000000000000000000000000') in 0.0005274 seconds
Import Error Code:(4)
Message: Build asset version error: assets/game/scripts/frame/player/player.cs in SourceAssetDB has modification time of '2024-12-13T08:37:42.3586521Z' while content on disk has modification time of '2025-02-26T03:15:16.5173926Z'
  ERROR: Build asset version error: assets/game/scripts/frame/player/player.cs in SourceAssetDB has modification time of '2024-12-13T08:37:42.3586521Z' while content on disk has modification time of '2025-02-26T03:15:16.5173926Z'
Number of updated asset objects reloaded before import = 0Number of asset objects unloaded after import = 0

========================================================================
Received Import Request.
  Time since last request: 0.001097 seconds.
  path: Assets/Game/Scripts/Frame/Player/Player.cs
  artifactKey: Guid(4657a819fc8eadf459113d07b3e42875) Importer(815301076,1909f56bfc062723c751e8b465ee728b)
Start importing Assets/Game/Scripts/Frame/Player/Player.cs using Guid(4657a819fc8eadf459113d07b3e42875) Importer(815301076,1909f56bfc062723c751e8b465ee728b) (PreviewImporter) -> (artifact id: '00000000000000000000000000000000') in 0.0003933 seconds
Import Error Code:(4)
Message: Build asset version error: assets/game/scripts/frame/player/player.cs in SourceAssetDB has modification time of '2024-12-13T08:37:42.3586521Z' while content on disk has modification time of '2025-02-26T03:15:16.5173926Z'
  ERROR: Build asset version error: assets/game/scripts/frame/player/player.cs in SourceAssetDB has modification time of '2024-12-13T08:37:42.3586521Z' while content on disk has modification time of '2025-02-26T03:15:16.5173926Z'
Number of updated asset objects reloaded before import = 0Number of asset objects unloaded after import = 0

========================================================================
Received Import Request.
  Time since last request: 0.000684 seconds.
  path: Assets/Game/Scripts/Frame/Player/Player.cs
  artifactKey: Guid(4657a819fc8eadf459113d07b3e42875) Importer(815301076,1909f56bfc062723c751e8b465ee728b)
Start importing Assets/Game/Scripts/Frame/Player/Player.cs using Guid(4657a819fc8eadf459113d07b3e42875) Importer(815301076,1909f56bfc062723c751e8b465ee728b) (PreviewImporter) -> (artifact id: '00000000000000000000000000000000') in 0.0004269 seconds
Import Error Code:(4)
Message: Build asset version error: assets/game/scripts/frame/player/player.cs in SourceAssetDB has modification time of '2024-12-13T08:37:42.3586521Z' while content on disk has modification time of '2025-02-26T03:15:16.5173926Z'
  ERROR: Build asset version error: assets/game/scripts/frame/player/player.cs in SourceAssetDB has modification time of '2024-12-13T08:37:42.3586521Z' while content on disk has modification time of '2025-02-26T03:15:16.5173926Z'
Number of updated asset objects reloaded before import = 0Number of asset objects unloaded after import = 0

========================================================================
Received Import Request.
  Time since last request: 0.002787 seconds.
  path: Assets/Game/Scripts/Frame/Player/Player.cs
  artifactKey: Guid(4657a819fc8eadf459113d07b3e42875) Importer(815301076,1909f56bfc062723c751e8b465ee728b)
Start importing Assets/Game/Scripts/Frame/Player/Player.cs using Guid(4657a819fc8eadf459113d07b3e42875) Importer(815301076,1909f56bfc062723c751e8b465ee728b) (PreviewImporter) -> (artifact id: '00000000000000000000000000000000') in 0.0004203 seconds
Import Error Code:(4)
Message: Build asset version error: assets/game/scripts/frame/player/player.cs in SourceAssetDB has modification time of '2024-12-13T08:37:42.3586521Z' while content on disk has modification time of '2025-02-26T03:15:16.5173926Z'
  ERROR: Build asset version error: assets/game/scripts/frame/player/player.cs in SourceAssetDB has modification time of '2024-12-13T08:37:42.3586521Z' while content on disk has modification time of '2025-02-26T03:15:16.5173926Z'
Number of updated asset objects reloaded before import = 0Number of asset objects unloaded after import = 0

========================================================================
Received Import Request.
  Time since last request: 0.001961 seconds.
  path: Assets/Game/Scripts/Frame/Player/Player.cs
  artifactKey: Guid(4657a819fc8eadf459113d07b3e42875) Importer(815301076,1909f56bfc062723c751e8b465ee728b)
Start importing Assets/Game/Scripts/Frame/Player/Player.cs using Guid(4657a819fc8eadf459113d07b3e42875) Importer(815301076,1909f56bfc062723c751e8b465ee728b) (PreviewImporter) -> (artifact id: '00000000000000000000000000000000') in 0.0004047 seconds
Import Error Code:(4)
Message: Build asset version error: assets/game/scripts/frame/player/player.cs in SourceAssetDB has modification time of '2024-12-13T08:37:42.3586521Z' while content on disk has modification time of '2025-02-26T03:15:16.5173926Z'
  ERROR: Build asset version error: assets/game/scripts/frame/player/player.cs in SourceAssetDB has modification time of '2024-12-13T08:37:42.3586521Z' while content on disk has modification time of '2025-02-26T03:15:16.5173926Z'
Number of updated asset objects reloaded before import = 0Number of asset objects unloaded after import = 0

========================================================================
Received Import Request.
  Time since last request: 0.001441 seconds.
  path: Assets/Game/Scripts/Frame/Player/Player.cs
  artifactKey: Guid(4657a819fc8eadf459113d07b3e42875) Importer(815301076,1909f56bfc062723c751e8b465ee728b)
Start importing Assets/Game/Scripts/Frame/Player/Player.cs using Guid(4657a819fc8eadf459113d07b3e42875) Importer(815301076,1909f56bfc062723c751e8b465ee728b) (PreviewImporter) -> (artifact id: '00000000000000000000000000000000') in 0.0004801 seconds
Import Error Code:(4)
Message: Build asset version error: assets/game/scripts/frame/player/player.cs in SourceAssetDB has modification time of '2024-12-13T08:37:42.3586521Z' while content on disk has modification time of '2025-02-26T03:15:16.5173926Z'
  ERROR: Build asset version error: assets/game/scripts/frame/player/player.cs in SourceAssetDB has modification time of '2024-12-13T08:37:42.3586521Z' while content on disk has modification time of '2025-02-26T03:15:16.5173926Z'
Number of updated asset objects reloaded before import = 0Number of asset objects unloaded after import = 0

========================================================================
Received Import Request.
  Time since last request: 0.000698 seconds.
  path: Assets/Game/Scripts/Frame/Player/Player.cs
  artifactKey: Guid(4657a819fc8eadf459113d07b3e42875) Importer(815301076,1909f56bfc062723c751e8b465ee728b)
Start importing Assets/Game/Scripts/Frame/Player/Player.cs using Guid(4657a819fc8eadf459113d07b3e42875) Importer(815301076,1909f56bfc062723c751e8b465ee728b) (PreviewImporter) -> (artifact id: '00000000000000000000000000000000') in 0.0004035 seconds
Import Error Code:(4)
Message: Build asset version error: assets/game/scripts/frame/player/player.cs in SourceAssetDB has modification time of '2024-12-13T08:37:42.3586521Z' while content on disk has modification time of '2025-02-26T03:15:16.5173926Z'
  ERROR: Build asset version error: assets/game/scripts/frame/player/player.cs in SourceAssetDB has modification time of '2024-12-13T08:37:42.3586521Z' while content on disk has modification time of '2025-02-26T03:15:16.5173926Z'
Number of updated asset objects reloaded before import = 0Number of asset objects unloaded after import = 0

========================================================================
Received Import Request.
  Time since last request: 0.000781 seconds.
  path: Assets/Game/Scripts/Frame/Player/Player.cs
  artifactKey: Guid(4657a819fc8eadf459113d07b3e42875) Importer(815301076,1909f56bfc062723c751e8b465ee728b)
Start importing Assets/Game/Scripts/Frame/Player/Player.cs using Guid(4657a819fc8eadf459113d07b3e42875) Importer(815301076,1909f56bfc062723c751e8b465ee728b) (PreviewImporter) -> (artifact id: '00000000000000000000000000000000') in 0.0004042 seconds
Import Error Code:(4)
Message: Build asset version error: assets/game/scripts/frame/player/player.cs in SourceAssetDB has modification time of '2024-12-13T08:37:42.3586521Z' while content on disk has modification time of '2025-02-26T03:15:16.5173926Z'
  ERROR: Build asset version error: assets/game/scripts/frame/player/player.cs in SourceAssetDB has modification time of '2024-12-13T08:37:42.3586521Z' while content on disk has modification time of '2025-02-26T03:15:16.5173926Z'
Number of updated asset objects reloaded before import = 0Number of asset objects unloaded after import = 0

========================================================================
Received Import Request.
  Time since last request: 0.000446 seconds.
  path: Assets/Game/Scripts/Frame/Player/Player.cs
  artifactKey: Guid(4657a819fc8eadf459113d07b3e42875) Importer(815301076,1909f56bfc062723c751e8b465ee728b)
Start importing Assets/Game/Scripts/Frame/Player/Player.cs using Guid(4657a819fc8eadf459113d07b3e42875) Importer(815301076,1909f56bfc062723c751e8b465ee728b) (PreviewImporter) -> (artifact id: '00000000000000000000000000000000') in 0.0004676 seconds
Import Error Code:(4)
Message: Build asset version error: assets/game/scripts/frame/player/player.cs in SourceAssetDB has modification time of '2024-12-13T08:37:42.3586521Z' while content on disk has modification time of '2025-02-26T03:15:16.5173926Z'
  ERROR: Build asset version error: assets/game/scripts/frame/player/player.cs in SourceAssetDB has modification time of '2024-12-13T08:37:42.3586521Z' while content on disk has modification time of '2025-02-26T03:15:16.5173926Z'
Number of updated asset objects reloaded before import = 0Number of asset objects unloaded after import = 0

========================================================================
Received Import Request.
  Time since last request: 0.000882 seconds.
  path: Assets/Game/Scripts/Frame/Player/Player.cs
  artifactKey: Guid(4657a819fc8eadf459113d07b3e42875) Importer(815301076,1909f56bfc062723c751e8b465ee728b)
Start importing Assets/Game/Scripts/Frame/Player/Player.cs using Guid(4657a819fc8eadf459113d07b3e42875) Importer(815301076,1909f56bfc062723c751e8b465ee728b) (PreviewImporter) -> (artifact id: '00000000000000000000000000000000') in 0.0004508 seconds
Import Error Code:(4)
Message: Build asset version error: assets/game/scripts/frame/player/player.cs in SourceAssetDB has modification time of '2024-12-13T08:37:42.3586521Z' while content on disk has modification time of '2025-02-26T03:15:16.5173926Z'
  ERROR: Build asset version error: assets/game/scripts/frame/player/player.cs in SourceAssetDB has modification time of '2024-12-13T08:37:42.3586521Z' while content on disk has modification time of '2025-02-26T03:15:16.5173926Z'
Number of updated asset objects reloaded before import = 0Number of asset objects unloaded after import = 0

========================================================================
Received Import Request.
  Time since last request: 0.001086 seconds.
  path: Assets/Game/Scripts/Frame/Player/Player.cs
  artifactKey: Guid(4657a819fc8eadf459113d07b3e42875) Importer(815301076,1909f56bfc062723c751e8b465ee728b)
Start importing Assets/Game/Scripts/Frame/Player/Player.cs using Guid(4657a819fc8eadf459113d07b3e42875) Importer(815301076,1909f56bfc062723c751e8b465ee728b) (PreviewImporter) -> (artifact id: '00000000000000000000000000000000') in 0.0003907 seconds
Import Error Code:(4)
Message: Build asset version error: assets/game/scripts/frame/player/player.cs in SourceAssetDB has modification time of '2024-12-13T08:37:42.3586521Z' while content on disk has modification time of '2025-02-26T03:15:16.5173926Z'
  ERROR: Build asset version error: assets/game/scripts/frame/player/player.cs in SourceAssetDB has modification time of '2024-12-13T08:37:42.3586521Z' while content on disk has modification time of '2025-02-26T03:15:16.5173926Z'
Number of updated asset objects reloaded before import = 0Number of asset objects unloaded after import = 0

========================================================================
Received Import Request.
  Time since last request: 0.000710 seconds.
  path: Assets/Game/Scripts/Frame/Player/Player.cs
  artifactKey: Guid(4657a819fc8eadf459113d07b3e42875) Importer(815301076,1909f56bfc062723c751e8b465ee728b)
Start importing Assets/Game/Scripts/Frame/Player/Player.cs using Guid(4657a819fc8eadf459113d07b3e42875) Importer(815301076,1909f56bfc062723c751e8b465ee728b) (PreviewImporter) -> (artifact id: '00000000000000000000000000000000') in 0.0003902 seconds
Import Error Code:(4)
Message: Build asset version error: assets/game/scripts/frame/player/player.cs in SourceAssetDB has modification time of '2024-12-13T08:37:42.3586521Z' while content on disk has modification time of '2025-02-26T03:15:16.5173926Z'
  ERROR: Build asset version error: assets/game/scripts/frame/player/player.cs in SourceAssetDB has modification time of '2024-12-13T08:37:42.3586521Z' while content on disk has modification time of '2025-02-26T03:15:16.5173926Z'
Number of updated asset objects reloaded before import = 0Number of asset objects unloaded after import = 0

========================================================================
Received Import Request.
  Time since last request: 0.002841 seconds.
  path: Assets/Game/Scripts/Frame/Player/Player.cs
  artifactKey: Guid(4657a819fc8eadf459113d07b3e42875) Importer(815301076,1909f56bfc062723c751e8b465ee728b)
Start importing Assets/Game/Scripts/Frame/Player/Player.cs using Guid(4657a819fc8eadf459113d07b3e42875) Importer(815301076,1909f56bfc062723c751e8b465ee728b) (PreviewImporter) -> (artifact id: '00000000000000000000000000000000') in 0.0005301 seconds
Import Error Code:(4)
Message: Build asset version error: assets/game/scripts/frame/player/player.cs in SourceAssetDB has modification time of '2024-12-13T08:37:42.3586521Z' while content on disk has modification time of '2025-02-26T03:15:16.5173926Z'
  ERROR: Build asset version error: assets/game/scripts/frame/player/player.cs in SourceAssetDB has modification time of '2024-12-13T08:37:42.3586521Z' while content on disk has modification time of '2025-02-26T03:15:16.5173926Z'
Number of updated asset objects reloaded before import = 0Number of asset objects unloaded after import = 0

========================================================================
Received Import Request.
  Time since last request: 0.001556 seconds.
  path: Assets/Game/Scripts/Frame/Player/Player.cs
  artifactKey: Guid(4657a819fc8eadf459113d07b3e42875) Importer(815301076,1909f56bfc062723c751e8b465ee728b)
Start importing Assets/Game/Scripts/Frame/Player/Player.cs using Guid(4657a819fc8eadf459113d07b3e42875) Importer(815301076,1909f56bfc062723c751e8b465ee728b) (PreviewImporter) -> (artifact id: '00000000000000000000000000000000') in 0.0003828 seconds
Import Error Code:(4)
Message: Build asset version error: assets/game/scripts/frame/player/player.cs in SourceAssetDB has modification time of '2024-12-13T08:37:42.3586521Z' while content on disk has modification time of '2025-02-26T03:15:16.5173926Z'
  ERROR: Build asset version error: assets/game/scripts/frame/player/player.cs in SourceAssetDB has modification time of '2024-12-13T08:37:42.3586521Z' while content on disk has modification time of '2025-02-26T03:15:16.5173926Z'
Number of updated asset objects reloaded before import = 0Number of asset objects unloaded after import = 0

========================================================================
Received Import Request.
  Time since last request: 0.002191 seconds.
  path: Assets/Game/Scripts/Frame/Player/Player.cs
  artifactKey: Guid(4657a819fc8eadf459113d07b3e42875) Importer(815301076,1909f56bfc062723c751e8b465ee728b)
Start importing Assets/Game/Scripts/Frame/Player/Player.cs using Guid(4657a819fc8eadf459113d07b3e42875) Importer(815301076,1909f56bfc062723c751e8b465ee728b) (PreviewImporter) -> (artifact id: '00000000000000000000000000000000') in 0.0004327 seconds
Import Error Code:(4)
Message: Build asset version error: assets/game/scripts/frame/player/player.cs in SourceAssetDB has modification time of '2024-12-13T08:37:42.3586521Z' while content on disk has modification time of '2025-02-26T03:15:16.5173926Z'
  ERROR: Build asset version error: assets/game/scripts/frame/player/player.cs in SourceAssetDB has modification time of '2024-12-13T08:37:42.3586521Z' while content on disk has modification time of '2025-02-26T03:15:16.5173926Z'
Number of updated asset objects reloaded before import = 0Number of asset objects unloaded after import = 0

========================================================================
Received Import Request.
  Time since last request: 0.001019 seconds.
  path: Assets/Game/Scripts/Frame/Player/Player.cs
  artifactKey: Guid(4657a819fc8eadf459113d07b3e42875) Importer(815301076,1909f56bfc062723c751e8b465ee728b)
Start importing Assets/Game/Scripts/Frame/Player/Player.cs using Guid(4657a819fc8eadf459113d07b3e42875) Importer(815301076,1909f56bfc062723c751e8b465ee728b) (PreviewImporter) -> (artifact id: '00000000000000000000000000000000') in 0.0003996 seconds
Import Error Code:(4)
Message: Build asset version error: assets/game/scripts/frame/player/player.cs in SourceAssetDB has modification time of '2024-12-13T08:37:42.3586521Z' while content on disk has modification time of '2025-02-26T03:15:16.5173926Z'
  ERROR: Build asset version error: assets/game/scripts/frame/player/player.cs in SourceAssetDB has modification time of '2024-12-13T08:37:42.3586521Z' while content on disk has modification time of '2025-02-26T03:15:16.5173926Z'
Number of updated asset objects reloaded before import = 0Number of asset objects unloaded after import = 0

========================================================================
Received Import Request.
  Time since last request: 0.000384 seconds.
  path: Assets/Game/Scripts/Frame/Player/Player.cs
  artifactKey: Guid(4657a819fc8eadf459113d07b3e42875) Importer(815301076,1909f56bfc062723c751e8b465ee728b)
Start importing Assets/Game/Scripts/Frame/Player/Player.cs using Guid(4657a819fc8eadf459113d07b3e42875) Importer(815301076,1909f56bfc062723c751e8b465ee728b) (PreviewImporter) -> (artifact id: '00000000000000000000000000000000') in 0.0004587 seconds
Import Error Code:(4)
Message: Build asset version error: assets/game/scripts/frame/player/player.cs in SourceAssetDB has modification time of '2024-12-13T08:37:42.3586521Z' while content on disk has modification time of '2025-02-26T03:15:16.5173926Z'
  ERROR: Build asset version error: assets/game/scripts/frame/player/player.cs in SourceAssetDB has modification time of '2024-12-13T08:37:42.3586521Z' while content on disk has modification time of '2025-02-26T03:15:16.5173926Z'
Number of updated asset objects reloaded before import = 0Number of asset objects unloaded after import = 0

========================================================================
Received Import Request.
  Time since last request: 0.000738 seconds.
  path: Assets/Game/Scripts/Frame/Player/Player.cs
  artifactKey: Guid(4657a819fc8eadf459113d07b3e42875) Importer(815301076,1909f56bfc062723c751e8b465ee728b)
Start importing Assets/Game/Scripts/Frame/Player/Player.cs using Guid(4657a819fc8eadf459113d07b3e42875) Importer(815301076,1909f56bfc062723c751e8b465ee728b) (PreviewImporter) -> (artifact id: '00000000000000000000000000000000') in 0.0004707 seconds
Import Error Code:(4)
Message: Build asset version error: assets/game/scripts/frame/player/player.cs in SourceAssetDB has modification time of '2024-12-13T08:37:42.3586521Z' while content on disk has modification time of '2025-02-26T03:15:16.5173926Z'
  ERROR: Build asset version error: assets/game/scripts/frame/player/player.cs in SourceAssetDB has modification time of '2024-12-13T08:37:42.3586521Z' while content on disk has modification time of '2025-02-26T03:15:16.5173926Z'
Number of updated asset objects reloaded before import = 0Number of asset objects unloaded after import = 0

========================================================================
Received Import Request.
  Time since last request: 0.000744 seconds.
  path: Assets/Game/Scripts/Frame/Player/Player.cs
  artifactKey: Guid(4657a819fc8eadf459113d07b3e42875) Importer(815301076,1909f56bfc062723c751e8b465ee728b)
Start importing Assets/Game/Scripts/Frame/Player/Player.cs using Guid(4657a819fc8eadf459113d07b3e42875) Importer(815301076,1909f56bfc062723c751e8b465ee728b) (PreviewImporter) -> (artifact id: '00000000000000000000000000000000') in 0.0004089 seconds
Import Error Code:(4)
Message: Build asset version error: assets/game/scripts/frame/player/player.cs in SourceAssetDB has modification time of '2024-12-13T08:37:42.3586521Z' while content on disk has modification time of '2025-02-26T03:15:16.5173926Z'
  ERROR: Build asset version error: assets/game/scripts/frame/player/player.cs in SourceAssetDB has modification time of '2024-12-13T08:37:42.3586521Z' while content on disk has modification time of '2025-02-26T03:15:16.5173926Z'
Number of updated asset objects reloaded before import = 0Number of asset objects unloaded after import = 0

========================================================================
Received Import Request.
  Time since last request: 0.002243 seconds.
  path: Assets/Game/Scripts/Frame/Player/Player.cs
  artifactKey: Guid(4657a819fc8eadf459113d07b3e42875) Importer(815301076,1909f56bfc062723c751e8b465ee728b)
Start importing Assets/Game/Scripts/Frame/Player/Player.cs using Guid(4657a819fc8eadf459113d07b3e42875) Importer(815301076,1909f56bfc062723c751e8b465ee728b) (PreviewImporter) -> (artifact id: '00000000000000000000000000000000') in 0.0005493 seconds
Import Error Code:(4)
Message: Build asset version error: assets/game/scripts/frame/player/player.cs in SourceAssetDB has modification time of '2024-12-13T08:37:42.3586521Z' while content on disk has modification time of '2025-02-26T03:15:16.5173926Z'
  ERROR: Build asset version error: assets/game/scripts/frame/player/player.cs in SourceAssetDB has modification time of '2024-12-13T08:37:42.3586521Z' while content on disk has modification time of '2025-02-26T03:15:16.5173926Z'
Number of updated asset objects reloaded before import = 0Number of asset objects unloaded after import = 0

========================================================================
Received Import Request.
  Time since last request: 0.000946 seconds.
  path: Assets/Game/Scripts/Frame/Player/Player.cs
  artifactKey: Guid(4657a819fc8eadf459113d07b3e42875) Importer(815301076,1909f56bfc062723c751e8b465ee728b)
Start importing Assets/Game/Scripts/Frame/Player/Player.cs using Guid(4657a819fc8eadf459113d07b3e42875) Importer(815301076,1909f56bfc062723c751e8b465ee728b) (PreviewImporter) -> (artifact id: '00000000000000000000000000000000') in 0.0004958 seconds
Import Error Code:(4)
Message: Build asset version error: assets/game/scripts/frame/player/player.cs in SourceAssetDB has modification time of '2024-12-13T08:37:42.3586521Z' while content on disk has modification time of '2025-02-26T03:15:16.5173926Z'
  ERROR: Build asset version error: assets/game/scripts/frame/player/player.cs in SourceAssetDB has modification time of '2024-12-13T08:37:42.3586521Z' while content on disk has modification time of '2025-02-26T03:15:16.5173926Z'
Number of updated asset objects reloaded before import = 0Number of asset objects unloaded after import = 0

========================================================================
Received Import Request.
  Time since last request: 0.000977 seconds.
  path: Assets/Game/Scripts/Frame/Player/Player.cs
  artifactKey: Guid(4657a819fc8eadf459113d07b3e42875) Importer(815301076,1909f56bfc062723c751e8b465ee728b)
Start importing Assets/Game/Scripts/Frame/Player/Player.cs using Guid(4657a819fc8eadf459113d07b3e42875) Importer(815301076,1909f56bfc062723c751e8b465ee728b) (PreviewImporter) -> (artifact id: '00000000000000000000000000000000') in 0.0005889 seconds
Import Error Code:(4)
Message: Build asset version error: assets/game/scripts/frame/player/player.cs in SourceAssetDB has modification time of '2024-12-13T08:37:42.3586521Z' while content on disk has modification time of '2025-02-26T03:15:16.5173926Z'
  ERROR: Build asset version error: assets/game/scripts/frame/player/player.cs in SourceAssetDB has modification time of '2024-12-13T08:37:42.3586521Z' while content on disk has modification time of '2025-02-26T03:15:16.5173926Z'
Number of updated asset objects reloaded before import = 0Number of asset objects unloaded after import = 0

========================================================================
Received Import Request.
  Time since last request: 0.000909 seconds.
  path: Assets/Game/Scripts/Frame/Player/Player.cs
  artifactKey: Guid(4657a819fc8eadf459113d07b3e42875) Importer(815301076,1909f56bfc062723c751e8b465ee728b)
Start importing Assets/Game/Scripts/Frame/Player/Player.cs using Guid(4657a819fc8eadf459113d07b3e42875) Importer(815301076,1909f56bfc062723c751e8b465ee728b) (PreviewImporter) -> (artifact id: '00000000000000000000000000000000') in 0.0003987 seconds
Import Error Code:(4)
Message: Build asset version error: assets/game/scripts/frame/player/player.cs in SourceAssetDB has modification time of '2024-12-13T08:37:42.3586521Z' while content on disk has modification time of '2025-02-26T03:15:16.5173926Z'
  ERROR: Build asset version error: assets/game/scripts/frame/player/player.cs in SourceAssetDB has modification time of '2024-12-13T08:37:42.3586521Z' while content on disk has modification time of '2025-02-26T03:15:16.5173926Z'
Number of updated asset objects reloaded before import = 0Number of asset objects unloaded after import = 0

========================================================================
Received Import Request.
  Time since last request: 0.001074 seconds.
  path: Assets/Game/Scripts/Frame/Player/Player.cs
  artifactKey: Guid(4657a819fc8eadf459113d07b3e42875) Importer(815301076,1909f56bfc062723c751e8b465ee728b)
Start importing Assets/Game/Scripts/Frame/Player/Player.cs using Guid(4657a819fc8eadf459113d07b3e42875) Importer(815301076,1909f56bfc062723c751e8b465ee728b) (PreviewImporter) -> (artifact id: '00000000000000000000000000000000') in 0.0004508 seconds
Import Error Code:(4)
Message: Build asset version error: assets/game/scripts/frame/player/player.cs in SourceAssetDB has modification time of '2024-12-13T08:37:42.3586521Z' while content on disk has modification time of '2025-02-26T03:15:16.5173926Z'
  ERROR: Build asset version error: assets/game/scripts/frame/player/player.cs in SourceAssetDB has modification time of '2024-12-13T08:37:42.3586521Z' while content on disk has modification time of '2025-02-26T03:15:16.5173926Z'
Number of updated asset objects reloaded before import = 0Number of asset objects unloaded after import = 0

========================================================================
Received Import Request.
  Time since last request: 0.000808 seconds.
  path: Assets/Game/Scripts/Frame/Player/Player.cs
  artifactKey: Guid(4657a819fc8eadf459113d07b3e42875) Importer(815301076,1909f56bfc062723c751e8b465ee728b)
Start importing Assets/Game/Scripts/Frame/Player/Player.cs using Guid(4657a819fc8eadf459113d07b3e42875) Importer(815301076,1909f56bfc062723c751e8b465ee728b) (PreviewImporter) -> (artifact id: '00000000000000000000000000000000') in 0.0003954 seconds
Import Error Code:(4)
Message: Build asset version error: assets/game/scripts/frame/player/player.cs in SourceAssetDB has modification time of '2024-12-13T08:37:42.3586521Z' while content on disk has modification time of '2025-02-26T03:15:16.5173926Z'
  ERROR: Build asset version error: assets/game/scripts/frame/player/player.cs in SourceAssetDB has modification time of '2024-12-13T08:37:42.3586521Z' while content on disk has modification time of '2025-02-26T03:15:16.5173926Z'
Number of updated asset objects reloaded before import = 0Number of asset objects unloaded after import = 0

========================================================================
Received Import Request.
  Time since last request: 0.000507 seconds.
  path: Assets/Game/Scripts/Frame/Player/Player.cs
  artifactKey: Guid(4657a819fc8eadf459113d07b3e42875) Importer(815301076,1909f56bfc062723c751e8b465ee728b)
Start importing Assets/Game/Scripts/Frame/Player/Player.cs using Guid(4657a819fc8eadf459113d07b3e42875) Importer(815301076,1909f56bfc062723c751e8b465ee728b) (PreviewImporter) -> (artifact id: '00000000000000000000000000000000') in 0.0004571 seconds
Import Error Code:(4)
Message: Build asset version error: assets/game/scripts/frame/player/player.cs in SourceAssetDB has modification time of '2024-12-13T08:37:42.3586521Z' while content on disk has modification time of '2025-02-26T03:15:16.5173926Z'
  ERROR: Build asset version error: assets/game/scripts/frame/player/player.cs in SourceAssetDB has modification time of '2024-12-13T08:37:42.3586521Z' while content on disk has modification time of '2025-02-26T03:15:16.5173926Z'
Number of updated asset objects reloaded before import = 0Number of asset objects unloaded after import = 0

========================================================================
Received Import Request.
  Time since last request: 0.000742 seconds.
  path: Assets/Game/Scripts/Frame/Player/Player.cs
  artifactKey: Guid(4657a819fc8eadf459113d07b3e42875) Importer(815301076,1909f56bfc062723c751e8b465ee728b)
Start importing Assets/Game/Scripts/Frame/Player/Player.cs using Guid(4657a819fc8eadf459113d07b3e42875) Importer(815301076,1909f56bfc062723c751e8b465ee728b) (PreviewImporter) -> (artifact id: '00000000000000000000000000000000') in 0.0005378 seconds
Import Error Code:(4)
Message: Build asset version error: assets/game/scripts/frame/player/player.cs in SourceAssetDB has modification time of '2024-12-13T08:37:42.3586521Z' while content on disk has modification time of '2025-02-26T03:15:16.5173926Z'
  ERROR: Build asset version error: assets/game/scripts/frame/player/player.cs in SourceAssetDB has modification time of '2024-12-13T08:37:42.3586521Z' while content on disk has modification time of '2025-02-26T03:15:16.5173926Z'
Number of updated asset objects reloaded before import = 0Number of asset objects unloaded after import = 0

========================================================================
Received Import Request.
  Time since last request: 0.000564 seconds.
  path: Assets/Game/Scripts/Frame/Player/Player.cs
  artifactKey: Guid(4657a819fc8eadf459113d07b3e42875) Importer(815301076,1909f56bfc062723c751e8b465ee728b)
Start importing Assets/Game/Scripts/Frame/Player/Player.cs using Guid(4657a819fc8eadf459113d07b3e42875) Importer(815301076,1909f56bfc062723c751e8b465ee728b) (PreviewImporter) -> (artifact id: '00000000000000000000000000000000') in 0.0005237 seconds
Import Error Code:(4)
Message: Build asset version error: assets/game/scripts/frame/player/player.cs in SourceAssetDB has modification time of '2024-12-13T08:37:42.3586521Z' while content on disk has modification time of '2025-02-26T03:15:16.5173926Z'
  ERROR: Build asset version error: assets/game/scripts/frame/player/player.cs in SourceAssetDB has modification time of '2024-12-13T08:37:42.3586521Z' while content on disk has modification time of '2025-02-26T03:15:16.5173926Z'
Number of updated asset objects reloaded before import = 0Number of asset objects unloaded after import = 0

========================================================================
Received Import Request.
  Time since last request: 0.000726 seconds.
  path: Assets/Game/Scripts/Frame/Player/Player.cs
  artifactKey: Guid(4657a819fc8eadf459113d07b3e42875) Importer(815301076,1909f56bfc062723c751e8b465ee728b)
Start importing Assets/Game/Scripts/Frame/Player/Player.cs using Guid(4657a819fc8eadf459113d07b3e42875) Importer(815301076,1909f56bfc062723c751e8b465ee728b) (PreviewImporter) -> (artifact id: '00000000000000000000000000000000') in 0.0004527 seconds
Import Error Code:(4)
Message: Build asset version error: assets/game/scripts/frame/player/player.cs in SourceAssetDB has modification time of '2024-12-13T08:37:42.3586521Z' while content on disk has modification time of '2025-02-26T03:15:16.5173926Z'
  ERROR: Build asset version error: assets/game/scripts/frame/player/player.cs in SourceAssetDB has modification time of '2024-12-13T08:37:42.3586521Z' while content on disk has modification time of '2025-02-26T03:15:16.5173926Z'
Number of updated asset objects reloaded before import = 0Number of asset objects unloaded after import = 0

========================================================================
Received Import Request.
  Time since last request: 0.000877 seconds.
  path: Assets/Game/Scripts/Frame/Player/Player.cs
  artifactKey: Guid(4657a819fc8eadf459113d07b3e42875) Importer(815301076,1909f56bfc062723c751e8b465ee728b)
Start importing Assets/Game/Scripts/Frame/Player/Player.cs using Guid(4657a819fc8eadf459113d07b3e42875) Importer(815301076,1909f56bfc062723c751e8b465ee728b) (PreviewImporter) -> (artifact id: '00000000000000000000000000000000') in 0.0004781 seconds
Import Error Code:(4)
Message: Build asset version error: assets/game/scripts/frame/player/player.cs in SourceAssetDB has modification time of '2024-12-13T08:37:42.3586521Z' while content on disk has modification time of '2025-02-26T03:15:16.5173926Z'
  ERROR: Build asset version error: assets/game/scripts/frame/player/player.cs in SourceAssetDB has modification time of '2024-12-13T08:37:42.3586521Z' while content on disk has modification time of '2025-02-26T03:15:16.5173926Z'
Number of updated asset objects reloaded before import = 0Number of asset objects unloaded after import = 0

========================================================================
Received Import Request.
  Time since last request: 0.000570 seconds.
  path: Assets/Game/Scripts/Frame/Player/Player.cs
  artifactKey: Guid(4657a819fc8eadf459113d07b3e42875) Importer(815301076,1909f56bfc062723c751e8b465ee728b)
Start importing Assets/Game/Scripts/Frame/Player/Player.cs using Guid(4657a819fc8eadf459113d07b3e42875) Importer(815301076,1909f56bfc062723c751e8b465ee728b) (PreviewImporter) -> (artifact id: '00000000000000000000000000000000') in 0.0004129 seconds
Import Error Code:(4)
Message: Build asset version error: assets/game/scripts/frame/player/player.cs in SourceAssetDB has modification time of '2024-12-13T08:37:42.3586521Z' while content on disk has modification time of '2025-02-26T03:15:16.5173926Z'
  ERROR: Build asset version error: assets/game/scripts/frame/player/player.cs in SourceAssetDB has modification time of '2024-12-13T08:37:42.3586521Z' while content on disk has modification time of '2025-02-26T03:15:16.5173926Z'
Number of updated asset objects reloaded before import = 0Number of asset objects unloaded after import = 0

========================================================================
Received Import Request.
  Time since last request: 0.000870 seconds.
  path: Assets/Game/Scripts/Frame/Player/Player.cs
  artifactKey: Guid(4657a819fc8eadf459113d07b3e42875) Importer(815301076,1909f56bfc062723c751e8b465ee728b)
Start importing Assets/Game/Scripts/Frame/Player/Player.cs using Guid(4657a819fc8eadf459113d07b3e42875) Importer(815301076,1909f56bfc062723c751e8b465ee728b) (PreviewImporter) -> (artifact id: '00000000000000000000000000000000') in 0.0005191 seconds
Import Error Code:(4)
Message: Build asset version error: assets/game/scripts/frame/player/player.cs in SourceAssetDB has modification time of '2024-12-13T08:37:42.3586521Z' while content on disk has modification time of '2025-02-26T03:15:16.5173926Z'
  ERROR: Build asset version error: assets/game/scripts/frame/player/player.cs in SourceAssetDB has modification time of '2024-12-13T08:37:42.3586521Z' while content on disk has modification time of '2025-02-26T03:15:16.5173926Z'
Number of updated asset objects reloaded before import = 0Number of asset objects unloaded after import = 0

========================================================================
Received Import Request.
  Time since last request: 0.000535 seconds.
  path: Assets/Game/Scripts/Frame/Player/Player.cs
  artifactKey: Guid(4657a819fc8eadf459113d07b3e42875) Importer(815301076,1909f56bfc062723c751e8b465ee728b)
Start importing Assets/Game/Scripts/Frame/Player/Player.cs using Guid(4657a819fc8eadf459113d07b3e42875) Importer(815301076,1909f56bfc062723c751e8b465ee728b) (PreviewImporter) -> (artifact id: '00000000000000000000000000000000') in 0.0005095 seconds
Import Error Code:(4)
Message: Build asset version error: assets/game/scripts/frame/player/player.cs in SourceAssetDB has modification time of '2024-12-13T08:37:42.3586521Z' while content on disk has modification time of '2025-02-26T03:15:16.5173926Z'
  ERROR: Build asset version error: assets/game/scripts/frame/player/player.cs in SourceAssetDB has modification time of '2024-12-13T08:37:42.3586521Z' while content on disk has modification time of '2025-02-26T03:15:16.5173926Z'
Number of updated asset objects reloaded before import = 0Number of asset objects unloaded after import = 0

========================================================================
Received Import Request.
  Time since last request: 0.000874 seconds.
  path: Assets/Game/Scripts/Frame/Player/Player.cs
  artifactKey: Guid(4657a819fc8eadf459113d07b3e42875) Importer(815301076,1909f56bfc062723c751e8b465ee728b)
Start importing Assets/Game/Scripts/Frame/Player/Player.cs using Guid(4657a819fc8eadf459113d07b3e42875) Importer(815301076,1909f56bfc062723c751e8b465ee728b) (PreviewImporter) -> (artifact id: '00000000000000000000000000000000') in 0.0007558 seconds
Import Error Code:(4)
Message: Build asset version error: assets/game/scripts/frame/player/player.cs in SourceAssetDB has modification time of '2024-12-13T08:37:42.3586521Z' while content on disk has modification time of '2025-02-26T03:15:16.5173926Z'
  ERROR: Build asset version error: assets/game/scripts/frame/player/player.cs in SourceAssetDB has modification time of '2024-12-13T08:37:42.3586521Z' while content on disk has modification time of '2025-02-26T03:15:16.5173926Z'
Number of updated asset objects reloaded before import = 0Number of asset objects unloaded after import = 0

========================================================================
Received Import Request.
  Time since last request: 0.000671 seconds.
  path: Assets/Game/Scripts/Frame/Player/Player.cs
  artifactKey: Guid(4657a819fc8eadf459113d07b3e42875) Importer(815301076,1909f56bfc062723c751e8b465ee728b)
Start importing Assets/Game/Scripts/Frame/Player/Player.cs using Guid(4657a819fc8eadf459113d07b3e42875) Importer(815301076,1909f56bfc062723c751e8b465ee728b) (PreviewImporter) -> (artifact id: '00000000000000000000000000000000') in 0.0005597 seconds
Import Error Code:(4)
Message: Build asset version error: assets/game/scripts/frame/player/player.cs in SourceAssetDB has modification time of '2024-12-13T08:37:42.3586521Z' while content on disk has modification time of '2025-02-26T03:15:16.5173926Z'
  ERROR: Build asset version error: assets/game/scripts/frame/player/player.cs in SourceAssetDB has modification time of '2024-12-13T08:37:42.3586521Z' while content on disk has modification time of '2025-02-26T03:15:16.5173926Z'
Number of updated asset objects reloaded before import = 0Number of asset objects unloaded after import = 0

========================================================================
Received Import Request.
  Time since last request: 0.001329 seconds.
  path: Assets/Game/Scripts/Frame/Player/Player.cs
  artifactKey: Guid(4657a819fc8eadf459113d07b3e42875) Importer(815301076,1909f56bfc062723c751e8b465ee728b)
Start importing Assets/Game/Scripts/Frame/Player/Player.cs using Guid(4657a819fc8eadf459113d07b3e42875) Importer(815301076,1909f56bfc062723c751e8b465ee728b) (PreviewImporter) -> (artifact id: '00000000000000000000000000000000') in 0.0010256 seconds
Import Error Code:(4)
Message: Build asset version error: assets/game/scripts/frame/player/player.cs in SourceAssetDB has modification time of '2024-12-13T08:37:42.3586521Z' while content on disk has modification time of '2025-02-26T03:15:16.5173926Z'
  ERROR: Build asset version error: assets/game/scripts/frame/player/player.cs in SourceAssetDB has modification time of '2024-12-13T08:37:42.3586521Z' while content on disk has modification time of '2025-02-26T03:15:16.5173926Z'
Number of updated asset objects reloaded before import = 0Number of asset objects unloaded after import = 0

========================================================================
Received Import Request.
  Time since last request: 0.000789 seconds.
  path: Assets/Game/Scripts/Frame/Player/Player.cs
  artifactKey: Guid(4657a819fc8eadf459113d07b3e42875) Importer(815301076,1909f56bfc062723c751e8b465ee728b)
Start importing Assets/Game/Scripts/Frame/Player/Player.cs using Guid(4657a819fc8eadf459113d07b3e42875) Importer(815301076,1909f56bfc062723c751e8b465ee728b) (PreviewImporter) -> (artifact id: '00000000000000000000000000000000') in 0.000788 seconds
Import Error Code:(4)
Message: Build asset version error: assets/game/scripts/frame/player/player.cs in SourceAssetDB has modification time of '2024-12-13T08:37:42.3586521Z' while content on disk has modification time of '2025-02-26T03:15:16.5173926Z'
  ERROR: Build asset version error: assets/game/scripts/frame/player/player.cs in SourceAssetDB has modification time of '2024-12-13T08:37:42.3586521Z' while content on disk has modification time of '2025-02-26T03:15:16.5173926Z'
Number of updated asset objects reloaded before import = 0Number of asset objects unloaded after import = 0

========================================================================
Received Import Request.
  Time since last request: 0.002374 seconds.
  path: Assets/Game/Scripts/Frame/Player/Player.cs
  artifactKey: Guid(4657a819fc8eadf459113d07b3e42875) Importer(815301076,1909f56bfc062723c751e8b465ee728b)
Start importing Assets/Game/Scripts/Frame/Player/Player.cs using Guid(4657a819fc8eadf459113d07b3e42875) Importer(815301076,1909f56bfc062723c751e8b465ee728b) (PreviewImporter) -> (artifact id: '00000000000000000000000000000000') in 0.000445 seconds
Import Error Code:(4)
Message: Build asset version error: assets/game/scripts/frame/player/player.cs in SourceAssetDB has modification time of '2024-12-13T08:37:42.3586521Z' while content on disk has modification time of '2025-02-26T03:15:16.5173926Z'
  ERROR: Build asset version error: assets/game/scripts/frame/player/player.cs in SourceAssetDB has modification time of '2024-12-13T08:37:42.3586521Z' while content on disk has modification time of '2025-02-26T03:15:16.5173926Z'
Number of updated asset objects reloaded before import = 0Number of asset objects unloaded after import = 0

========================================================================
Received Import Request.
  Time since last request: 0.000941 seconds.
  path: Assets/Game/Scripts/Frame/Player/Player.cs
  artifactKey: Guid(4657a819fc8eadf459113d07b3e42875) Importer(815301076,1909f56bfc062723c751e8b465ee728b)
Start importing Assets/Game/Scripts/Frame/Player/Player.cs using Guid(4657a819fc8eadf459113d07b3e42875) Importer(815301076,1909f56bfc062723c751e8b465ee728b) (PreviewImporter) -> (artifact id: '00000000000000000000000000000000') in 0.0004073 seconds
Import Error Code:(4)
Message: Build asset version error: assets/game/scripts/frame/player/player.cs in SourceAssetDB has modification time of '2024-12-13T08:37:42.3586521Z' while content on disk has modification time of '2025-02-26T03:15:16.5173926Z'
  ERROR: Build asset version error: assets/game/scripts/frame/player/player.cs in SourceAssetDB has modification time of '2024-12-13T08:37:42.3586521Z' while content on disk has modification time of '2025-02-26T03:15:16.5173926Z'
Number of updated asset objects reloaded before import = 0Number of asset objects unloaded after import = 0

========================================================================
Received Import Request.
  Time since last request: 0.002748 seconds.
  path: Assets/Game/Scripts/Frame/Player/Player.cs
  artifactKey: Guid(4657a819fc8eadf459113d07b3e42875) Importer(815301076,1909f56bfc062723c751e8b465ee728b)
Start importing Assets/Game/Scripts/Frame/Player/Player.cs using Guid(4657a819fc8eadf459113d07b3e42875) Importer(815301076,1909f56bfc062723c751e8b465ee728b) (PreviewImporter) -> (artifact id: '00000000000000000000000000000000') in 0.0006039 seconds
Import Error Code:(4)
Message: Build asset version error: assets/game/scripts/frame/player/player.cs in SourceAssetDB has modification time of '2024-12-13T08:37:42.3586521Z' while content on disk has modification time of '2025-02-26T03:15:16.5173926Z'
  ERROR: Build asset version error: assets/game/scripts/frame/player/player.cs in SourceAssetDB has modification time of '2024-12-13T08:37:42.3586521Z' while content on disk has modification time of '2025-02-26T03:15:16.5173926Z'
Number of updated asset objects reloaded before import = 0Number of asset objects unloaded after import = 0

========================================================================
Received Import Request.
  Time since last request: 0.003202 seconds.
  path: Assets/Game/Scripts/Frame/Player/Player.cs
  artifactKey: Guid(4657a819fc8eadf459113d07b3e42875) Importer(815301076,1909f56bfc062723c751e8b465ee728b)
Start importing Assets/Game/Scripts/Frame/Player/Player.cs using Guid(4657a819fc8eadf459113d07b3e42875) Importer(815301076,1909f56bfc062723c751e8b465ee728b) (PreviewImporter) -> (artifact id: '00000000000000000000000000000000') in 0.0004084 seconds
Import Error Code:(4)
Message: Build asset version error: assets/game/scripts/frame/player/player.cs in SourceAssetDB has modification time of '2024-12-13T08:37:42.3586521Z' while content on disk has modification time of '2025-02-26T03:15:16.5173926Z'
  ERROR: Build asset version error: assets/game/scripts/frame/player/player.cs in SourceAssetDB has modification time of '2024-12-13T08:37:42.3586521Z' while content on disk has modification time of '2025-02-26T03:15:16.5173926Z'
Number of updated asset objects reloaded before import = 0Number of asset objects unloaded after import = 0

========================================================================
Received Import Request.
  Time since last request: 0.001706 seconds.
  path: Assets/Game/Scripts/Frame/Player/Player.cs
  artifactKey: Guid(4657a819fc8eadf459113d07b3e42875) Importer(815301076,1909f56bfc062723c751e8b465ee728b)
Start importing Assets/Game/Scripts/Frame/Player/Player.cs using Guid(4657a819fc8eadf459113d07b3e42875) Importer(815301076,1909f56bfc062723c751e8b465ee728b) (PreviewImporter) -> (artifact id: '00000000000000000000000000000000') in 0.000404 seconds
Import Error Code:(4)
Message: Build asset version error: assets/game/scripts/frame/player/player.cs in SourceAssetDB has modification time of '2024-12-13T08:37:42.3586521Z' while content on disk has modification time of '2025-02-26T03:15:16.5173926Z'
  ERROR: Build asset version error: assets/game/scripts/frame/player/player.cs in SourceAssetDB has modification time of '2024-12-13T08:37:42.3586521Z' while content on disk has modification time of '2025-02-26T03:15:16.5173926Z'
Number of updated asset objects reloaded before import = 0Number of asset objects unloaded after import = 0

========================================================================
Received Import Request.
  Time since last request: 0.002965 seconds.
  path: Assets/Game/Scripts/Frame/Player/Player.cs
  artifactKey: Guid(4657a819fc8eadf459113d07b3e42875) Importer(815301076,1909f56bfc062723c751e8b465ee728b)
Start importing Assets/Game/Scripts/Frame/Player/Player.cs using Guid(4657a819fc8eadf459113d07b3e42875) Importer(815301076,1909f56bfc062723c751e8b465ee728b) (PreviewImporter) -> (artifact id: '00000000000000000000000000000000') in 0.0004928 seconds
Import Error Code:(4)
Message: Build asset version error: assets/game/scripts/frame/player/player.cs in SourceAssetDB has modification time of '2024-12-13T08:37:42.3586521Z' while content on disk has modification time of '2025-02-26T03:15:16.5173926Z'
  ERROR: Build asset version error: assets/game/scripts/frame/player/player.cs in SourceAssetDB has modification time of '2024-12-13T08:37:42.3586521Z' while content on disk has modification time of '2025-02-26T03:15:16.5173926Z'
Number of updated asset objects reloaded before import = 0Number of asset objects unloaded after import = 0

========================================================================
Received Import Request.
  Time since last request: 0.002488 seconds.
  path: Assets/Game/Scripts/Frame/Player/Player.cs
  artifactKey: Guid(4657a819fc8eadf459113d07b3e42875) Importer(815301076,1909f56bfc062723c751e8b465ee728b)
Start importing Assets/Game/Scripts/Frame/Player/Player.cs using Guid(4657a819fc8eadf459113d07b3e42875) Importer(815301076,1909f56bfc062723c751e8b465ee728b) (PreviewImporter) -> (artifact id: '00000000000000000000000000000000') in 0.0004008 seconds
Import Error Code:(4)
Message: Build asset version error: assets/game/scripts/frame/player/player.cs in SourceAssetDB has modification time of '2024-12-13T08:37:42.3586521Z' while content on disk has modification time of '2025-02-26T03:15:16.5173926Z'
  ERROR: Build asset version error: assets/game/scripts/frame/player/player.cs in SourceAssetDB has modification time of '2024-12-13T08:37:42.3586521Z' while content on disk has modification time of '2025-02-26T03:15:16.5173926Z'
Number of updated asset objects reloaded before import = 0Number of asset objects unloaded after import = 0

========================================================================
Received Import Request.
  Time since last request: 0.001882 seconds.
  path: Assets/Game/Scripts/Frame/Player/Player.cs
  artifactKey: Guid(4657a819fc8eadf459113d07b3e42875) Importer(815301076,1909f56bfc062723c751e8b465ee728b)
Start importing Assets/Game/Scripts/Frame/Player/Player.cs using Guid(4657a819fc8eadf459113d07b3e42875) Importer(815301076,1909f56bfc062723c751e8b465ee728b) (PreviewImporter) -> (artifact id: '00000000000000000000000000000000') in 0.0004199 seconds
Import Error Code:(4)
Message: Build asset version error: assets/game/scripts/frame/player/player.cs in SourceAssetDB has modification time of '2024-12-13T08:37:42.3586521Z' while content on disk has modification time of '2025-02-26T03:15:16.5173926Z'
  ERROR: Build asset version error: assets/game/scripts/frame/player/player.cs in SourceAssetDB has modification time of '2024-12-13T08:37:42.3586521Z' while content on disk has modification time of '2025-02-26T03:15:16.5173926Z'
Number of updated asset objects reloaded before import = 0Number of asset objects unloaded after import = 0

========================================================================
Received Import Request.
  Time since last request: 0.002792 seconds.
  path: Assets/Game/Scripts/Frame/Player/Player.cs
  artifactKey: Guid(4657a819fc8eadf459113d07b3e42875) Importer(815301076,1909f56bfc062723c751e8b465ee728b)
Start importing Assets/Game/Scripts/Frame/Player/Player.cs using Guid(4657a819fc8eadf459113d07b3e42875) Importer(815301076,1909f56bfc062723c751e8b465ee728b) (PreviewImporter) -> (artifact id: '00000000000000000000000000000000') in 0.0004244 seconds
Import Error Code:(4)
Message: Build asset version error: assets/game/scripts/frame/player/player.cs in SourceAssetDB has modification time of '2024-12-13T08:37:42.3586521Z' while content on disk has modification time of '2025-02-26T03:15:16.5173926Z'
  ERROR: Build asset version error: assets/game/scripts/frame/player/player.cs in SourceAssetDB has modification time of '2024-12-13T08:37:42.3586521Z' while content on disk has modification time of '2025-02-26T03:15:16.5173926Z'
Number of updated asset objects reloaded before import = 0Number of asset objects unloaded after import = 0

========================================================================
Received Import Request.
  Time since last request: 0.002586 seconds.
  path: Assets/Game/Scripts/Frame/Player/Player.cs
  artifactKey: Guid(4657a819fc8eadf459113d07b3e42875) Importer(815301076,1909f56bfc062723c751e8b465ee728b)
Start importing Assets/Game/Scripts/Frame/Player/Player.cs using Guid(4657a819fc8eadf459113d07b3e42875) Importer(815301076,1909f56bfc062723c751e8b465ee728b) (PreviewImporter) -> (artifact id: '00000000000000000000000000000000') in 0.0004196 seconds
Import Error Code:(4)
Message: Build asset version error: assets/game/scripts/frame/player/player.cs in SourceAssetDB has modification time of '2024-12-13T08:37:42.3586521Z' while content on disk has modification time of '2025-02-26T03:15:16.5173926Z'
  ERROR: Build asset version error: assets/game/scripts/frame/player/player.cs in SourceAssetDB has modification time of '2024-12-13T08:37:42.3586521Z' while content on disk has modification time of '2025-02-26T03:15:16.5173926Z'
Number of updated asset objects reloaded before import = 0Number of asset objects unloaded after import = 0

========================================================================
Received Import Request.
  Time since last request: 0.002261 seconds.
  path: Assets/Game/Scripts/Frame/Player/Player.cs
  artifactKey: Guid(4657a819fc8eadf459113d07b3e42875) Importer(815301076,1909f56bfc062723c751e8b465ee728b)
Start importing Assets/Game/Scripts/Frame/Player/Player.cs using Guid(4657a819fc8eadf459113d07b3e42875) Importer(815301076,1909f56bfc062723c751e8b465ee728b) (PreviewImporter) -> (artifact id: '00000000000000000000000000000000') in 0.000451 seconds
Import Error Code:(4)
Message: Build asset version error: assets/game/scripts/frame/player/player.cs in SourceAssetDB has modification time of '2024-12-13T08:37:42.3586521Z' while content on disk has modification time of '2025-02-26T03:15:16.5173926Z'
  ERROR: Build asset version error: assets/game/scripts/frame/player/player.cs in SourceAssetDB has modification time of '2024-12-13T08:37:42.3586521Z' while content on disk has modification time of '2025-02-26T03:15:16.5173926Z'
Number of updated asset objects reloaded before import = 0Number of asset objects unloaded after import = 0

========================================================================
Received Import Request.
  Time since last request: 0.001170 seconds.
  path: Assets/Game/Scripts/Frame/Player/Player.cs
  artifactKey: Guid(4657a819fc8eadf459113d07b3e42875) Importer(815301076,1909f56bfc062723c751e8b465ee728b)
Start importing Assets/Game/Scripts/Frame/Player/Player.cs using Guid(4657a819fc8eadf459113d07b3e42875) Importer(815301076,1909f56bfc062723c751e8b465ee728b) (PreviewImporter) -> (artifact id: '00000000000000000000000000000000') in 0.0004904 seconds
Import Error Code:(4)
Message: Build asset version error: assets/game/scripts/frame/player/player.cs in SourceAssetDB has modification time of '2024-12-13T08:37:42.3586521Z' while content on disk has modification time of '2025-02-26T03:15:16.5173926Z'
  ERROR: Build asset version error: assets/game/scripts/frame/player/player.cs in SourceAssetDB has modification time of '2024-12-13T08:37:42.3586521Z' while content on disk has modification time of '2025-02-26T03:15:16.5173926Z'
Number of updated asset objects reloaded before import = 0Number of asset objects unloaded after import = 0

========================================================================
Received Import Request.
  Time since last request: 0.002678 seconds.
  path: Assets/Game/Scripts/Frame/Player/Player.cs
  artifactKey: Guid(4657a819fc8eadf459113d07b3e42875) Importer(815301076,1909f56bfc062723c751e8b465ee728b)
Start importing Assets/Game/Scripts/Frame/Player/Player.cs using Guid(4657a819fc8eadf459113d07b3e42875) Importer(815301076,1909f56bfc062723c751e8b465ee728b) (PreviewImporter) -> (artifact id: '00000000000000000000000000000000') in 0.0003981 seconds
Import Error Code:(4)
Message: Build asset version error: assets/game/scripts/frame/player/player.cs in SourceAssetDB has modification time of '2024-12-13T08:37:42.3586521Z' while content on disk has modification time of '2025-02-26T03:15:16.5173926Z'
  ERROR: Build asset version error: assets/game/scripts/frame/player/player.cs in SourceAssetDB has modification time of '2024-12-13T08:37:42.3586521Z' while content on disk has modification time of '2025-02-26T03:15:16.5173926Z'
Number of updated asset objects reloaded before import = 0Number of asset objects unloaded after import = 0

========================================================================
Received Import Request.
  Time since last request: 0.001247 seconds.
  path: Assets/Game/Scripts/Frame/Player/Player.cs
  artifactKey: Guid(4657a819fc8eadf459113d07b3e42875) Importer(815301076,1909f56bfc062723c751e8b465ee728b)
Start importing Assets/Game/Scripts/Frame/Player/Player.cs using Guid(4657a819fc8eadf459113d07b3e42875) Importer(815301076,1909f56bfc062723c751e8b465ee728b) (PreviewImporter) -> (artifact id: '00000000000000000000000000000000') in 0.0003804 seconds
Import Error Code:(4)
Message: Build asset version error: assets/game/scripts/frame/player/player.cs in SourceAssetDB has modification time of '2024-12-13T08:37:42.3586521Z' while content on disk has modification time of '2025-02-26T03:15:16.5173926Z'
  ERROR: Build asset version error: assets/game/scripts/frame/player/player.cs in SourceAssetDB has modification time of '2024-12-13T08:37:42.3586521Z' while content on disk has modification time of '2025-02-26T03:15:16.5173926Z'
Number of updated asset objects reloaded before import = 0Number of asset objects unloaded after import = 0

========================================================================
Received Import Request.
  Time since last request: 0.002281 seconds.
  path: Assets/Game/Scripts/Frame/Player/Player.cs
  artifactKey: Guid(4657a819fc8eadf459113d07b3e42875) Importer(815301076,1909f56bfc062723c751e8b465ee728b)
Start importing Assets/Game/Scripts/Frame/Player/Player.cs using Guid(4657a819fc8eadf459113d07b3e42875) Importer(815301076,1909f56bfc062723c751e8b465ee728b) (PreviewImporter) -> (artifact id: '00000000000000000000000000000000') in 0.0003947 seconds
Import Error Code:(4)
Message: Build asset version error: assets/game/scripts/frame/player/player.cs in SourceAssetDB has modification time of '2024-12-13T08:37:42.3586521Z' while content on disk has modification time of '2025-02-26T03:15:16.5173926Z'
  ERROR: Build asset version error: assets/game/scripts/frame/player/player.cs in SourceAssetDB has modification time of '2024-12-13T08:37:42.3586521Z' while content on disk has modification time of '2025-02-26T03:15:16.5173926Z'
Number of updated asset objects reloaded before import = 0Number of asset objects unloaded after import = 0

========================================================================
Received Import Request.
  Time since last request: 0.002712 seconds.
  path: Assets/Game/Scripts/Frame/Player/Player.cs
  artifactKey: Guid(4657a819fc8eadf459113d07b3e42875) Importer(815301076,1909f56bfc062723c751e8b465ee728b)
Start importing Assets/Game/Scripts/Frame/Player/Player.cs using Guid(4657a819fc8eadf459113d07b3e42875) Importer(815301076,1909f56bfc062723c751e8b465ee728b) (PreviewImporter) -> (artifact id: '00000000000000000000000000000000') in 0.0003793 seconds
Import Error Code:(4)
Message: Build asset version error: assets/game/scripts/frame/player/player.cs in SourceAssetDB has modification time of '2024-12-13T08:37:42.3586521Z' while content on disk has modification time of '2025-02-26T03:15:16.5173926Z'
  ERROR: Build asset version error: assets/game/scripts/frame/player/player.cs in SourceAssetDB has modification time of '2024-12-13T08:37:42.3586521Z' while content on disk has modification time of '2025-02-26T03:15:16.5173926Z'
Number of updated asset objects reloaded before import = 0Number of asset objects unloaded after import = 0

========================================================================
Received Import Request.
  Time since last request: 0.002260 seconds.
  path: Assets/Game/Scripts/Frame/Player/Player.cs
  artifactKey: Guid(4657a819fc8eadf459113d07b3e42875) Importer(815301076,1909f56bfc062723c751e8b465ee728b)
Start importing Assets/Game/Scripts/Frame/Player/Player.cs using Guid(4657a819fc8eadf459113d07b3e42875) Importer(815301076,1909f56bfc062723c751e8b465ee728b) (PreviewImporter) -> (artifact id: '00000000000000000000000000000000') in 0.0005173 seconds
Import Error Code:(4)
Message: Build asset version error: assets/game/scripts/frame/player/player.cs in SourceAssetDB has modification time of '2024-12-13T08:37:42.3586521Z' while content on disk has modification time of '2025-02-26T03:15:16.5173926Z'
  ERROR: Build asset version error: assets/game/scripts/frame/player/player.cs in SourceAssetDB has modification time of '2024-12-13T08:37:42.3586521Z' while content on disk has modification time of '2025-02-26T03:15:16.5173926Z'
Number of updated asset objects reloaded before import = 0Number of asset objects unloaded after import = 0

========================================================================
Received Import Request.
  Time since last request: 0.001695 seconds.
  path: Assets/Game/Scripts/Frame/Player/Player.cs
  artifactKey: Guid(4657a819fc8eadf459113d07b3e42875) Importer(815301076,1909f56bfc062723c751e8b465ee728b)
Start importing Assets/Game/Scripts/Frame/Player/Player.cs using Guid(4657a819fc8eadf459113d07b3e42875) Importer(815301076,1909f56bfc062723c751e8b465ee728b) (PreviewImporter) -> (artifact id: '00000000000000000000000000000000') in 0.00044 seconds
Import Error Code:(4)
Message: Build asset version error: assets/game/scripts/frame/player/player.cs in SourceAssetDB has modification time of '2024-12-13T08:37:42.3586521Z' while content on disk has modification time of '2025-02-26T03:15:16.5173926Z'
  ERROR: Build asset version error: assets/game/scripts/frame/player/player.cs in SourceAssetDB has modification time of '2024-12-13T08:37:42.3586521Z' while content on disk has modification time of '2025-02-26T03:15:16.5173926Z'
Number of updated asset objects reloaded before import = 0Number of asset objects unloaded after import = 0

========================================================================
Received Import Request.
  Time since last request: 0.002978 seconds.
  path: Assets/Game/Scripts/Frame/Player/Player.cs
  artifactKey: Guid(4657a819fc8eadf459113d07b3e42875) Importer(815301076,1909f56bfc062723c751e8b465ee728b)
Start importing Assets/Game/Scripts/Frame/Player/Player.cs using Guid(4657a819fc8eadf459113d07b3e42875) Importer(815301076,1909f56bfc062723c751e8b465ee728b) (PreviewImporter) -> (artifact id: '00000000000000000000000000000000') in 0.0004847 seconds
Import Error Code:(4)
Message: Build asset version error: assets/game/scripts/frame/player/player.cs in SourceAssetDB has modification time of '2024-12-13T08:37:42.3586521Z' while content on disk has modification time of '2025-02-26T03:15:16.5173926Z'
  ERROR: Build asset version error: assets/game/scripts/frame/player/player.cs in SourceAssetDB has modification time of '2024-12-13T08:37:42.3586521Z' while content on disk has modification time of '2025-02-26T03:15:16.5173926Z'
Number of updated asset objects reloaded before import = 0Number of asset objects unloaded after import = 0

========================================================================
Received Import Request.
  Time since last request: 0.002940 seconds.
  path: Assets/Game/Scripts/Frame/Player/Player.cs
  artifactKey: Guid(4657a819fc8eadf459113d07b3e42875) Importer(815301076,1909f56bfc062723c751e8b465ee728b)
Start importing Assets/Game/Scripts/Frame/Player/Player.cs using Guid(4657a819fc8eadf459113d07b3e42875) Importer(815301076,1909f56bfc062723c751e8b465ee728b) (PreviewImporter) -> (artifact id: '00000000000000000000000000000000') in 0.0008235 seconds
Import Error Code:(4)
Message: Build asset version error: assets/game/scripts/frame/player/player.cs in SourceAssetDB has modification time of '2024-12-13T08:37:42.3586521Z' while content on disk has modification time of '2025-02-26T03:15:16.5173926Z'
  ERROR: Build asset version error: assets/game/scripts/frame/player/player.cs in SourceAssetDB has modification time of '2024-12-13T08:37:42.3586521Z' while content on disk has modification time of '2025-02-26T03:15:16.5173926Z'
Number of updated asset objects reloaded before import = 0Number of asset objects unloaded after import = 0

========================================================================
Received Import Request.
  Time since last request: 0.004039 seconds.
  path: Assets/Game/Scripts/Frame/Player/Player.cs
  artifactKey: Guid(4657a819fc8eadf459113d07b3e42875) Importer(815301076,1909f56bfc062723c751e8b465ee728b)
Start importing Assets/Game/Scripts/Frame/Player/Player.cs using Guid(4657a819fc8eadf459113d07b3e42875) Importer(815301076,1909f56bfc062723c751e8b465ee728b) (PreviewImporter) -> (artifact id: '00000000000000000000000000000000') in 0.0005014 seconds
Import Error Code:(4)
Message: Build asset version error: assets/game/scripts/frame/player/player.cs in SourceAssetDB has modification time of '2024-12-13T08:37:42.3586521Z' while content on disk has modification time of '2025-02-26T03:15:16.5173926Z'
  ERROR: Build asset version error: assets/game/scripts/frame/player/player.cs in SourceAssetDB has modification time of '2024-12-13T08:37:42.3586521Z' while content on disk has modification time of '2025-02-26T03:15:16.5173926Z'
Number of updated asset objects reloaded before import = 0Number of asset objects unloaded after import = 0

========================================================================
Received Import Request.
  Time since last request: 0.002907 seconds.
  path: Assets/Game/Scripts/Frame/Player/Player.cs
  artifactKey: Guid(4657a819fc8eadf459113d07b3e42875) Importer(815301076,1909f56bfc062723c751e8b465ee728b)
Start importing Assets/Game/Scripts/Frame/Player/Player.cs using Guid(4657a819fc8eadf459113d07b3e42875) Importer(815301076,1909f56bfc062723c751e8b465ee728b) (PreviewImporter) -> (artifact id: '00000000000000000000000000000000') in 0.000481 seconds
Import Error Code:(4)
Message: Build asset version error: assets/game/scripts/frame/player/player.cs in SourceAssetDB has modification time of '2024-12-13T08:37:42.3586521Z' while content on disk has modification time of '2025-02-26T03:15:16.5173926Z'
  ERROR: Build asset version error: assets/game/scripts/frame/player/player.cs in SourceAssetDB has modification time of '2024-12-13T08:37:42.3586521Z' while content on disk has modification time of '2025-02-26T03:15:16.5173926Z'
Number of updated asset objects reloaded before import = 0Number of asset objects unloaded after import = 0

========================================================================
Received Import Request.
  Time since last request: 0.003380 seconds.
  path: Assets/Game/Scripts/Frame/Player/Player.cs
  artifactKey: Guid(4657a819fc8eadf459113d07b3e42875) Importer(815301076,1909f56bfc062723c751e8b465ee728b)
Start importing Assets/Game/Scripts/Frame/Player/Player.cs using Guid(4657a819fc8eadf459113d07b3e42875) Importer(815301076,1909f56bfc062723c751e8b465ee728b) (PreviewImporter) -> (artifact id: '00000000000000000000000000000000') in 0.0004207 seconds
Import Error Code:(4)
Message: Build asset version error: assets/game/scripts/frame/player/player.cs in SourceAssetDB has modification time of '2024-12-13T08:37:42.3586521Z' while content on disk has modification time of '2025-02-26T03:15:16.5173926Z'
  ERROR: Build asset version error: assets/game/scripts/frame/player/player.cs in SourceAssetDB has modification time of '2024-12-13T08:37:42.3586521Z' while content on disk has modification time of '2025-02-26T03:15:16.5173926Z'
Number of updated asset objects reloaded before import = 0Number of asset objects unloaded after import = 0

========================================================================
Received Import Request.
  Time since last request: 0.002514 seconds.
  path: Assets/Game/Scripts/Frame/Player/Player.cs
  artifactKey: Guid(4657a819fc8eadf459113d07b3e42875) Importer(815301076,1909f56bfc062723c751e8b465ee728b)
Start importing Assets/Game/Scripts/Frame/Player/Player.cs using Guid(4657a819fc8eadf459113d07b3e42875) Importer(815301076,1909f56bfc062723c751e8b465ee728b) (PreviewImporter) -> (artifact id: '00000000000000000000000000000000') in 0.0004298 seconds
Import Error Code:(4)
Message: Build asset version error: assets/game/scripts/frame/player/player.cs in SourceAssetDB has modification time of '2024-12-13T08:37:42.3586521Z' while content on disk has modification time of '2025-02-26T03:15:16.5173926Z'
  ERROR: Build asset version error: assets/game/scripts/frame/player/player.cs in SourceAssetDB has modification time of '2024-12-13T08:37:42.3586521Z' while content on disk has modification time of '2025-02-26T03:15:16.5173926Z'
Number of updated asset objects reloaded before import = 0Number of asset objects unloaded after import = 0

========================================================================
Received Import Request.
  Time since last request: 0.002318 seconds.
  path: Assets/Game/Scripts/Frame/Player/Player.cs
  artifactKey: Guid(4657a819fc8eadf459113d07b3e42875) Importer(815301076,1909f56bfc062723c751e8b465ee728b)
Start importing Assets/Game/Scripts/Frame/Player/Player.cs using Guid(4657a819fc8eadf459113d07b3e42875) Importer(815301076,1909f56bfc062723c751e8b465ee728b) (PreviewImporter) -> (artifact id: '00000000000000000000000000000000') in 0.0004213 seconds
Import Error Code:(4)
Message: Build asset version error: assets/game/scripts/frame/player/player.cs in SourceAssetDB has modification time of '2024-12-13T08:37:42.3586521Z' while content on disk has modification time of '2025-02-26T03:15:16.5173926Z'
  ERROR: Build asset version error: assets/game/scripts/frame/player/player.cs in SourceAssetDB has modification time of '2024-12-13T08:37:42.3586521Z' while content on disk has modification time of '2025-02-26T03:15:16.5173926Z'
Number of updated asset objects reloaded before import = 0Number of asset objects unloaded after import = 0

========================================================================
Received Import Request.
  Time since last request: 0.001074 seconds.
  path: Assets/Game/Scripts/Frame/Player/Player.cs
  artifactKey: Guid(4657a819fc8eadf459113d07b3e42875) Importer(815301076,1909f56bfc062723c751e8b465ee728b)
Start importing Assets/Game/Scripts/Frame/Player/Player.cs using Guid(4657a819fc8eadf459113d07b3e42875) Importer(815301076,1909f56bfc062723c751e8b465ee728b) (PreviewImporter) -> (artifact id: '00000000000000000000000000000000') in 0.00043 seconds
Import Error Code:(4)
Message: Build asset version error: assets/game/scripts/frame/player/player.cs in SourceAssetDB has modification time of '2024-12-13T08:37:42.3586521Z' while content on disk has modification time of '2025-02-26T03:15:16.5173926Z'
  ERROR: Build asset version error: assets/game/scripts/frame/player/player.cs in SourceAssetDB has modification time of '2024-12-13T08:37:42.3586521Z' while content on disk has modification time of '2025-02-26T03:15:16.5173926Z'
Number of updated asset objects reloaded before import = 0Number of asset objects unloaded after import = 0

========================================================================
Received Import Request.
  Time since last request: 0.001545 seconds.
  path: Assets/Game/Scripts/Frame/Player/Player.cs
  artifactKey: Guid(4657a819fc8eadf459113d07b3e42875) Importer(815301076,1909f56bfc062723c751e8b465ee728b)
Start importing Assets/Game/Scripts/Frame/Player/Player.cs using Guid(4657a819fc8eadf459113d07b3e42875) Importer(815301076,1909f56bfc062723c751e8b465ee728b) (PreviewImporter) -> (artifact id: '00000000000000000000000000000000') in 0.0003971 seconds
Import Error Code:(4)
Message: Build asset version error: assets/game/scripts/frame/player/player.cs in SourceAssetDB has modification time of '2024-12-13T08:37:42.3586521Z' while content on disk has modification time of '2025-02-26T03:15:16.5173926Z'
  ERROR: Build asset version error: assets/game/scripts/frame/player/player.cs in SourceAssetDB has modification time of '2024-12-13T08:37:42.3586521Z' while content on disk has modification time of '2025-02-26T03:15:16.5173926Z'
Number of updated asset objects reloaded before import = 0Number of asset objects unloaded after import = 0

========================================================================
Received Import Request.
  Time since last request: 0.001489 seconds.
  path: Assets/Game/Scripts/Frame/Player/Player.cs
  artifactKey: Guid(4657a819fc8eadf459113d07b3e42875) Importer(815301076,1909f56bfc062723c751e8b465ee728b)
Start importing Assets/Game/Scripts/Frame/Player/Player.cs using Guid(4657a819fc8eadf459113d07b3e42875) Importer(815301076,1909f56bfc062723c751e8b465ee728b) (PreviewImporter) -> (artifact id: '00000000000000000000000000000000') in 0.0003982 seconds
Import Error Code:(4)
Message: Build asset version error: assets/game/scripts/frame/player/player.cs in SourceAssetDB has modification time of '2024-12-13T08:37:42.3586521Z' while content on disk has modification time of '2025-02-26T03:15:16.5173926Z'
  ERROR: Build asset version error: assets/game/scripts/frame/player/player.cs in SourceAssetDB has modification time of '2024-12-13T08:37:42.3586521Z' while content on disk has modification time of '2025-02-26T03:15:16.5173926Z'
Number of updated asset objects reloaded before import = 0Number of asset objects unloaded after import = 0

========================================================================
Received Import Request.
  Time since last request: 0.001620 seconds.
  path: Assets/Game/Scripts/Frame/Player/Player.cs
  artifactKey: Guid(4657a819fc8eadf459113d07b3e42875) Importer(815301076,1909f56bfc062723c751e8b465ee728b)
Start importing Assets/Game/Scripts/Frame/Player/Player.cs using Guid(4657a819fc8eadf459113d07b3e42875) Importer(815301076,1909f56bfc062723c751e8b465ee728b) (PreviewImporter) -> (artifact id: '00000000000000000000000000000000') in 0.0004365 seconds
Import Error Code:(4)
Message: Build asset version error: assets/game/scripts/frame/player/player.cs in SourceAssetDB has modification time of '2024-12-13T08:37:42.3586521Z' while content on disk has modification time of '2025-02-26T03:15:16.5173926Z'
  ERROR: Build asset version error: assets/game/scripts/frame/player/player.cs in SourceAssetDB has modification time of '2024-12-13T08:37:42.3586521Z' while content on disk has modification time of '2025-02-26T03:15:16.5173926Z'
Number of updated asset objects reloaded before import = 0Number of asset objects unloaded after import = 0

========================================================================
Received Import Request.
  Time since last request: 0.002557 seconds.
  path: Assets/Game/Scripts/Frame/Player/Player.cs
  artifactKey: Guid(4657a819fc8eadf459113d07b3e42875) Importer(815301076,1909f56bfc062723c751e8b465ee728b)
Start importing Assets/Game/Scripts/Frame/Player/Player.cs using Guid(4657a819fc8eadf459113d07b3e42875) Importer(815301076,1909f56bfc062723c751e8b465ee728b) (PreviewImporter) -> (artifact id: '00000000000000000000000000000000') in 0.0003777 seconds
Import Error Code:(4)
Message: Build asset version error: assets/game/scripts/frame/player/player.cs in SourceAssetDB has modification time of '2024-12-13T08:37:42.3586521Z' while content on disk has modification time of '2025-02-26T03:15:16.5173926Z'
  ERROR: Build asset version error: assets/game/scripts/frame/player/player.cs in SourceAssetDB has modification time of '2024-12-13T08:37:42.3586521Z' while content on disk has modification time of '2025-02-26T03:15:16.5173926Z'
Number of updated asset objects reloaded before import = 0Number of asset objects unloaded after import = 0

========================================================================
Received Import Request.
  Time since last request: 0.002370 seconds.
  path: Assets/Game/Scripts/Frame/Player/Player.cs
  artifactKey: Guid(4657a819fc8eadf459113d07b3e42875) Importer(815301076,1909f56bfc062723c751e8b465ee728b)
Start importing Assets/Game/Scripts/Frame/Player/Player.cs using Guid(4657a819fc8eadf459113d07b3e42875) Importer(815301076,1909f56bfc062723c751e8b465ee728b) (PreviewImporter) -> (artifact id: '00000000000000000000000000000000') in 0.0003953 seconds
Import Error Code:(4)
Message: Build asset version error: assets/game/scripts/frame/player/player.cs in SourceAssetDB has modification time of '2024-12-13T08:37:42.3586521Z' while content on disk has modification time of '2025-02-26T03:15:16.5173926Z'
  ERROR: Build asset version error: assets/game/scripts/frame/player/player.cs in SourceAssetDB has modification time of '2024-12-13T08:37:42.3586521Z' while content on disk has modification time of '2025-02-26T03:15:16.5173926Z'
Number of updated asset objects reloaded before import = 0Number of asset objects unloaded after import = 0

========================================================================
Received Import Request.
  Time since last request: 0.002973 seconds.
  path: Assets/Game/Scripts/Frame/Player/Player.cs
  artifactKey: Guid(4657a819fc8eadf459113d07b3e42875) Importer(815301076,1909f56bfc062723c751e8b465ee728b)
Start importing Assets/Game/Scripts/Frame/Player/Player.cs using Guid(4657a819fc8eadf459113d07b3e42875) Importer(815301076,1909f56bfc062723c751e8b465ee728b) (PreviewImporter) -> (artifact id: '00000000000000000000000000000000') in 0.0003883 seconds
Import Error Code:(4)
Message: Build asset version error: assets/game/scripts/frame/player/player.cs in SourceAssetDB has modification time of '2024-12-13T08:37:42.3586521Z' while content on disk has modification time of '2025-02-26T03:15:16.5173926Z'
  ERROR: Build asset version error: assets/game/scripts/frame/player/player.cs in SourceAssetDB has modification time of '2024-12-13T08:37:42.3586521Z' while content on disk has modification time of '2025-02-26T03:15:16.5173926Z'
Number of updated asset objects reloaded before import = 0Number of asset objects unloaded after import = 0

========================================================================
Received Import Request.
  Time since last request: 0.001944 seconds.
  path: Assets/Game/Scripts/Frame/Player/Player.cs
  artifactKey: Guid(4657a819fc8eadf459113d07b3e42875) Importer(815301076,1909f56bfc062723c751e8b465ee728b)
Start importing Assets/Game/Scripts/Frame/Player/Player.cs using Guid(4657a819fc8eadf459113d07b3e42875) Importer(815301076,1909f56bfc062723c751e8b465ee728b) (PreviewImporter) -> (artifact id: '00000000000000000000000000000000') in 0.0003942 seconds
Import Error Code:(4)
Message: Build asset version error: assets/game/scripts/frame/player/player.cs in SourceAssetDB has modification time of '2024-12-13T08:37:42.3586521Z' while content on disk has modification time of '2025-02-26T03:15:16.5173926Z'
  ERROR: Build asset version error: assets/game/scripts/frame/player/player.cs in SourceAssetDB has modification time of '2024-12-13T08:37:42.3586521Z' while content on disk has modification time of '2025-02-26T03:15:16.5173926Z'
Number of updated asset objects reloaded before import = 0Number of asset objects unloaded after import = 0

========================================================================
Received Import Request.
  Time since last request: 0.001613 seconds.
  path: Assets/Game/Scripts/Frame/Player/Player.cs
  artifactKey: Guid(4657a819fc8eadf459113d07b3e42875) Importer(815301076,1909f56bfc062723c751e8b465ee728b)
Start importing Assets/Game/Scripts/Frame/Player/Player.cs using Guid(4657a819fc8eadf459113d07b3e42875) Importer(815301076,1909f56bfc062723c751e8b465ee728b) (PreviewImporter) -> (artifact id: '00000000000000000000000000000000') in 0.000385 seconds
Import Error Code:(4)
Message: Build asset version error: assets/game/scripts/frame/player/player.cs in SourceAssetDB has modification time of '2024-12-13T08:37:42.3586521Z' while content on disk has modification time of '2025-02-26T03:15:16.5173926Z'
  ERROR: Build asset version error: assets/game/scripts/frame/player/player.cs in SourceAssetDB has modification time of '2024-12-13T08:37:42.3586521Z' while content on disk has modification time of '2025-02-26T03:15:16.5173926Z'
Number of updated asset objects reloaded before import = 0Number of asset objects unloaded after import = 0

========================================================================
Received Import Request.
  Time since last request: 0.002763 seconds.
  path: Assets/Game/Scripts/Frame/Player/Player.cs
  artifactKey: Guid(4657a819fc8eadf459113d07b3e42875) Importer(815301076,1909f56bfc062723c751e8b465ee728b)
Start importing Assets/Game/Scripts/Frame/Player/Player.cs using Guid(4657a819fc8eadf459113d07b3e42875) Importer(815301076,1909f56bfc062723c751e8b465ee728b) (PreviewImporter) -> (artifact id: '00000000000000000000000000000000') in 0.0004213 seconds
Import Error Code:(4)
Message: Build asset version error: assets/game/scripts/frame/player/player.cs in SourceAssetDB has modification time of '2024-12-13T08:37:42.3586521Z' while content on disk has modification time of '2025-02-26T03:15:16.5173926Z'
  ERROR: Build asset version error: assets/game/scripts/frame/player/player.cs in SourceAssetDB has modification time of '2024-12-13T08:37:42.3586521Z' while content on disk has modification time of '2025-02-26T03:15:16.5173926Z'
Number of updated asset objects reloaded before import = 0Number of asset objects unloaded after import = 0

========================================================================
Received Import Request.
  Time since last request: 0.002257 seconds.
  path: Assets/Game/Scripts/Frame/Player/Player.cs
  artifactKey: Guid(4657a819fc8eadf459113d07b3e42875) Importer(815301076,1909f56bfc062723c751e8b465ee728b)
Start importing Assets/Game/Scripts/Frame/Player/Player.cs using Guid(4657a819fc8eadf459113d07b3e42875) Importer(815301076,1909f56bfc062723c751e8b465ee728b) (PreviewImporter) -> (artifact id: '00000000000000000000000000000000') in 0.0004624 seconds
Import Error Code:(4)
Message: Build asset version error: assets/game/scripts/frame/player/player.cs in SourceAssetDB has modification time of '2024-12-13T08:37:42.3586521Z' while content on disk has modification time of '2025-02-26T03:15:16.5173926Z'
  ERROR: Build asset version error: assets/game/scripts/frame/player/player.cs in SourceAssetDB has modification time of '2024-12-13T08:37:42.3586521Z' while content on disk has modification time of '2025-02-26T03:15:16.5173926Z'
Number of updated asset objects reloaded before import = 0Number of asset objects unloaded after import = 0

========================================================================
Received Import Request.
  Time since last request: 0.001904 seconds.
  path: Assets/Game/Scripts/Frame/Player/Player.cs
  artifactKey: Guid(4657a819fc8eadf459113d07b3e42875) Importer(815301076,1909f56bfc062723c751e8b465ee728b)
Start importing Assets/Game/Scripts/Frame/Player/Player.cs using Guid(4657a819fc8eadf459113d07b3e42875) Importer(815301076,1909f56bfc062723c751e8b465ee728b) (PreviewImporter) -> (artifact id: '00000000000000000000000000000000') in 0.0004962 seconds
Import Error Code:(4)
Message: Build asset version error: assets/game/scripts/frame/player/player.cs in SourceAssetDB has modification time of '2024-12-13T08:37:42.3586521Z' while content on disk has modification time of '2025-02-26T03:15:16.5173926Z'
  ERROR: Build asset version error: assets/game/scripts/frame/player/player.cs in SourceAssetDB has modification time of '2024-12-13T08:37:42.3586521Z' while content on disk has modification time of '2025-02-26T03:15:16.5173926Z'
Number of updated asset objects reloaded before import = 0Number of asset objects unloaded after import = 0

========================================================================
Received Import Request.
  Time since last request: 0.000656 seconds.
  path: Assets/Game/Scripts/Frame/Player/Player.cs
  artifactKey: Guid(4657a819fc8eadf459113d07b3e42875) Importer(815301076,1909f56bfc062723c751e8b465ee728b)
Start importing Assets/Game/Scripts/Frame/Player/Player.cs using Guid(4657a819fc8eadf459113d07b3e42875) Importer(815301076,1909f56bfc062723c751e8b465ee728b) (PreviewImporter) -> (artifact id: '00000000000000000000000000000000') in 0.0003909 seconds
Import Error Code:(4)
Message: Build asset version error: assets/game/scripts/frame/player/player.cs in SourceAssetDB has modification time of '2024-12-13T08:37:42.3586521Z' while content on disk has modification time of '2025-02-26T03:15:16.5173926Z'
  ERROR: Build asset version error: assets/game/scripts/frame/player/player.cs in SourceAssetDB has modification time of '2024-12-13T08:37:42.3586521Z' while content on disk has modification time of '2025-02-26T03:15:16.5173926Z'
Number of updated asset objects reloaded before import = 0Number of asset objects unloaded after import = 0

========================================================================
Received Import Request.
  Time since last request: 0.000321 seconds.
  path: Assets/Game/Scripts/Frame/Player/Player.cs
  artifactKey: Guid(4657a819fc8eadf459113d07b3e42875) Importer(815301076,1909f56bfc062723c751e8b465ee728b)
Start importing Assets/Game/Scripts/Frame/Player/Player.cs using Guid(4657a819fc8eadf459113d07b3e42875) Importer(815301076,1909f56bfc062723c751e8b465ee728b) (PreviewImporter) -> (artifact id: '00000000000000000000000000000000') in 0.0003786 seconds
Import Error Code:(4)
Message: Build asset version error: assets/game/scripts/frame/player/player.cs in SourceAssetDB has modification time of '2024-12-13T08:37:42.3586521Z' while content on disk has modification time of '2025-02-26T03:15:16.5173926Z'
  ERROR: Build asset version error: assets/game/scripts/frame/player/player.cs in SourceAssetDB has modification time of '2024-12-13T08:37:42.3586521Z' while content on disk has modification time of '2025-02-26T03:15:16.5173926Z'
Number of updated asset objects reloaded before import = 0Number of asset objects unloaded after import = 0

========================================================================
Received Import Request.
  Time since last request: 0.001759 seconds.
  path: Assets/Game/Scripts/Frame/Player/Player.cs
  artifactKey: Guid(4657a819fc8eadf459113d07b3e42875) Importer(815301076,1909f56bfc062723c751e8b465ee728b)
Start importing Assets/Game/Scripts/Frame/Player/Player.cs using Guid(4657a819fc8eadf459113d07b3e42875) Importer(815301076,1909f56bfc062723c751e8b465ee728b) (PreviewImporter) -> (artifact id: '00000000000000000000000000000000') in 0.000555 seconds
Import Error Code:(4)
Message: Build asset version error: assets/game/scripts/frame/player/player.cs in SourceAssetDB has modification time of '2024-12-13T08:37:42.3586521Z' while content on disk has modification time of '2025-02-26T03:15:16.5173926Z'
  ERROR: Build asset version error: assets/game/scripts/frame/player/player.cs in SourceAssetDB has modification time of '2024-12-13T08:37:42.3586521Z' while content on disk has modification time of '2025-02-26T03:15:16.5173926Z'
Number of updated asset objects reloaded before import = 0Number of asset objects unloaded after import = 0

========================================================================
Received Import Request.
  Time since last request: 0.001674 seconds.
  path: Assets/Game/Scripts/Frame/Player/Player.cs
  artifactKey: Guid(4657a819fc8eadf459113d07b3e42875) Importer(815301076,1909f56bfc062723c751e8b465ee728b)
Start importing Assets/Game/Scripts/Frame/Player/Player.cs using Guid(4657a819fc8eadf459113d07b3e42875) Importer(815301076,1909f56bfc062723c751e8b465ee728b) (PreviewImporter) -> (artifact id: '00000000000000000000000000000000') in 0.0005716 seconds
Import Error Code:(4)
Message: Build asset version error: assets/game/scripts/frame/player/player.cs in SourceAssetDB has modification time of '2024-12-13T08:37:42.3586521Z' while content on disk has modification time of '2025-02-26T03:15:16.5173926Z'
  ERROR: Build asset version error: assets/game/scripts/frame/player/player.cs in SourceAssetDB has modification time of '2024-12-13T08:37:42.3586521Z' while content on disk has modification time of '2025-02-26T03:15:16.5173926Z'
Number of updated asset objects reloaded before import = 0Number of asset objects unloaded after import = 0

========================================================================
Received Import Request.
  Time since last request: 0.000810 seconds.
  path: Assets/Game/Scripts/Frame/Player/Player.cs
  artifactKey: Guid(4657a819fc8eadf459113d07b3e42875) Importer(815301076,1909f56bfc062723c751e8b465ee728b)
Start importing Assets/Game/Scripts/Frame/Player/Player.cs using Guid(4657a819fc8eadf459113d07b3e42875) Importer(815301076,1909f56bfc062723c751e8b465ee728b) (PreviewImporter) -> (artifact id: '00000000000000000000000000000000') in 0.0004279 seconds
Import Error Code:(4)
Message: Build asset version error: assets/game/scripts/frame/player/player.cs in SourceAssetDB has modification time of '2024-12-13T08:37:42.3586521Z' while content on disk has modification time of '2025-02-26T03:15:16.5173926Z'
  ERROR: Build asset version error: assets/game/scripts/frame/player/player.cs in SourceAssetDB has modification time of '2024-12-13T08:37:42.3586521Z' while content on disk has modification time of '2025-02-26T03:15:16.5173926Z'
Number of updated asset objects reloaded before import = 0Number of asset objects unloaded after import = 0

========================================================================
Received Import Request.
  Time since last request: 0.001986 seconds.
  path: Assets/Game/Scripts/Frame/Player/Player.cs
  artifactKey: Guid(4657a819fc8eadf459113d07b3e42875) Importer(815301076,1909f56bfc062723c751e8b465ee728b)
Start importing Assets/Game/Scripts/Frame/Player/Player.cs using Guid(4657a819fc8eadf459113d07b3e42875) Importer(815301076,1909f56bfc062723c751e8b465ee728b) (PreviewImporter) -> (artifact id: '00000000000000000000000000000000') in 0.0007096 seconds
Import Error Code:(4)
Message: Build asset version error: assets/game/scripts/frame/player/player.cs in SourceAssetDB has modification time of '2024-12-13T08:37:42.3586521Z' while content on disk has modification time of '2025-02-26T03:15:16.5173926Z'
  ERROR: Build asset version error: assets/game/scripts/frame/player/player.cs in SourceAssetDB has modification time of '2024-12-13T08:37:42.3586521Z' while content on disk has modification time of '2025-02-26T03:15:16.5173926Z'
Number of updated asset objects reloaded before import = 0Number of asset objects unloaded after import = 0

========================================================================
Received Import Request.
  Time since last request: 0.001206 seconds.
  path: Assets/Game/Scripts/Frame/Player/Player.cs
  artifactKey: Guid(4657a819fc8eadf459113d07b3e42875) Importer(815301076,1909f56bfc062723c751e8b465ee728b)
Start importing Assets/Game/Scripts/Frame/Player/Player.cs using Guid(4657a819fc8eadf459113d07b3e42875) Importer(815301076,1909f56bfc062723c751e8b465ee728b) (PreviewImporter) -> (artifact id: '00000000000000000000000000000000') in 0.0005823 seconds
Import Error Code:(4)
Message: Build asset version error: assets/game/scripts/frame/player/player.cs in SourceAssetDB has modification time of '2024-12-13T08:37:42.3586521Z' while content on disk has modification time of '2025-02-26T03:15:16.5173926Z'
  ERROR: Build asset version error: assets/game/scripts/frame/player/player.cs in SourceAssetDB has modification time of '2024-12-13T08:37:42.3586521Z' while content on disk has modification time of '2025-02-26T03:15:16.5173926Z'
Number of updated asset objects reloaded before import = 0Number of asset objects unloaded after import = 0

========================================================================
Received Import Request.
  Time since last request: 0.001469 seconds.
  path: Assets/Game/Scripts/Frame/Player/Player.cs
  artifactKey: Guid(4657a819fc8eadf459113d07b3e42875) Importer(815301076,1909f56bfc062723c751e8b465ee728b)
Start importing Assets/Game/Scripts/Frame/Player/Player.cs using Guid(4657a819fc8eadf459113d07b3e42875) Importer(815301076,1909f56bfc062723c751e8b465ee728b) (PreviewImporter) -> (artifact id: '00000000000000000000000000000000') in 0.0006723 seconds
Import Error Code:(4)
Message: Build asset version error: assets/game/scripts/frame/player/player.cs in SourceAssetDB has modification time of '2024-12-13T08:37:42.3586521Z' while content on disk has modification time of '2025-02-26T03:15:16.5173926Z'
  ERROR: Build asset version error: assets/game/scripts/frame/player/player.cs in SourceAssetDB has modification time of '2024-12-13T08:37:42.3586521Z' while content on disk has modification time of '2025-02-26T03:15:16.5173926Z'
Number of updated asset objects reloaded before import = 0Number of asset objects unloaded after import = 0

========================================================================
Received Import Request.
  Time since last request: 0.001679 seconds.
  path: Assets/Game/Scripts/Frame/Player/Player.cs
  artifactKey: Guid(4657a819fc8eadf459113d07b3e42875) Importer(815301076,1909f56bfc062723c751e8b465ee728b)
Start importing Assets/Game/Scripts/Frame/Player/Player.cs using Guid(4657a819fc8eadf459113d07b3e42875) Importer(815301076,1909f56bfc062723c751e8b465ee728b) (PreviewImporter) -> (artifact id: '00000000000000000000000000000000') in 0.0005837 seconds
Import Error Code:(4)
Message: Build asset version error: assets/game/scripts/frame/player/player.cs in SourceAssetDB has modification time of '2024-12-13T08:37:42.3586521Z' while content on disk has modification time of '2025-02-26T03:15:16.5173926Z'
  ERROR: Build asset version error: assets/game/scripts/frame/player/player.cs in SourceAssetDB has modification time of '2024-12-13T08:37:42.3586521Z' while content on disk has modification time of '2025-02-26T03:15:16.5173926Z'
Number of updated asset objects reloaded before import = 0Number of asset objects unloaded after import = 0

========================================================================
Received Import Request.
  Time since last request: 0.002393 seconds.
  path: Assets/Game/Scripts/Frame/Player/Player.cs
  artifactKey: Guid(4657a819fc8eadf459113d07b3e42875) Importer(815301076,1909f56bfc062723c751e8b465ee728b)
Start importing Assets/Game/Scripts/Frame/Player/Player.cs using Guid(4657a819fc8eadf459113d07b3e42875) Importer(815301076,1909f56bfc062723c751e8b465ee728b) (PreviewImporter) -> (artifact id: '00000000000000000000000000000000') in 0.0004473 seconds
Import Error Code:(4)
Message: Build asset version error: assets/game/scripts/frame/player/player.cs in SourceAssetDB has modification time of '2024-12-13T08:37:42.3586521Z' while content on disk has modification time of '2025-02-26T03:15:16.5173926Z'
  ERROR: Build asset version error: assets/game/scripts/frame/player/player.cs in SourceAssetDB has modification time of '2024-12-13T08:37:42.3586521Z' while content on disk has modification time of '2025-02-26T03:15:16.5173926Z'
Number of updated asset objects reloaded before import = 0Number of asset objects unloaded after import = 0

========================================================================
Received Import Request.
  Time since last request: 0.000375 seconds.
  path: Assets/Game/Scripts/Frame/Player/Player.cs
  artifactKey: Guid(4657a819fc8eadf459113d07b3e42875) Importer(815301076,1909f56bfc062723c751e8b465ee728b)
Start importing Assets/Game/Scripts/Frame/Player/Player.cs using Guid(4657a819fc8eadf459113d07b3e42875) Importer(815301076,1909f56bfc062723c751e8b465ee728b) (PreviewImporter) -> (artifact id: '00000000000000000000000000000000') in 0.0005969 seconds
Import Error Code:(4)
Message: Build asset version error: assets/game/scripts/frame/player/player.cs in SourceAssetDB has modification time of '2024-12-13T08:37:42.3586521Z' while content on disk has modification time of '2025-02-26T03:15:16.5173926Z'
  ERROR: Build asset version error: assets/game/scripts/frame/player/player.cs in SourceAssetDB has modification time of '2024-12-13T08:37:42.3586521Z' while content on disk has modification time of '2025-02-26T03:15:16.5173926Z'
Number of updated asset objects reloaded before import = 0Number of asset objects unloaded after import = 0

========================================================================
Received Import Request.
  Time since last request: 0.001454 seconds.
  path: Assets/Game/Scripts/Frame/Player/Player.cs
  artifactKey: Guid(4657a819fc8eadf459113d07b3e42875) Importer(815301076,1909f56bfc062723c751e8b465ee728b)
Start importing Assets/Game/Scripts/Frame/Player/Player.cs using Guid(4657a819fc8eadf459113d07b3e42875) Importer(815301076,1909f56bfc062723c751e8b465ee728b) (PreviewImporter) -> (artifact id: '00000000000000000000000000000000') in 0.00065 seconds
Import Error Code:(4)
Message: Build asset version error: assets/game/scripts/frame/player/player.cs in SourceAssetDB has modification time of '2024-12-13T08:37:42.3586521Z' while content on disk has modification time of '2025-02-26T03:15:16.5173926Z'
  ERROR: Build asset version error: assets/game/scripts/frame/player/player.cs in SourceAssetDB has modification time of '2024-12-13T08:37:42.3586521Z' while content on disk has modification time of '2025-02-26T03:15:16.5173926Z'
Number of updated asset objects reloaded before import = 0Number of asset objects unloaded after import = 0

========================================================================
Received Import Request.
  Time since last request: 0.001075 seconds.
  path: Assets/Game/Scripts/Frame/Player/Player.cs
  artifactKey: Guid(4657a819fc8eadf459113d07b3e42875) Importer(815301076,1909f56bfc062723c751e8b465ee728b)
Start importing Assets/Game/Scripts/Frame/Player/Player.cs using Guid(4657a819fc8eadf459113d07b3e42875) Importer(815301076,1909f56bfc062723c751e8b465ee728b) (PreviewImporter) -> (artifact id: '00000000000000000000000000000000') in 0.0006899 seconds
Import Error Code:(4)
Message: Build asset version error: assets/game/scripts/frame/player/player.cs in SourceAssetDB has modification time of '2024-12-13T08:37:42.3586521Z' while content on disk has modification time of '2025-02-26T03:15:16.5173926Z'
  ERROR: Build asset version error: assets/game/scripts/frame/player/player.cs in SourceAssetDB has modification time of '2024-12-13T08:37:42.3586521Z' while content on disk has modification time of '2025-02-26T03:15:16.5173926Z'
Number of updated asset objects reloaded before import = 0Number of asset objects unloaded after import = 0

========================================================================
Received Import Request.
  Time since last request: 0.001506 seconds.
  path: Assets/Game/Scripts/Frame/Player/Player.cs
  artifactKey: Guid(4657a819fc8eadf459113d07b3e42875) Importer(815301076,1909f56bfc062723c751e8b465ee728b)
Start importing Assets/Game/Scripts/Frame/Player/Player.cs using Guid(4657a819fc8eadf459113d07b3e42875) Importer(815301076,1909f56bfc062723c751e8b465ee728b) (PreviewImporter) -> (artifact id: '00000000000000000000000000000000') in 0.0004735 seconds
Import Error Code:(4)
Message: Build asset version error: assets/game/scripts/frame/player/player.cs in SourceAssetDB has modification time of '2024-12-13T08:37:42.3586521Z' while content on disk has modification time of '2025-02-26T03:15:16.5173926Z'
  ERROR: Build asset version error: assets/game/scripts/frame/player/player.cs in SourceAssetDB has modification time of '2024-12-13T08:37:42.3586521Z' while content on disk has modification time of '2025-02-26T03:15:16.5173926Z'
Number of updated asset objects reloaded before import = 0Number of asset objects unloaded after import = 0

========================================================================
Received Import Request.
  Time since last request: 0.001922 seconds.
  path: Assets/Game/Scripts/Frame/Player/Player.cs
  artifactKey: Guid(4657a819fc8eadf459113d07b3e42875) Importer(815301076,1909f56bfc062723c751e8b465ee728b)
Start importing Assets/Game/Scripts/Frame/Player/Player.cs using Guid(4657a819fc8eadf459113d07b3e42875) Importer(815301076,1909f56bfc062723c751e8b465ee728b) (PreviewImporter) -> (artifact id: '00000000000000000000000000000000') in 0.0006624 seconds
Import Error Code:(4)
Message: Build asset version error: assets/game/scripts/frame/player/player.cs in SourceAssetDB has modification time of '2024-12-13T08:37:42.3586521Z' while content on disk has modification time of '2025-02-26T03:15:16.5173926Z'
  ERROR: Build asset version error: assets/game/scripts/frame/player/player.cs in SourceAssetDB has modification time of '2024-12-13T08:37:42.3586521Z' while content on disk has modification time of '2025-02-26T03:15:16.5173926Z'
Number of updated asset objects reloaded before import = 0Number of asset objects unloaded after import = 0

========================================================================
Received Import Request.
  Time since last request: 0.001590 seconds.
  path: Assets/Game/Scripts/Frame/Player/Player.cs
  artifactKey: Guid(4657a819fc8eadf459113d07b3e42875) Importer(815301076,1909f56bfc062723c751e8b465ee728b)
Start importing Assets/Game/Scripts/Frame/Player/Player.cs using Guid(4657a819fc8eadf459113d07b3e42875) Importer(815301076,1909f56bfc062723c751e8b465ee728b) (PreviewImporter) -> (artifact id: '00000000000000000000000000000000') in 0.0004383 seconds
Import Error Code:(4)
Message: Build asset version error: assets/game/scripts/frame/player/player.cs in SourceAssetDB has modification time of '2024-12-13T08:37:42.3586521Z' while content on disk has modification time of '2025-02-26T03:15:16.5173926Z'
  ERROR: Build asset version error: assets/game/scripts/frame/player/player.cs in SourceAssetDB has modification time of '2024-12-13T08:37:42.3586521Z' while content on disk has modification time of '2025-02-26T03:15:16.5173926Z'
Number of updated asset objects reloaded before import = 0Number of asset objects unloaded after import = 0

========================================================================
Received Import Request.
  Time since last request: 0.001360 seconds.
  path: Assets/Game/Scripts/Frame/Player/Player.cs
  artifactKey: Guid(4657a819fc8eadf459113d07b3e42875) Importer(815301076,1909f56bfc062723c751e8b465ee728b)
Start importing Assets/Game/Scripts/Frame/Player/Player.cs using Guid(4657a819fc8eadf459113d07b3e42875) Importer(815301076,1909f56bfc062723c751e8b465ee728b) (PreviewImporter) -> (artifact id: '00000000000000000000000000000000') in 0.0004724 seconds
Import Error Code:(4)
Message: Build asset version error: assets/game/scripts/frame/player/player.cs in SourceAssetDB has modification time of '2024-12-13T08:37:42.3586521Z' while content on disk has modification time of '2025-02-26T03:15:16.5173926Z'
  ERROR: Build asset version error: assets/game/scripts/frame/player/player.cs in SourceAssetDB has modification time of '2024-12-13T08:37:42.3586521Z' while content on disk has modification time of '2025-02-26T03:15:16.5173926Z'
Number of updated asset objects reloaded before import = 0Number of asset objects unloaded after import = 0

========================================================================
Received Import Request.
  Time since last request: 0.001816 seconds.
  path: Assets/Game/Scripts/Frame/Player/Player.cs
  artifactKey: Guid(4657a819fc8eadf459113d07b3e42875) Importer(815301076,1909f56bfc062723c751e8b465ee728b)
Start importing Assets/Game/Scripts/Frame/Player/Player.cs using Guid(4657a819fc8eadf459113d07b3e42875) Importer(815301076,1909f56bfc062723c751e8b465ee728b) (PreviewImporter) -> (artifact id: '00000000000000000000000000000000') in 0.000518 seconds
Import Error Code:(4)
Message: Build asset version error: assets/game/scripts/frame/player/player.cs in SourceAssetDB has modification time of '2024-12-13T08:37:42.3586521Z' while content on disk has modification time of '2025-02-26T03:15:16.5173926Z'
  ERROR: Build asset version error: assets/game/scripts/frame/player/player.cs in SourceAssetDB has modification time of '2024-12-13T08:37:42.3586521Z' while content on disk has modification time of '2025-02-26T03:15:16.5173926Z'
Number of updated asset objects reloaded before import = 0Number of asset objects unloaded after import = 0

========================================================================
Received Import Request.
  Time since last request: 0.001054 seconds.
  path: Assets/Game/Scripts/Frame/Player/Player.cs
  artifactKey: Guid(4657a819fc8eadf459113d07b3e42875) Importer(815301076,1909f56bfc062723c751e8b465ee728b)
Start importing Assets/Game/Scripts/Frame/Player/Player.cs using Guid(4657a819fc8eadf459113d07b3e42875) Importer(815301076,1909f56bfc062723c751e8b465ee728b) (PreviewImporter) -> (artifact id: '00000000000000000000000000000000') in 0.0004505 seconds
Import Error Code:(4)
Message: Build asset version error: assets/game/scripts/frame/player/player.cs in SourceAssetDB has modification time of '2024-12-13T08:37:42.3586521Z' while content on disk has modification time of '2025-02-26T03:15:16.5173926Z'
  ERROR: Build asset version error: assets/game/scripts/frame/player/player.cs in SourceAssetDB has modification time of '2024-12-13T08:37:42.3586521Z' while content on disk has modification time of '2025-02-26T03:15:16.5173926Z'
Number of updated asset objects reloaded before import = 0Number of asset objects unloaded after import = 0

========================================================================
Received Import Request.
  Time since last request: 0.000761 seconds.
  path: Assets/Game/Scripts/Frame/Player/Player.cs
  artifactKey: Guid(4657a819fc8eadf459113d07b3e42875) Importer(815301076,1909f56bfc062723c751e8b465ee728b)
Start importing Assets/Game/Scripts/Frame/Player/Player.cs using Guid(4657a819fc8eadf459113d07b3e42875) Importer(815301076,1909f56bfc062723c751e8b465ee728b) (PreviewImporter) -> (artifact id: '00000000000000000000000000000000') in 0.0004326 seconds
Import Error Code:(4)
Message: Build asset version error: assets/game/scripts/frame/player/player.cs in SourceAssetDB has modification time of '2024-12-13T08:37:42.3586521Z' while content on disk has modification time of '2025-02-26T03:15:16.5173926Z'
  ERROR: Build asset version error: assets/game/scripts/frame/player/player.cs in SourceAssetDB has modification time of '2024-12-13T08:37:42.3586521Z' while content on disk has modification time of '2025-02-26T03:15:16.5173926Z'
Number of updated asset objects reloaded before import = 0Number of asset objects unloaded after import = 0

========================================================================
Received Import Request.
  Time since last request: 0.001508 seconds.
  path: Assets/Game/Scripts/Frame/Player/Player.cs
  artifactKey: Guid(4657a819fc8eadf459113d07b3e42875) Importer(815301076,1909f56bfc062723c751e8b465ee728b)
Start importing Assets/Game/Scripts/Frame/Player/Player.cs using Guid(4657a819fc8eadf459113d07b3e42875) Importer(815301076,1909f56bfc062723c751e8b465ee728b) (PreviewImporter) -> (artifact id: '00000000000000000000000000000000') in 0.000569 seconds
Import Error Code:(4)
Message: Build asset version error: assets/game/scripts/frame/player/player.cs in SourceAssetDB has modification time of '2024-12-13T08:37:42.3586521Z' while content on disk has modification time of '2025-02-26T03:15:16.5173926Z'
  ERROR: Build asset version error: assets/game/scripts/frame/player/player.cs in SourceAssetDB has modification time of '2024-12-13T08:37:42.3586521Z' while content on disk has modification time of '2025-02-26T03:15:16.5173926Z'
Number of updated asset objects reloaded before import = 0Number of asset objects unloaded after import = 0

========================================================================
Received Import Request.
  Time since last request: 0.001598 seconds.
  path: Assets/Game/Scripts/Frame/Player/Player.cs
  artifactKey: Guid(4657a819fc8eadf459113d07b3e42875) Importer(815301076,1909f56bfc062723c751e8b465ee728b)
Start importing Assets/Game/Scripts/Frame/Player/Player.cs using Guid(4657a819fc8eadf459113d07b3e42875) Importer(815301076,1909f56bfc062723c751e8b465ee728b) (PreviewImporter) -> (artifact id: '00000000000000000000000000000000') in 0.0004744 seconds
Import Error Code:(4)
Message: Build asset version error: assets/game/scripts/frame/player/player.cs in SourceAssetDB has modification time of '2024-12-13T08:37:42.3586521Z' while content on disk has modification time of '2025-02-26T03:15:16.5173926Z'
  ERROR: Build asset version error: assets/game/scripts/frame/player/player.cs in SourceAssetDB has modification time of '2024-12-13T08:37:42.3586521Z' while content on disk has modification time of '2025-02-26T03:15:16.5173926Z'
Number of updated asset objects reloaded before import = 0Number of asset objects unloaded after import = 0

========================================================================
Received Import Request.
  Time since last request: 0.002041 seconds.
  path: Assets/Game/Scripts/Frame/Player/Player.cs
  artifactKey: Guid(4657a819fc8eadf459113d07b3e42875) Importer(815301076,1909f56bfc062723c751e8b465ee728b)
Start importing Assets/Game/Scripts/Frame/Player/Player.cs using Guid(4657a819fc8eadf459113d07b3e42875) Importer(815301076,1909f56bfc062723c751e8b465ee728b) (PreviewImporter) -> (artifact id: '00000000000000000000000000000000') in 0.0004455 seconds
Import Error Code:(4)
Message: Build asset version error: assets/game/scripts/frame/player/player.cs in SourceAssetDB has modification time of '2024-12-13T08:37:42.3586521Z' while content on disk has modification time of '2025-02-26T03:15:16.5173926Z'
  ERROR: Build asset version error: assets/game/scripts/frame/player/player.cs in SourceAssetDB has modification time of '2024-12-13T08:37:42.3586521Z' while content on disk has modification time of '2025-02-26T03:15:16.5173926Z'
Number of updated asset objects reloaded before import = 0Number of asset objects unloaded after import = 0

========================================================================
Received Import Request.
  Time since last request: 0.002636 seconds.
  path: Assets/Game/Scripts/Frame/Player/Player.cs
  artifactKey: Guid(4657a819fc8eadf459113d07b3e42875) Importer(815301076,1909f56bfc062723c751e8b465ee728b)
Start importing Assets/Game/Scripts/Frame/Player/Player.cs using Guid(4657a819fc8eadf459113d07b3e42875) Importer(815301076,1909f56bfc062723c751e8b465ee728b) (PreviewImporter) -> (artifact id: '00000000000000000000000000000000') in 0.0004106 seconds
Import Error Code:(4)
Message: Build asset version error: assets/game/scripts/frame/player/player.cs in SourceAssetDB has modification time of '2024-12-13T08:37:42.3586521Z' while content on disk has modification time of '2025-02-26T03:15:16.5173926Z'
  ERROR: Build asset version error: assets/game/scripts/frame/player/player.cs in SourceAssetDB has modification time of '2024-12-13T08:37:42.3586521Z' while content on disk has modification time of '2025-02-26T03:15:16.5173926Z'
Number of updated asset objects reloaded before import = 0Number of asset objects unloaded after import = 0

========================================================================
Received Import Request.
  Time since last request: 0.002223 seconds.
  path: Assets/Game/Scripts/Frame/Player/Player.cs
  artifactKey: Guid(4657a819fc8eadf459113d07b3e42875) Importer(815301076,1909f56bfc062723c751e8b465ee728b)
Start importing Assets/Game/Scripts/Frame/Player/Player.cs using Guid(4657a819fc8eadf459113d07b3e42875) Importer(815301076,1909f56bfc062723c751e8b465ee728b) (PreviewImporter) -> (artifact id: '00000000000000000000000000000000') in 0.000443 seconds
Import Error Code:(4)
Message: Build asset version error: assets/game/scripts/frame/player/player.cs in SourceAssetDB has modification time of '2024-12-13T08:37:42.3586521Z' while content on disk has modification time of '2025-02-26T03:15:16.5173926Z'
  ERROR: Build asset version error: assets/game/scripts/frame/player/player.cs in SourceAssetDB has modification time of '2024-12-13T08:37:42.3586521Z' while content on disk has modification time of '2025-02-26T03:15:16.5173926Z'
Number of updated asset objects reloaded before import = 0Number of asset objects unloaded after import = 0

========================================================================
Received Import Request.
  Time since last request: 0.000991 seconds.
  path: Assets/Game/Scripts/Frame/Player/Player.cs
  artifactKey: Guid(4657a819fc8eadf459113d07b3e42875) Importer(815301076,1909f56bfc062723c751e8b465ee728b)
Start importing Assets/Game/Scripts/Frame/Player/Player.cs using Guid(4657a819fc8eadf459113d07b3e42875) Importer(815301076,1909f56bfc062723c751e8b465ee728b) (PreviewImporter) -> (artifact id: '00000000000000000000000000000000') in 0.000432 seconds
Import Error Code:(4)
Message: Build asset version error: assets/game/scripts/frame/player/player.cs in SourceAssetDB has modification time of '2024-12-13T08:37:42.3586521Z' while content on disk has modification time of '2025-02-26T03:15:16.5173926Z'
  ERROR: Build asset version error: assets/game/scripts/frame/player/player.cs in SourceAssetDB has modification time of '2024-12-13T08:37:42.3586521Z' while content on disk has modification time of '2025-02-26T03:15:16.5173926Z'
Number of updated asset objects reloaded before import = 0Number of asset objects unloaded after import = 0

========================================================================
Received Import Request.
  Time since last request: 0.001032 seconds.
  path: Assets/Game/Scripts/Frame/Player/Player.cs
  artifactKey: Guid(4657a819fc8eadf459113d07b3e42875) Importer(815301076,1909f56bfc062723c751e8b465ee728b)
Start importing Assets/Game/Scripts/Frame/Player/Player.cs using Guid(4657a819fc8eadf459113d07b3e42875) Importer(815301076,1909f56bfc062723c751e8b465ee728b) (PreviewImporter) -> (artifact id: '00000000000000000000000000000000') in 0.0004728 seconds
Import Error Code:(4)
Message: Build asset version error: assets/game/scripts/frame/player/player.cs in SourceAssetDB has modification time of '2024-12-13T08:37:42.3586521Z' while content on disk has modification time of '2025-02-26T03:15:16.5173926Z'
  ERROR: Build asset version error: assets/game/scripts/frame/player/player.cs in SourceAssetDB has modification time of '2024-12-13T08:37:42.3586521Z' while content on disk has modification time of '2025-02-26T03:15:16.5173926Z'
Number of updated asset objects reloaded before import = 0Number of asset objects unloaded after import = 0

========================================================================
Received Import Request.
  Time since last request: 0.000925 seconds.
  path: Assets/Game/Scripts/Frame/Player/Player.cs
  artifactKey: Guid(4657a819fc8eadf459113d07b3e42875) Importer(815301076,1909f56bfc062723c751e8b465ee728b)
Start importing Assets/Game/Scripts/Frame/Player/Player.cs using Guid(4657a819fc8eadf459113d07b3e42875) Importer(815301076,1909f56bfc062723c751e8b465ee728b) (PreviewImporter) -> (artifact id: '00000000000000000000000000000000') in 0.0004584 seconds
Import Error Code:(4)
Message: Build asset version error: assets/game/scripts/frame/player/player.cs in SourceAssetDB has modification time of '2024-12-13T08:37:42.3586521Z' while content on disk has modification time of '2025-02-26T03:15:16.5173926Z'
  ERROR: Build asset version error: assets/game/scripts/frame/player/player.cs in SourceAssetDB has modification time of '2024-12-13T08:37:42.3586521Z' while content on disk has modification time of '2025-02-26T03:15:16.5173926Z'
Number of updated asset objects reloaded before import = 0Number of asset objects unloaded after import = 0

========================================================================
Received Import Request.
  Time since last request: 0.001267 seconds.
  path: Assets/Game/Scripts/Frame/Player/Player.cs
  artifactKey: Guid(4657a819fc8eadf459113d07b3e42875) Importer(815301076,1909f56bfc062723c751e8b465ee728b)
Start importing Assets/Game/Scripts/Frame/Player/Player.cs using Guid(4657a819fc8eadf459113d07b3e42875) Importer(815301076,1909f56bfc062723c751e8b465ee728b) (PreviewImporter) -> (artifact id: '00000000000000000000000000000000') in 0.0005124 seconds
Import Error Code:(4)
Message: Build asset version error: assets/game/scripts/frame/player/player.cs in SourceAssetDB has modification time of '2024-12-13T08:37:42.3586521Z' while content on disk has modification time of '2025-02-26T03:15:16.5173926Z'
  ERROR: Build asset version error: assets/game/scripts/frame/player/player.cs in SourceAssetDB has modification time of '2024-12-13T08:37:42.3586521Z' while content on disk has modification time of '2025-02-26T03:15:16.5173926Z'
Number of updated asset objects reloaded before import = 0Number of asset objects unloaded after import = 0

========================================================================
Received Import Request.
  Time since last request: 0.001164 seconds.
  path: Assets/Game/Scripts/Frame/Player/Player.cs
  artifactKey: Guid(4657a819fc8eadf459113d07b3e42875) Importer(815301076,1909f56bfc062723c751e8b465ee728b)
Start importing Assets/Game/Scripts/Frame/Player/Player.cs using Guid(4657a819fc8eadf459113d07b3e42875) Importer(815301076,1909f56bfc062723c751e8b465ee728b) (PreviewImporter) -> (artifact id: '00000000000000000000000000000000') in 0.0004262 seconds
Import Error Code:(4)
Message: Build asset version error: assets/game/scripts/frame/player/player.cs in SourceAssetDB has modification time of '2024-12-13T08:37:42.3586521Z' while content on disk has modification time of '2025-02-26T03:15:16.5173926Z'
  ERROR: Build asset version error: assets/game/scripts/frame/player/player.cs in SourceAssetDB has modification time of '2024-12-13T08:37:42.3586521Z' while content on disk has modification time of '2025-02-26T03:15:16.5173926Z'
Number of updated asset objects reloaded before import = 0Number of asset objects unloaded after import = 0

========================================================================
Received Import Request.
  Time since last request: 0.001022 seconds.
  path: Assets/Game/Scripts/Frame/Player/Player.cs
  artifactKey: Guid(4657a819fc8eadf459113d07b3e42875) Importer(815301076,1909f56bfc062723c751e8b465ee728b)
Start importing Assets/Game/Scripts/Frame/Player/Player.cs using Guid(4657a819fc8eadf459113d07b3e42875) Importer(815301076,1909f56bfc062723c751e8b465ee728b) (PreviewImporter) -> (artifact id: '00000000000000000000000000000000') in 0.0005742 seconds
Import Error Code:(4)
Message: Build asset version error: assets/game/scripts/frame/player/player.cs in SourceAssetDB has modification time of '2024-12-13T08:37:42.3586521Z' while content on disk has modification time of '2025-02-26T03:15:16.5173926Z'
  ERROR: Build asset version error: assets/game/scripts/frame/player/player.cs in SourceAssetDB has modification time of '2024-12-13T08:37:42.3586521Z' while content on disk has modification time of '2025-02-26T03:15:16.5173926Z'
Number of updated asset objects reloaded before import = 0Number of asset objects unloaded after import = 0

========================================================================
Received Import Request.
  Time since last request: 0.001364 seconds.
  path: Assets/Game/Scripts/Frame/Player/Player.cs
  artifactKey: Guid(4657a819fc8eadf459113d07b3e42875) Importer(815301076,1909f56bfc062723c751e8b465ee728b)
Start importing Assets/Game/Scripts/Frame/Player/Player.cs using Guid(4657a819fc8eadf459113d07b3e42875) Importer(815301076,1909f56bfc062723c751e8b465ee728b) (PreviewImporter) -> (artifact id: '00000000000000000000000000000000') in 0.0004067 seconds
Import Error Code:(4)
Message: Build asset version error: assets/game/scripts/frame/player/player.cs in SourceAssetDB has modification time of '2024-12-13T08:37:42.3586521Z' while content on disk has modification time of '2025-02-26T03:15:16.5173926Z'
  ERROR: Build asset version error: assets/game/scripts/frame/player/player.cs in SourceAssetDB has modification time of '2024-12-13T08:37:42.3586521Z' while content on disk has modification time of '2025-02-26T03:15:16.5173926Z'
Number of updated asset objects reloaded before import = 0Number of asset objects unloaded after import = 0

========================================================================
Received Import Request.
  Time since last request: 0.002805 seconds.
  path: Assets/Game/Scripts/Frame/Player/Player.cs
  artifactKey: Guid(4657a819fc8eadf459113d07b3e42875) Importer(815301076,1909f56bfc062723c751e8b465ee728b)
Start importing Assets/Game/Scripts/Frame/Player/Player.cs using Guid(4657a819fc8eadf459113d07b3e42875) Importer(815301076,1909f56bfc062723c751e8b465ee728b) (PreviewImporter) -> (artifact id: '00000000000000000000000000000000') in 0.0005188 seconds
Import Error Code:(4)
Message: Build asset version error: assets/game/scripts/frame/player/player.cs in SourceAssetDB has modification time of '2024-12-13T08:37:42.3586521Z' while content on disk has modification time of '2025-02-26T03:15:16.5173926Z'
  ERROR: Build asset version error: assets/game/scripts/frame/player/player.cs in SourceAssetDB has modification time of '2024-12-13T08:37:42.3586521Z' while content on disk has modification time of '2025-02-26T03:15:16.5173926Z'
Number of updated asset objects reloaded before import = 0Number of asset objects unloaded after import = 0

========================================================================
Received Import Request.
  Time since last request: 0.001015 seconds.
  path: Assets/Game/Scripts/Frame/Player/Player.cs
  artifactKey: Guid(4657a819fc8eadf459113d07b3e42875) Importer(815301076,1909f56bfc062723c751e8b465ee728b)
Start importing Assets/Game/Scripts/Frame/Player/Player.cs using Guid(4657a819fc8eadf459113d07b3e42875) Importer(815301076,1909f56bfc062723c751e8b465ee728b) (PreviewImporter) -> (artifact id: '00000000000000000000000000000000') in 0.000437 seconds
Import Error Code:(4)
Message: Build asset version error: assets/game/scripts/frame/player/player.cs in SourceAssetDB has modification time of '2024-12-13T08:37:42.3586521Z' while content on disk has modification time of '2025-02-26T03:15:16.5173926Z'
  ERROR: Build asset version error: assets/game/scripts/frame/player/player.cs in SourceAssetDB has modification time of '2024-12-13T08:37:42.3586521Z' while content on disk has modification time of '2025-02-26T03:15:16.5173926Z'
Number of updated asset objects reloaded before import = 0Number of asset objects unloaded after import = 0

========================================================================
Received Import Request.
  Time since last request: 0.001369 seconds.
  path: Assets/Game/Scripts/Frame/Player/Player.cs
  artifactKey: Guid(4657a819fc8eadf459113d07b3e42875) Importer(815301076,1909f56bfc062723c751e8b465ee728b)
Start importing Assets/Game/Scripts/Frame/Player/Player.cs using Guid(4657a819fc8eadf459113d07b3e42875) Importer(815301076,1909f56bfc062723c751e8b465ee728b) (PreviewImporter) -> (artifact id: '00000000000000000000000000000000') in 0.0004045 seconds
Import Error Code:(4)
Message: Build asset version error: assets/game/scripts/frame/player/player.cs in SourceAssetDB has modification time of '2024-12-13T08:37:42.3586521Z' while content on disk has modification time of '2025-02-26T03:15:16.5173926Z'
  ERROR: Build asset version error: assets/game/scripts/frame/player/player.cs in SourceAssetDB has modification time of '2024-12-13T08:37:42.3586521Z' while content on disk has modification time of '2025-02-26T03:15:16.5173926Z'
Number of updated asset objects reloaded before import = 0Number of asset objects unloaded after import = 0

========================================================================
Received Import Request.
  Time since last request: 0.001023 seconds.
  path: Assets/Game/Scripts/Frame/Player/Player.cs
  artifactKey: Guid(4657a819fc8eadf459113d07b3e42875) Importer(815301076,1909f56bfc062723c751e8b465ee728b)
Start importing Assets/Game/Scripts/Frame/Player/Player.cs using Guid(4657a819fc8eadf459113d07b3e42875) Importer(815301076,1909f56bfc062723c751e8b465ee728b) (PreviewImporter) -> (artifact id: '00000000000000000000000000000000') in 0.0004337 seconds
Import Error Code:(4)
Message: Build asset version error: assets/game/scripts/frame/player/player.cs in SourceAssetDB has modification time of '2024-12-13T08:37:42.3586521Z' while content on disk has modification time of '2025-02-26T03:15:16.5173926Z'
  ERROR: Build asset version error: assets/game/scripts/frame/player/player.cs in SourceAssetDB has modification time of '2024-12-13T08:37:42.3586521Z' while content on disk has modification time of '2025-02-26T03:15:16.5173926Z'
Number of updated asset objects reloaded before import = 0Number of asset objects unloaded after import = 0

========================================================================
Received Import Request.
  Time since last request: 0.001274 seconds.
  path: Assets/Game/Scripts/Frame/Player/Player.cs
  artifactKey: Guid(4657a819fc8eadf459113d07b3e42875) Importer(815301076,1909f56bfc062723c751e8b465ee728b)
Start importing Assets/Game/Scripts/Frame/Player/Player.cs using Guid(4657a819fc8eadf459113d07b3e42875) Importer(815301076,1909f56bfc062723c751e8b465ee728b) (PreviewImporter) -> (artifact id: '00000000000000000000000000000000') in 0.0003899 seconds
Import Error Code:(4)
Message: Build asset version error: assets/game/scripts/frame/player/player.cs in SourceAssetDB has modification time of '2024-12-13T08:37:42.3586521Z' while content on disk has modification time of '2025-02-26T03:15:16.5173926Z'
  ERROR: Build asset version error: assets/game/scripts/frame/player/player.cs in SourceAssetDB has modification time of '2024-12-13T08:37:42.3586521Z' while content on disk has modification time of '2025-02-26T03:15:16.5173926Z'
Number of updated asset objects reloaded before import = 0Number of asset objects unloaded after import = 0

========================================================================
Received Import Request.
  Time since last request: 0.002433 seconds.
  path: Assets/Game/Scripts/Frame/Player/Player.cs
  artifactKey: Guid(4657a819fc8eadf459113d07b3e42875) Importer(815301076,1909f56bfc062723c751e8b465ee728b)
Start importing Assets/Game/Scripts/Frame/Player/Player.cs using Guid(4657a819fc8eadf459113d07b3e42875) Importer(815301076,1909f56bfc062723c751e8b465ee728b) (PreviewImporter) -> (artifact id: '00000000000000000000000000000000') in 0.0005387 seconds
Import Error Code:(4)
Message: Build asset version error: assets/game/scripts/frame/player/player.cs in SourceAssetDB has modification time of '2024-12-13T08:37:42.3586521Z' while content on disk has modification time of '2025-02-26T03:15:16.5173926Z'
  ERROR: Build asset version error: assets/game/scripts/frame/player/player.cs in SourceAssetDB has modification time of '2024-12-13T08:37:42.3586521Z' while content on disk has modification time of '2025-02-26T03:15:16.5173926Z'
Number of updated asset objects reloaded before import = 0Number of asset objects unloaded after import = 0

========================================================================
Received Import Request.
  Time since last request: 0.001685 seconds.
  path: Assets/Game/Scripts/Frame/Player/Player.cs
  artifactKey: Guid(4657a819fc8eadf459113d07b3e42875) Importer(815301076,1909f56bfc062723c751e8b465ee728b)
Start importing Assets/Game/Scripts/Frame/Player/Player.cs using Guid(4657a819fc8eadf459113d07b3e42875) Importer(815301076,1909f56bfc062723c751e8b465ee728b) (PreviewImporter) -> (artifact id: '00000000000000000000000000000000') in 0.0004287 seconds
Import Error Code:(4)
Message: Build asset version error: assets/game/scripts/frame/player/player.cs in SourceAssetDB has modification time of '2024-12-13T08:37:42.3586521Z' while content on disk has modification time of '2025-02-26T03:15:16.5173926Z'
  ERROR: Build asset version error: assets/game/scripts/frame/player/player.cs in SourceAssetDB has modification time of '2024-12-13T08:37:42.3586521Z' while content on disk has modification time of '2025-02-26T03:15:16.5173926Z'
Number of updated asset objects reloaded before import = 0Number of asset objects unloaded after import = 0

========================================================================
Received Import Request.
  Time since last request: 0.001724 seconds.
  path: Assets/Game/Scripts/Frame/Player/Player.cs
  artifactKey: Guid(4657a819fc8eadf459113d07b3e42875) Importer(815301076,1909f56bfc062723c751e8b465ee728b)
Start importing Assets/Game/Scripts/Frame/Player/Player.cs using Guid(4657a819fc8eadf459113d07b3e42875) Importer(815301076,1909f56bfc062723c751e8b465ee728b) (PreviewImporter) -> (artifact id: '00000000000000000000000000000000') in 0.000522 seconds
Import Error Code:(4)
Message: Build asset version error: assets/game/scripts/frame/player/player.cs in SourceAssetDB has modification time of '2024-12-13T08:37:42.3586521Z' while content on disk has modification time of '2025-02-26T03:15:16.5173926Z'
  ERROR: Build asset version error: assets/game/scripts/frame/player/player.cs in SourceAssetDB has modification time of '2024-12-13T08:37:42.3586521Z' while content on disk has modification time of '2025-02-26T03:15:16.5173926Z'
Number of updated asset objects reloaded before import = 0Number of asset objects unloaded after import = 0

========================================================================
Received Import Request.
  Time since last request: 0.001460 seconds.
  path: Assets/Game/Scripts/Frame/Player/Player.cs
  artifactKey: Guid(4657a819fc8eadf459113d07b3e42875) Importer(815301076,1909f56bfc062723c751e8b465ee728b)
Start importing Assets/Game/Scripts/Frame/Player/Player.cs using Guid(4657a819fc8eadf459113d07b3e42875) Importer(815301076,1909f56bfc062723c751e8b465ee728b) (PreviewImporter) -> (artifact id: '00000000000000000000000000000000') in 0.0004043 seconds
Import Error Code:(4)
Message: Build asset version error: assets/game/scripts/frame/player/player.cs in SourceAssetDB has modification time of '2024-12-13T08:37:42.3586521Z' while content on disk has modification time of '2025-02-26T03:15:16.5173926Z'
  ERROR: Build asset version error: assets/game/scripts/frame/player/player.cs in SourceAssetDB has modification time of '2024-12-13T08:37:42.3586521Z' while content on disk has modification time of '2025-02-26T03:15:16.5173926Z'
Number of updated asset objects reloaded before import = 0Number of asset objects unloaded after import = 0

========================================================================
Received Import Request.
  Time since last request: 0.001417 seconds.
  path: Assets/Game/Scripts/Frame/Player/Player.cs
  artifactKey: Guid(4657a819fc8eadf459113d07b3e42875) Importer(815301076,1909f56bfc062723c751e8b465ee728b)
Start importing Assets/Game/Scripts/Frame/Player/Player.cs using Guid(4657a819fc8eadf459113d07b3e42875) Importer(815301076,1909f56bfc062723c751e8b465ee728b) (PreviewImporter) -> (artifact id: '00000000000000000000000000000000') in 0.0004982 seconds
Import Error Code:(4)
Message: Build asset version error: assets/game/scripts/frame/player/player.cs in SourceAssetDB has modification time of '2024-12-13T08:37:42.3586521Z' while content on disk has modification time of '2025-02-26T03:15:16.5173926Z'
  ERROR: Build asset version error: assets/game/scripts/frame/player/player.cs in SourceAssetDB has modification time of '2024-12-13T08:37:42.3586521Z' while content on disk has modification time of '2025-02-26T03:15:16.5173926Z'
Number of updated asset objects reloaded before import = 0Number of asset objects unloaded after import = 0

========================================================================
Received Import Request.
  Time since last request: 0.000734 seconds.
  path: Assets/Game/Scripts/Frame/Player/Player.cs
  artifactKey: Guid(4657a819fc8eadf459113d07b3e42875) Importer(815301076,1909f56bfc062723c751e8b465ee728b)
Start importing Assets/Game/Scripts/Frame/Player/Player.cs using Guid(4657a819fc8eadf459113d07b3e42875) Importer(815301076,1909f56bfc062723c751e8b465ee728b) (PreviewImporter) -> (artifact id: '00000000000000000000000000000000') in 0.0004045 seconds
Import Error Code:(4)
Message: Build asset version error: assets/game/scripts/frame/player/player.cs in SourceAssetDB has modification time of '2024-12-13T08:37:42.3586521Z' while content on disk has modification time of '2025-02-26T03:15:16.5173926Z'
  ERROR: Build asset version error: assets/game/scripts/frame/player/player.cs in SourceAssetDB has modification time of '2024-12-13T08:37:42.3586521Z' while content on disk has modification time of '2025-02-26T03:15:16.5173926Z'
Number of updated asset objects reloaded before import = 0Number of asset objects unloaded after import = 0

========================================================================
Received Import Request.
  Time since last request: 0.002345 seconds.
  path: Assets/Game/Scripts/Frame/Player/Player.cs
  artifactKey: Guid(4657a819fc8eadf459113d07b3e42875) Importer(815301076,1909f56bfc062723c751e8b465ee728b)
Start importing Assets/Game/Scripts/Frame/Player/Player.cs using Guid(4657a819fc8eadf459113d07b3e42875) Importer(815301076,1909f56bfc062723c751e8b465ee728b) (PreviewImporter) -> (artifact id: '00000000000000000000000000000000') in 0.0004536 seconds
Import Error Code:(4)
Message: Build asset version error: assets/game/scripts/frame/player/player.cs in SourceAssetDB has modification time of '2024-12-13T08:37:42.3586521Z' while content on disk has modification time of '2025-02-26T03:15:16.5173926Z'
  ERROR: Build asset version error: assets/game/scripts/frame/player/player.cs in SourceAssetDB has modification time of '2024-12-13T08:37:42.3586521Z' while content on disk has modification time of '2025-02-26T03:15:16.5173926Z'
Number of updated asset objects reloaded before import = 0Number of asset objects unloaded after import = 0

========================================================================
Received Import Request.
  Time since last request: 0.001557 seconds.
  path: Assets/Game/Scripts/Frame/Player/Player.cs
  artifactKey: Guid(4657a819fc8eadf459113d07b3e42875) Importer(815301076,1909f56bfc062723c751e8b465ee728b)
Start importing Assets/Game/Scripts/Frame/Player/Player.cs using Guid(4657a819fc8eadf459113d07b3e42875) Importer(815301076,1909f56bfc062723c751e8b465ee728b) (PreviewImporter) -> (artifact id: '00000000000000000000000000000000') in 0.000509 seconds
Import Error Code:(4)
Message: Build asset version error: assets/game/scripts/frame/player/player.cs in SourceAssetDB has modification time of '2024-12-13T08:37:42.3586521Z' while content on disk has modification time of '2025-02-26T03:15:16.5173926Z'
  ERROR: Build asset version error: assets/game/scripts/frame/player/player.cs in SourceAssetDB has modification time of '2024-12-13T08:37:42.3586521Z' while content on disk has modification time of '2025-02-26T03:15:16.5173926Z'
Number of updated asset objects reloaded before import = 0Number of asset objects unloaded after import = 0

========================================================================
Received Import Request.
  Time since last request: 0.001492 seconds.
  path: Assets/Game/Scripts/Frame/Player/Player.cs
  artifactKey: Guid(4657a819fc8eadf459113d07b3e42875) Importer(815301076,1909f56bfc062723c751e8b465ee728b)
Start importing Assets/Game/Scripts/Frame/Player/Player.cs using Guid(4657a819fc8eadf459113d07b3e42875) Importer(815301076,1909f56bfc062723c751e8b465ee728b) (PreviewImporter) -> (artifact id: '00000000000000000000000000000000') in 0.0005029 seconds
Import Error Code:(4)
Message: Build asset version error: assets/game/scripts/frame/player/player.cs in SourceAssetDB has modification time of '2024-12-13T08:37:42.3586521Z' while content on disk has modification time of '2025-02-26T03:15:16.5173926Z'
  ERROR: Build asset version error: assets/game/scripts/frame/player/player.cs in SourceAssetDB has modification time of '2024-12-13T08:37:42.3586521Z' while content on disk has modification time of '2025-02-26T03:15:16.5173926Z'
Number of updated asset objects reloaded before import = 0Number of asset objects unloaded after import = 0

========================================================================
Received Import Request.
  Time since last request: 0.000511 seconds.
  path: Assets/Game/Scripts/Frame/Player/Player.cs
  artifactKey: Guid(4657a819fc8eadf459113d07b3e42875) Importer(815301076,1909f56bfc062723c751e8b465ee728b)
Start importing Assets/Game/Scripts/Frame/Player/Player.cs using Guid(4657a819fc8eadf459113d07b3e42875) Importer(815301076,1909f56bfc062723c751e8b465ee728b) (PreviewImporter) -> (artifact id: '00000000000000000000000000000000') in 0.0004526 seconds
Import Error Code:(4)
Message: Build asset version error: assets/game/scripts/frame/player/player.cs in SourceAssetDB has modification time of '2024-12-13T08:37:42.3586521Z' while content on disk has modification time of '2025-02-26T03:15:16.5173926Z'
  ERROR: Build asset version error: assets/game/scripts/frame/player/player.cs in SourceAssetDB has modification time of '2024-12-13T08:37:42.3586521Z' while content on disk has modification time of '2025-02-26T03:15:16.5173926Z'
Number of updated asset objects reloaded before import = 0Number of asset objects unloaded after import = 0

========================================================================
Received Import Request.
  Time since last request: 0.000562 seconds.
  path: Assets/Game/Scripts/Frame/Player/Player.cs
  artifactKey: Guid(4657a819fc8eadf459113d07b3e42875) Importer(815301076,1909f56bfc062723c751e8b465ee728b)
Start importing Assets/Game/Scripts/Frame/Player/Player.cs using Guid(4657a819fc8eadf459113d07b3e42875) Importer(815301076,1909f56bfc062723c751e8b465ee728b) (PreviewImporter) -> (artifact id: '00000000000000000000000000000000') in 0.0005087 seconds
Import Error Code:(4)
Message: Build asset version error: assets/game/scripts/frame/player/player.cs in SourceAssetDB has modification time of '2024-12-13T08:37:42.3586521Z' while content on disk has modification time of '2025-02-26T03:15:16.5173926Z'
  ERROR: Build asset version error: assets/game/scripts/frame/player/player.cs in SourceAssetDB has modification time of '2024-12-13T08:37:42.3586521Z' while content on disk has modification time of '2025-02-26T03:15:16.5173926Z'
Number of updated asset objects reloaded before import = 0Number of asset objects unloaded after import = 0

========================================================================
Received Import Request.
  Time since last request: 0.001199 seconds.
  path: Assets/Game/Scripts/Frame/Player/Player.cs
  artifactKey: Guid(4657a819fc8eadf459113d07b3e42875) Importer(815301076,1909f56bfc062723c751e8b465ee728b)
Start importing Assets/Game/Scripts/Frame/Player/Player.cs using Guid(4657a819fc8eadf459113d07b3e42875) Importer(815301076,1909f56bfc062723c751e8b465ee728b) (PreviewImporter) -> (artifact id: '00000000000000000000000000000000') in 0.0004475 seconds
Import Error Code:(4)
Message: Build asset version error: assets/game/scripts/frame/player/player.cs in SourceAssetDB has modification time of '2024-12-13T08:37:42.3586521Z' while content on disk has modification time of '2025-02-26T03:15:16.5173926Z'
  ERROR: Build asset version error: assets/game/scripts/frame/player/player.cs in SourceAssetDB has modification time of '2024-12-13T08:37:42.3586521Z' while content on disk has modification time of '2025-02-26T03:15:16.5173926Z'
Number of updated asset objects reloaded before import = 0Number of asset objects unloaded after import = 0

========================================================================
Received Import Request.
  Time since last request: 0.001181 seconds.
  path: Assets/Game/Scripts/Frame/Player/Player.cs
  artifactKey: Guid(4657a819fc8eadf459113d07b3e42875) Importer(815301076,1909f56bfc062723c751e8b465ee728b)
Start importing Assets/Game/Scripts/Frame/Player/Player.cs using Guid(4657a819fc8eadf459113d07b3e42875) Importer(815301076,1909f56bfc062723c751e8b465ee728b) (PreviewImporter) -> (artifact id: '00000000000000000000000000000000') in 0.0004969 seconds
Import Error Code:(4)
Message: Build asset version error: assets/game/scripts/frame/player/player.cs in SourceAssetDB has modification time of '2024-12-13T08:37:42.3586521Z' while content on disk has modification time of '2025-02-26T03:15:16.5173926Z'
  ERROR: Build asset version error: assets/game/scripts/frame/player/player.cs in SourceAssetDB has modification time of '2024-12-13T08:37:42.3586521Z' while content on disk has modification time of '2025-02-26T03:15:16.5173926Z'
Number of updated asset objects reloaded before import = 0Number of asset objects unloaded after import = 0

========================================================================
Received Import Request.
  Time since last request: 0.002671 seconds.
  path: Assets/Game/Scripts/Frame/Player/Player.cs
  artifactKey: Guid(4657a819fc8eadf459113d07b3e42875) Importer(815301076,1909f56bfc062723c751e8b465ee728b)
Start importing Assets/Game/Scripts/Frame/Player/Player.cs using Guid(4657a819fc8eadf459113d07b3e42875) Importer(815301076,1909f56bfc062723c751e8b465ee728b) (PreviewImporter) -> (artifact id: '00000000000000000000000000000000') in 0.0006854 seconds
Import Error Code:(4)
Message: Build asset version error: assets/game/scripts/frame/player/player.cs in SourceAssetDB has modification time of '2024-12-13T08:37:42.3586521Z' while content on disk has modification time of '2025-02-26T03:15:16.5173926Z'
  ERROR: Build asset version error: assets/game/scripts/frame/player/player.cs in SourceAssetDB has modification time of '2024-12-13T08:37:42.3586521Z' while content on disk has modification time of '2025-02-26T03:15:16.5173926Z'
Number of updated asset objects reloaded before import = 0Number of asset objects unloaded after import = 0

========================================================================
Received Import Request.
  Time since last request: 0.001988 seconds.
  path: Assets/Game/Scripts/Frame/Player/Player.cs
  artifactKey: Guid(4657a819fc8eadf459113d07b3e42875) Importer(815301076,1909f56bfc062723c751e8b465ee728b)
Start importing Assets/Game/Scripts/Frame/Player/Player.cs using Guid(4657a819fc8eadf459113d07b3e42875) Importer(815301076,1909f56bfc062723c751e8b465ee728b) (PreviewImporter) -> (artifact id: '00000000000000000000000000000000') in 0.000478 seconds
Import Error Code:(4)
Message: Build asset version error: assets/game/scripts/frame/player/player.cs in SourceAssetDB has modification time of '2024-12-13T08:37:42.3586521Z' while content on disk has modification time of '2025-02-26T03:15:16.5173926Z'
  ERROR: Build asset version error: assets/game/scripts/frame/player/player.cs in SourceAssetDB has modification time of '2024-12-13T08:37:42.3586521Z' while content on disk has modification time of '2025-02-26T03:15:16.5173926Z'
Number of updated asset objects reloaded before import = 0Number of asset objects unloaded after import = 0

========================================================================
Received Import Request.
  Time since last request: 0.002191 seconds.
  path: Assets/Game/Scripts/Frame/Player/Player.cs
  artifactKey: Guid(4657a819fc8eadf459113d07b3e42875) Importer(815301076,1909f56bfc062723c751e8b465ee728b)
Start importing Assets/Game/Scripts/Frame/Player/Player.cs using Guid(4657a819fc8eadf459113d07b3e42875) Importer(815301076,1909f56bfc062723c751e8b465ee728b) (PreviewImporter) -> (artifact id: '00000000000000000000000000000000') in 0.0005375 seconds
Import Error Code:(4)
Message: Build asset version error: assets/game/scripts/frame/player/player.cs in SourceAssetDB has modification time of '2024-12-13T08:37:42.3586521Z' while content on disk has modification time of '2025-02-26T03:15:16.5173926Z'
  ERROR: Build asset version error: assets/game/scripts/frame/player/player.cs in SourceAssetDB has modification time of '2024-12-13T08:37:42.3586521Z' while content on disk has modification time of '2025-02-26T03:15:16.5173926Z'
Number of updated asset objects reloaded before import = 0Number of asset objects unloaded after import = 0

========================================================================
Received Import Request.
  Time since last request: 0.002816 seconds.
  path: Assets/Game/Scripts/Frame/Player/Player.cs
  artifactKey: Guid(4657a819fc8eadf459113d07b3e42875) Importer(815301076,1909f56bfc062723c751e8b465ee728b)
Start importing Assets/Game/Scripts/Frame/Player/Player.cs using Guid(4657a819fc8eadf459113d07b3e42875) Importer(815301076,1909f56bfc062723c751e8b465ee728b) (PreviewImporter) -> (artifact id: '00000000000000000000000000000000') in 0.0005936 seconds
Import Error Code:(4)
Message: Build asset version error: assets/game/scripts/frame/player/player.cs in SourceAssetDB has modification time of '2024-12-13T08:37:42.3586521Z' while content on disk has modification time of '2025-02-26T03:15:16.5173926Z'
  ERROR: Build asset version error: assets/game/scripts/frame/player/player.cs in SourceAssetDB has modification time of '2024-12-13T08:37:42.3586521Z' while content on disk has modification time of '2025-02-26T03:15:16.5173926Z'
Number of updated asset objects reloaded before import = 0Number of asset objects unloaded after import = 0

========================================================================
Received Import Request.
  Time since last request: 0.001303 seconds.
  path: Assets/Game/Scripts/Frame/Player/Player.cs
  artifactKey: Guid(4657a819fc8eadf459113d07b3e42875) Importer(815301076,1909f56bfc062723c751e8b465ee728b)
Start importing Assets/Game/Scripts/Frame/Player/Player.cs using Guid(4657a819fc8eadf459113d07b3e42875) Importer(815301076,1909f56bfc062723c751e8b465ee728b) (PreviewImporter) -> (artifact id: '00000000000000000000000000000000') in 0.0005192 seconds
Import Error Code:(4)
Message: Build asset version error: assets/game/scripts/frame/player/player.cs in SourceAssetDB has modification time of '2024-12-13T08:37:42.3586521Z' while content on disk has modification time of '2025-02-26T03:15:16.5173926Z'
  ERROR: Build asset version error: assets/game/scripts/frame/player/player.cs in SourceAssetDB has modification time of '2024-12-13T08:37:42.3586521Z' while content on disk has modification time of '2025-02-26T03:15:16.5173926Z'
Number of updated asset objects reloaded before import = 0Number of asset objects unloaded after import = 0

========================================================================
Received Import Request.
  Time since last request: 0.001183 seconds.
  path: Assets/Game/Scripts/Frame/Player/Player.cs
  artifactKey: Guid(4657a819fc8eadf459113d07b3e42875) Importer(815301076,1909f56bfc062723c751e8b465ee728b)
Start importing Assets/Game/Scripts/Frame/Player/Player.cs using Guid(4657a819fc8eadf459113d07b3e42875) Importer(815301076,1909f56bfc062723c751e8b465ee728b) (PreviewImporter) -> (artifact id: '00000000000000000000000000000000') in 0.0007839 seconds
Import Error Code:(4)
Message: Build asset version error: assets/game/scripts/frame/player/player.cs in SourceAssetDB has modification time of '2024-12-13T08:37:42.3586521Z' while content on disk has modification time of '2025-02-26T03:15:16.5173926Z'
  ERROR: Build asset version error: assets/game/scripts/frame/player/player.cs in SourceAssetDB has modification time of '2024-12-13T08:37:42.3586521Z' while content on disk has modification time of '2025-02-26T03:15:16.5173926Z'
Number of updated asset objects reloaded before import = 0Number of asset objects unloaded after import = 0

========================================================================
Received Import Request.
  Time since last request: 0.001916 seconds.
  path: Assets/Game/Scripts/Frame/Player/Player.cs
  artifactKey: Guid(4657a819fc8eadf459113d07b3e42875) Importer(815301076,1909f56bfc062723c751e8b465ee728b)
Start importing Assets/Game/Scripts/Frame/Player/Player.cs using Guid(4657a819fc8eadf459113d07b3e42875) Importer(815301076,1909f56bfc062723c751e8b465ee728b) (PreviewImporter) -> (artifact id: '00000000000000000000000000000000') in 0.0005554 seconds
Import Error Code:(4)
Message: Build asset version error: assets/game/scripts/frame/player/player.cs in SourceAssetDB has modification time of '2024-12-13T08:37:42.3586521Z' while content on disk has modification time of '2025-02-26T03:15:16.5173926Z'
  ERROR: Build asset version error: assets/game/scripts/frame/player/player.cs in SourceAssetDB has modification time of '2024-12-13T08:37:42.3586521Z' while content on disk has modification time of '2025-02-26T03:15:16.5173926Z'
Number of updated asset objects reloaded before import = 0Number of asset objects unloaded after import = 0

========================================================================
Received Import Request.
  Time since last request: 0.001384 seconds.
  path: Assets/Game/Scripts/Frame/Player/Player.cs
  artifactKey: Guid(4657a819fc8eadf459113d07b3e42875) Importer(815301076,1909f56bfc062723c751e8b465ee728b)
Start importing Assets/Game/Scripts/Frame/Player/Player.cs using Guid(4657a819fc8eadf459113d07b3e42875) Importer(815301076,1909f56bfc062723c751e8b465ee728b) (PreviewImporter) -> (artifact id: '00000000000000000000000000000000') in 0.0004591 seconds
Import Error Code:(4)
Message: Build asset version error: assets/game/scripts/frame/player/player.cs in SourceAssetDB has modification time of '2024-12-13T08:37:42.3586521Z' while content on disk has modification time of '2025-02-26T03:15:16.5173926Z'
  ERROR: Build asset version error: assets/game/scripts/frame/player/player.cs in SourceAssetDB has modification time of '2024-12-13T08:37:42.3586521Z' while content on disk has modification time of '2025-02-26T03:15:16.5173926Z'
Number of updated asset objects reloaded before import = 0Number of asset objects unloaded after import = 0

========================================================================
Received Import Request.
  Time since last request: 0.002264 seconds.
  path: Assets/Game/Scripts/Frame/Player/Player.cs
  artifactKey: Guid(4657a819fc8eadf459113d07b3e42875) Importer(815301076,1909f56bfc062723c751e8b465ee728b)
Start importing Assets/Game/Scripts/Frame/Player/Player.cs using Guid(4657a819fc8eadf459113d07b3e42875) Importer(815301076,1909f56bfc062723c751e8b465ee728b) (PreviewImporter) -> (artifact id: '00000000000000000000000000000000') in 0.0004484 seconds
Import Error Code:(4)
Message: Build asset version error: assets/game/scripts/frame/player/player.cs in SourceAssetDB has modification time of '2024-12-13T08:37:42.3586521Z' while content on disk has modification time of '2025-02-26T03:15:16.5173926Z'
  ERROR: Build asset version error: assets/game/scripts/frame/player/player.cs in SourceAssetDB has modification time of '2024-12-13T08:37:42.3586521Z' while content on disk has modification time of '2025-02-26T03:15:16.5173926Z'
Number of updated asset objects reloaded before import = 0Number of asset objects unloaded after import = 0

========================================================================
Received Import Request.
  Time since last request: 0.001187 seconds.
  path: Assets/Game/Scripts/Frame/Player/Player.cs
  artifactKey: Guid(4657a819fc8eadf459113d07b3e42875) Importer(815301076,1909f56bfc062723c751e8b465ee728b)
Start importing Assets/Game/Scripts/Frame/Player/Player.cs using Guid(4657a819fc8eadf459113d07b3e42875) Importer(815301076,1909f56bfc062723c751e8b465ee728b) (PreviewImporter) -> (artifact id: '00000000000000000000000000000000') in 0.0004258 seconds
Import Error Code:(4)
Message: Build asset version error: assets/game/scripts/frame/player/player.cs in SourceAssetDB has modification time of '2024-12-13T08:37:42.3586521Z' while content on disk has modification time of '2025-02-26T03:15:16.5173926Z'
  ERROR: Build asset version error: assets/game/scripts/frame/player/player.cs in SourceAssetDB has modification time of '2024-12-13T08:37:42.3586521Z' while content on disk has modification time of '2025-02-26T03:15:16.5173926Z'
Number of updated asset objects reloaded before import = 0Number of asset objects unloaded after import = 0

========================================================================
Received Import Request.
  Time since last request: 0.002236 seconds.
  path: Assets/Game/Scripts/Frame/Player/Player.cs
  artifactKey: Guid(4657a819fc8eadf459113d07b3e42875) Importer(815301076,1909f56bfc062723c751e8b465ee728b)
Start importing Assets/Game/Scripts/Frame/Player/Player.cs using Guid(4657a819fc8eadf459113d07b3e42875) Importer(815301076,1909f56bfc062723c751e8b465ee728b) (PreviewImporter) -> (artifact id: '00000000000000000000000000000000') in 0.0004127 seconds
Import Error Code:(4)
Message: Build asset version error: assets/game/scripts/frame/player/player.cs in SourceAssetDB has modification time of '2024-12-13T08:37:42.3586521Z' while content on disk has modification time of '2025-02-26T03:15:16.5173926Z'
  ERROR: Build asset version error: assets/game/scripts/frame/player/player.cs in SourceAssetDB has modification time of '2024-12-13T08:37:42.3586521Z' while content on disk has modification time of '2025-02-26T03:15:16.5173926Z'
Number of updated asset objects reloaded before import = 0Number of asset objects unloaded after import = 0

========================================================================
Received Import Request.
  Time since last request: 0.002425 seconds.
  path: Assets/Game/Scripts/Frame/Player/Player.cs
  artifactKey: Guid(4657a819fc8eadf459113d07b3e42875) Importer(815301076,1909f56bfc062723c751e8b465ee728b)
Start importing Assets/Game/Scripts/Frame/Player/Player.cs using Guid(4657a819fc8eadf459113d07b3e42875) Importer(815301076,1909f56bfc062723c751e8b465ee728b) (PreviewImporter) -> (artifact id: '00000000000000000000000000000000') in 0.0004038 seconds
Import Error Code:(4)
Message: Build asset version error: assets/game/scripts/frame/player/player.cs in SourceAssetDB has modification time of '2024-12-13T08:37:42.3586521Z' while content on disk has modification time of '2025-02-26T03:15:16.5173926Z'
  ERROR: Build asset version error: assets/game/scripts/frame/player/player.cs in SourceAssetDB has modification time of '2024-12-13T08:37:42.3586521Z' while content on disk has modification time of '2025-02-26T03:15:16.5173926Z'
Number of updated asset objects reloaded before import = 0Number of asset objects unloaded after import = 0

========================================================================
Received Import Request.
  Time since last request: 0.001804 seconds.
  path: Assets/Game/Scripts/Frame/Player/Player.cs
  artifactKey: Guid(4657a819fc8eadf459113d07b3e42875) Importer(815301076,1909f56bfc062723c751e8b465ee728b)
Start importing Assets/Game/Scripts/Frame/Player/Player.cs using Guid(4657a819fc8eadf459113d07b3e42875) Importer(815301076,1909f56bfc062723c751e8b465ee728b) (PreviewImporter) -> (artifact id: '00000000000000000000000000000000') in 0.0003887 seconds
Import Error Code:(4)
Message: Build asset version error: assets/game/scripts/frame/player/player.cs in SourceAssetDB has modification time of '2024-12-13T08:37:42.3586521Z' while content on disk has modification time of '2025-02-26T03:15:16.5173926Z'
  ERROR: Build asset version error: assets/game/scripts/frame/player/player.cs in SourceAssetDB has modification time of '2024-12-13T08:37:42.3586521Z' while content on disk has modification time of '2025-02-26T03:15:16.5173926Z'
Number of updated asset objects reloaded before import = 0Number of asset objects unloaded after import = 0

========================================================================
Received Import Request.
  Time since last request: 0.002555 seconds.
  path: Assets/Game/Scripts/Frame/Player/Player.cs
  artifactKey: Guid(4657a819fc8eadf459113d07b3e42875) Importer(815301076,1909f56bfc062723c751e8b465ee728b)
Start importing Assets/Game/Scripts/Frame/Player/Player.cs using Guid(4657a819fc8eadf459113d07b3e42875) Importer(815301076,1909f56bfc062723c751e8b465ee728b) (PreviewImporter) -> (artifact id: '00000000000000000000000000000000') in 0.0003957 seconds
Import Error Code:(4)
Message: Build asset version error: assets/game/scripts/frame/player/player.cs in SourceAssetDB has modification time of '2024-12-13T08:37:42.3586521Z' while content on disk has modification time of '2025-02-26T03:15:16.5173926Z'
  ERROR: Build asset version error: assets/game/scripts/frame/player/player.cs in SourceAssetDB has modification time of '2024-12-13T08:37:42.3586521Z' while content on disk has modification time of '2025-02-26T03:15:16.5173926Z'
Number of updated asset objects reloaded before import = 0Number of asset objects unloaded after import = 0

========================================================================
Received Import Request.
  Time since last request: 0.002291 seconds.
  path: Assets/Game/Scripts/Frame/Player/Player.cs
  artifactKey: Guid(4657a819fc8eadf459113d07b3e42875) Importer(815301076,1909f56bfc062723c751e8b465ee728b)
Start importing Assets/Game/Scripts/Frame/Player/Player.cs using Guid(4657a819fc8eadf459113d07b3e42875) Importer(815301076,1909f56bfc062723c751e8b465ee728b) (PreviewImporter) -> (artifact id: '00000000000000000000000000000000') in 0.0003932 seconds
Import Error Code:(4)
Message: Build asset version error: assets/game/scripts/frame/player/player.cs in SourceAssetDB has modification time of '2024-12-13T08:37:42.3586521Z' while content on disk has modification time of '2025-02-26T03:15:16.5173926Z'
  ERROR: Build asset version error: assets/game/scripts/frame/player/player.cs in SourceAssetDB has modification time of '2024-12-13T08:37:42.3586521Z' while content on disk has modification time of '2025-02-26T03:15:16.5173926Z'
Number of updated asset objects reloaded before import = 0Number of asset objects unloaded after import = 0

========================================================================
Received Import Request.
  Time since last request: 0.002385 seconds.
  path: Assets/Game/Scripts/Frame/Player/Player.cs
  artifactKey: Guid(4657a819fc8eadf459113d07b3e42875) Importer(815301076,1909f56bfc062723c751e8b465ee728b)
Start importing Assets/Game/Scripts/Frame/Player/Player.cs using Guid(4657a819fc8eadf459113d07b3e42875) Importer(815301076,1909f56bfc062723c751e8b465ee728b) (PreviewImporter) -> (artifact id: '00000000000000000000000000000000') in 0.000419 seconds
Import Error Code:(4)
Message: Build asset version error: assets/game/scripts/frame/player/player.cs in SourceAssetDB has modification time of '2024-12-13T08:37:42.3586521Z' while content on disk has modification time of '2025-02-26T03:15:16.5173926Z'
  ERROR: Build asset version error: assets/game/scripts/frame/player/player.cs in SourceAssetDB has modification time of '2024-12-13T08:37:42.3586521Z' while content on disk has modification time of '2025-02-26T03:15:16.5173926Z'
Number of updated asset objects reloaded before import = 0Number of asset objects unloaded after import = 0

========================================================================
Received Import Request.
  Time since last request: 0.002374 seconds.
  path: Assets/Game/Scripts/Frame/Player/Player.cs
  artifactKey: Guid(4657a819fc8eadf459113d07b3e42875) Importer(815301076,1909f56bfc062723c751e8b465ee728b)
Start importing Assets/Game/Scripts/Frame/Player/Player.cs using Guid(4657a819fc8eadf459113d07b3e42875) Importer(815301076,1909f56bfc062723c751e8b465ee728b) (PreviewImporter) -> (artifact id: '00000000000000000000000000000000') in 0.0006121 seconds
Import Error Code:(4)
Message: Build asset version error: assets/game/scripts/frame/player/player.cs in SourceAssetDB has modification time of '2024-12-13T08:37:42.3586521Z' while content on disk has modification time of '2025-02-26T03:15:16.5173926Z'
  ERROR: Build asset version error: assets/game/scripts/frame/player/player.cs in SourceAssetDB has modification time of '2024-12-13T08:37:42.3586521Z' while content on disk has modification time of '2025-02-26T03:15:16.5173926Z'
Number of updated asset objects reloaded before import = 0Number of asset objects unloaded after import = 0

========================================================================
Received Import Request.
  Time since last request: 0.002101 seconds.
  path: Assets/Game/Scripts/Frame/Player/Player.cs
  artifactKey: Guid(4657a819fc8eadf459113d07b3e42875) Importer(815301076,1909f56bfc062723c751e8b465ee728b)
Start importing Assets/Game/Scripts/Frame/Player/Player.cs using Guid(4657a819fc8eadf459113d07b3e42875) Importer(815301076,1909f56bfc062723c751e8b465ee728b) (PreviewImporter) -> (artifact id: '00000000000000000000000000000000') in 0.0004447 seconds
Import Error Code:(4)
Message: Build asset version error: assets/game/scripts/frame/player/player.cs in SourceAssetDB has modification time of '2024-12-13T08:37:42.3586521Z' while content on disk has modification time of '2025-02-26T03:15:16.5173926Z'
  ERROR: Build asset version error: assets/game/scripts/frame/player/player.cs in SourceAssetDB has modification time of '2024-12-13T08:37:42.3586521Z' while content on disk has modification time of '2025-02-26T03:15:16.5173926Z'
Number of updated asset objects reloaded before import = 0Number of asset objects unloaded after import = 0

========================================================================
Received Import Request.
  Time since last request: 0.001312 seconds.
  path: Assets/Game/Scripts/Frame/Player/Player.cs
  artifactKey: Guid(4657a819fc8eadf459113d07b3e42875) Importer(815301076,1909f56bfc062723c751e8b465ee728b)
Start importing Assets/Game/Scripts/Frame/Player/Player.cs using Guid(4657a819fc8eadf459113d07b3e42875) Importer(815301076,1909f56bfc062723c751e8b465ee728b) (PreviewImporter) -> (artifact id: '00000000000000000000000000000000') in 0.0003978 seconds
Import Error Code:(4)
Message: Build asset version error: assets/game/scripts/frame/player/player.cs in SourceAssetDB has modification time of '2024-12-13T08:37:42.3586521Z' while content on disk has modification time of '2025-02-26T03:15:16.5173926Z'
  ERROR: Build asset version error: assets/game/scripts/frame/player/player.cs in SourceAssetDB has modification time of '2024-12-13T08:37:42.3586521Z' while content on disk has modification time of '2025-02-26T03:15:16.5173926Z'
Number of updated asset objects reloaded before import = 0Number of asset objects unloaded after import = 0

========================================================================
Received Import Request.
  Time since last request: 0.001995 seconds.
  path: Assets/Game/Scripts/Frame/Player/Player.cs
  artifactKey: Guid(4657a819fc8eadf459113d07b3e42875) Importer(815301076,1909f56bfc062723c751e8b465ee728b)
Start importing Assets/Game/Scripts/Frame/Player/Player.cs using Guid(4657a819fc8eadf459113d07b3e42875) Importer(815301076,1909f56bfc062723c751e8b465ee728b) (PreviewImporter) -> (artifact id: '00000000000000000000000000000000') in 0.0004583 seconds
Import Error Code:(4)
Message: Build asset version error: assets/game/scripts/frame/player/player.cs in SourceAssetDB has modification time of '2024-12-13T08:37:42.3586521Z' while content on disk has modification time of '2025-02-26T03:15:16.5173926Z'
  ERROR: Build asset version error: assets/game/scripts/frame/player/player.cs in SourceAssetDB has modification time of '2024-12-13T08:37:42.3586521Z' while content on disk has modification time of '2025-02-26T03:15:16.5173926Z'
Number of updated asset objects reloaded before import = 0Number of asset objects unloaded after import = 0

========================================================================
Received Import Request.
  Time since last request: 0.001571 seconds.
  path: Assets/Game/Scripts/Frame/Player/Player.cs
  artifactKey: Guid(4657a819fc8eadf459113d07b3e42875) Importer(815301076,1909f56bfc062723c751e8b465ee728b)
Start importing Assets/Game/Scripts/Frame/Player/Player.cs using Guid(4657a819fc8eadf459113d07b3e42875) Importer(815301076,1909f56bfc062723c751e8b465ee728b) (PreviewImporter) -> (artifact id: '00000000000000000000000000000000') in 0.0003889 seconds
Import Error Code:(4)
Message: Build asset version error: assets/game/scripts/frame/player/player.cs in SourceAssetDB has modification time of '2024-12-13T08:37:42.3586521Z' while content on disk has modification time of '2025-02-26T03:15:16.5173926Z'
  ERROR: Build asset version error: assets/game/scripts/frame/player/player.cs in SourceAssetDB has modification time of '2024-12-13T08:37:42.3586521Z' while content on disk has modification time of '2025-02-26T03:15:16.5173926Z'
Number of updated asset objects reloaded before import = 0Number of asset objects unloaded after import = 0

========================================================================
Received Import Request.
  Time since last request: 0.002514 seconds.
  path: Assets/Game/Scripts/Frame/Player/Player.cs
  artifactKey: Guid(4657a819fc8eadf459113d07b3e42875) Importer(815301076,1909f56bfc062723c751e8b465ee728b)
Start importing Assets/Game/Scripts/Frame/Player/Player.cs using Guid(4657a819fc8eadf459113d07b3e42875) Importer(815301076,1909f56bfc062723c751e8b465ee728b) (PreviewImporter) -> (artifact id: '00000000000000000000000000000000') in 0.0004515 seconds
Import Error Code:(4)
Message: Build asset version error: assets/game/scripts/frame/player/player.cs in SourceAssetDB has modification time of '2024-12-13T08:37:42.3586521Z' while content on disk has modification time of '2025-02-26T03:15:16.5173926Z'
  ERROR: Build asset version error: assets/game/scripts/frame/player/player.cs in SourceAssetDB has modification time of '2024-12-13T08:37:42.3586521Z' while content on disk has modification time of '2025-02-26T03:15:16.5173926Z'
Number of updated asset objects reloaded before import = 0Number of asset objects unloaded after import = 0

========================================================================
Received Import Request.
  Time since last request: 0.001854 seconds.
  path: Assets/Game/Scripts/Frame/Player/Player.cs
  artifactKey: Guid(4657a819fc8eadf459113d07b3e42875) Importer(815301076,1909f56bfc062723c751e8b465ee728b)
Start importing Assets/Game/Scripts/Frame/Player/Player.cs using Guid(4657a819fc8eadf459113d07b3e42875) Importer(815301076,1909f56bfc062723c751e8b465ee728b) (PreviewImporter) -> (artifact id: '00000000000000000000000000000000') in 0.000531 seconds
Import Error Code:(4)
Message: Build asset version error: assets/game/scripts/frame/player/player.cs in SourceAssetDB has modification time of '2024-12-13T08:37:42.3586521Z' while content on disk has modification time of '2025-02-26T03:15:16.5173926Z'
  ERROR: Build asset version error: assets/game/scripts/frame/player/player.cs in SourceAssetDB has modification time of '2024-12-13T08:37:42.3586521Z' while content on disk has modification time of '2025-02-26T03:15:16.5173926Z'
Number of updated asset objects reloaded before import = 0Number of asset objects unloaded after import = 0

========================================================================
Received Import Request.
  Time since last request: 0.001419 seconds.
  path: Assets/Game/Scripts/Frame/Player/Player.cs
  artifactKey: Guid(4657a819fc8eadf459113d07b3e42875) Importer(815301076,1909f56bfc062723c751e8b465ee728b)
Start importing Assets/Game/Scripts/Frame/Player/Player.cs using Guid(4657a819fc8eadf459113d07b3e42875) Importer(815301076,1909f56bfc062723c751e8b465ee728b) (PreviewImporter) -> (artifact id: '00000000000000000000000000000000') in 0.0003794 seconds
Import Error Code:(4)
Message: Build asset version error: assets/game/scripts/frame/player/player.cs in SourceAssetDB has modification time of '2024-12-13T08:37:42.3586521Z' while content on disk has modification time of '2025-02-26T03:15:16.5173926Z'
  ERROR: Build asset version error: assets/game/scripts/frame/player/player.cs in SourceAssetDB has modification time of '2024-12-13T08:37:42.3586521Z' while content on disk has modification time of '2025-02-26T03:15:16.5173926Z'
Number of updated asset objects reloaded before import = 0Number of asset objects unloaded after import = 0

========================================================================
Received Import Request.
  Time since last request: 0.001528 seconds.
  path: Assets/Game/Scripts/Frame/Player/Player.cs
  artifactKey: Guid(4657a819fc8eadf459113d07b3e42875) Importer(815301076,1909f56bfc062723c751e8b465ee728b)
Start importing Assets/Game/Scripts/Frame/Player/Player.cs using Guid(4657a819fc8eadf459113d07b3e42875) Importer(815301076,1909f56bfc062723c751e8b465ee728b) (PreviewImporter) -> (artifact id: '00000000000000000000000000000000') in 0.0003892 seconds
Import Error Code:(4)
Message: Build asset version error: assets/game/scripts/frame/player/player.cs in SourceAssetDB has modification time of '2024-12-13T08:37:42.3586521Z' while content on disk has modification time of '2025-02-26T03:15:16.5173926Z'
  ERROR: Build asset version error: assets/game/scripts/frame/player/player.cs in SourceAssetDB has modification time of '2024-12-13T08:37:42.3586521Z' while content on disk has modification time of '2025-02-26T03:15:16.5173926Z'
Number of updated asset objects reloaded before import = 0Number of asset objects unloaded after import = 0

========================================================================
Received Import Request.
  Time since last request: 0.001562 seconds.
  path: Assets/Game/Scripts/Frame/Player/Player.cs
  artifactKey: Guid(4657a819fc8eadf459113d07b3e42875) Importer(815301076,1909f56bfc062723c751e8b465ee728b)
Start importing Assets/Game/Scripts/Frame/Player/Player.cs using Guid(4657a819fc8eadf459113d07b3e42875) Importer(815301076,1909f56bfc062723c751e8b465ee728b) (PreviewImporter) -> (artifact id: '00000000000000000000000000000000') in 0.0004195 seconds
Import Error Code:(4)
Message: Build asset version error: assets/game/scripts/frame/player/player.cs in SourceAssetDB has modification time of '2024-12-13T08:37:42.3586521Z' while content on disk has modification time of '2025-02-26T03:15:16.5173926Z'
  ERROR: Build asset version error: assets/game/scripts/frame/player/player.cs in SourceAssetDB has modification time of '2024-12-13T08:37:42.3586521Z' while content on disk has modification time of '2025-02-26T03:15:16.5173926Z'
Number of updated asset objects reloaded before import = 0Number of asset objects unloaded after import = 0

========================================================================
Received Import Request.
  Time since last request: 0.001523 seconds.
  path: Assets/Game/Scripts/Frame/Player/Player.cs
  artifactKey: Guid(4657a819fc8eadf459113d07b3e42875) Importer(815301076,1909f56bfc062723c751e8b465ee728b)
Start importing Assets/Game/Scripts/Frame/Player/Player.cs using Guid(4657a819fc8eadf459113d07b3e42875) Importer(815301076,1909f56bfc062723c751e8b465ee728b) (PreviewImporter) -> (artifact id: '00000000000000000000000000000000') in 0.0005078 seconds
Import Error Code:(4)
Message: Build asset version error: assets/game/scripts/frame/player/player.cs in SourceAssetDB has modification time of '2024-12-13T08:37:42.3586521Z' while content on disk has modification time of '2025-02-26T03:15:16.5173926Z'
  ERROR: Build asset version error: assets/game/scripts/frame/player/player.cs in SourceAssetDB has modification time of '2024-12-13T08:37:42.3586521Z' while content on disk has modification time of '2025-02-26T03:15:16.5173926Z'
Number of updated asset objects reloaded before import = 0Number of asset objects unloaded after import = 0

========================================================================
Received Import Request.
  Time since last request: 0.000994 seconds.
  path: Assets/Game/Scripts/Frame/Player/Player.cs
  artifactKey: Guid(4657a819fc8eadf459113d07b3e42875) Importer(815301076,1909f56bfc062723c751e8b465ee728b)
Start importing Assets/Game/Scripts/Frame/Player/Player.cs using Guid(4657a819fc8eadf459113d07b3e42875) Importer(815301076,1909f56bfc062723c751e8b465ee728b) (PreviewImporter) -> (artifact id: '00000000000000000000000000000000') in 0.0004521 seconds
Import Error Code:(4)
Message: Build asset version error: assets/game/scripts/frame/player/player.cs in SourceAssetDB has modification time of '2024-12-13T08:37:42.3586521Z' while content on disk has modification time of '2025-02-26T03:15:16.5173926Z'
  ERROR: Build asset version error: assets/game/scripts/frame/player/player.cs in SourceAssetDB has modification time of '2024-12-13T08:37:42.3586521Z' while content on disk has modification time of '2025-02-26T03:15:16.5173926Z'
Number of updated asset objects reloaded before import = 0Number of asset objects unloaded after import = 0

========================================================================
Received Import Request.
  Time since last request: 0.001965 seconds.
  path: Assets/Game/Scripts/Frame/Player/Player.cs
  artifactKey: Guid(4657a819fc8eadf459113d07b3e42875) Importer(815301076,1909f56bfc062723c751e8b465ee728b)
Start importing Assets/Game/Scripts/Frame/Player/Player.cs using Guid(4657a819fc8eadf459113d07b3e42875) Importer(815301076,1909f56bfc062723c751e8b465ee728b) (PreviewImporter) -> (artifact id: '00000000000000000000000000000000') in 0.0005559 seconds
Import Error Code:(4)
Message: Build asset version error: assets/game/scripts/frame/player/player.cs in SourceAssetDB has modification time of '2024-12-13T08:37:42.3586521Z' while content on disk has modification time of '2025-02-26T03:15:16.5173926Z'
  ERROR: Build asset version error: assets/game/scripts/frame/player/player.cs in SourceAssetDB has modification time of '2024-12-13T08:37:42.3586521Z' while content on disk has modification time of '2025-02-26T03:15:16.5173926Z'
Number of updated asset objects reloaded before import = 0Number of asset objects unloaded after import = 0

========================================================================
Received Import Request.
  Time since last request: 0.001067 seconds.
  path: Assets/Game/Scripts/Frame/Player/Player.cs
  artifactKey: Guid(4657a819fc8eadf459113d07b3e42875) Importer(815301076,1909f56bfc062723c751e8b465ee728b)
Start importing Assets/Game/Scripts/Frame/Player/Player.cs using Guid(4657a819fc8eadf459113d07b3e42875) Importer(815301076,1909f56bfc062723c751e8b465ee728b) (PreviewImporter) -> (artifact id: '00000000000000000000000000000000') in 0.0004131 seconds
Import Error Code:(4)
Message: Build asset version error: assets/game/scripts/frame/player/player.cs in SourceAssetDB has modification time of '2024-12-13T08:37:42.3586521Z' while content on disk has modification time of '2025-02-26T03:15:16.5173926Z'
  ERROR: Build asset version error: assets/game/scripts/frame/player/player.cs in SourceAssetDB has modification time of '2024-12-13T08:37:42.3586521Z' while content on disk has modification time of '2025-02-26T03:15:16.5173926Z'
Number of updated asset objects reloaded before import = 0Number of asset objects unloaded after import = 0

========================================================================
Received Import Request.
  Time since last request: 0.002175 seconds.
  path: Assets/Game/Scripts/Frame/Player/Player.cs
  artifactKey: Guid(4657a819fc8eadf459113d07b3e42875) Importer(815301076,1909f56bfc062723c751e8b465ee728b)
Start importing Assets/Game/Scripts/Frame/Player/Player.cs using Guid(4657a819fc8eadf459113d07b3e42875) Importer(815301076,1909f56bfc062723c751e8b465ee728b) (PreviewImporter) -> (artifact id: '00000000000000000000000000000000') in 0.0004205 seconds
Import Error Code:(4)
Message: Build asset version error: assets/game/scripts/frame/player/player.cs in SourceAssetDB has modification time of '2024-12-13T08:37:42.3586521Z' while content on disk has modification time of '2025-02-26T03:15:16.5173926Z'
  ERROR: Build asset version error: assets/game/scripts/frame/player/player.cs in SourceAssetDB has modification time of '2024-12-13T08:37:42.3586521Z' while content on disk has modification time of '2025-02-26T03:15:16.5173926Z'
Number of updated asset objects reloaded before import = 0Number of asset objects unloaded after import = 0

========================================================================
Received Import Request.
  Time since last request: 0.001700 seconds.
  path: Assets/Game/Scripts/Frame/Player/Player.cs
  artifactKey: Guid(4657a819fc8eadf459113d07b3e42875) Importer(815301076,1909f56bfc062723c751e8b465ee728b)
Start importing Assets/Game/Scripts/Frame/Player/Player.cs using Guid(4657a819fc8eadf459113d07b3e42875) Importer(815301076,1909f56bfc062723c751e8b465ee728b) (PreviewImporter) -> (artifact id: '00000000000000000000000000000000') in 0.0004219 seconds
Import Error Code:(4)
Message: Build asset version error: assets/game/scripts/frame/player/player.cs in SourceAssetDB has modification time of '2024-12-13T08:37:42.3586521Z' while content on disk has modification time of '2025-02-26T03:15:16.5173926Z'
  ERROR: Build asset version error: assets/game/scripts/frame/player/player.cs in SourceAssetDB has modification time of '2024-12-13T08:37:42.3586521Z' while content on disk has modification time of '2025-02-26T03:15:16.5173926Z'
Number of updated asset objects reloaded before import = 0Number of asset objects unloaded after import = 0

========================================================================
Received Import Request.
  Time since last request: 0.000820 seconds.
  path: Assets/Game/Scripts/Frame/Player/Player.cs
  artifactKey: Guid(4657a819fc8eadf459113d07b3e42875) Importer(815301076,1909f56bfc062723c751e8b465ee728b)
Start importing Assets/Game/Scripts/Frame/Player/Player.cs using Guid(4657a819fc8eadf459113d07b3e42875) Importer(815301076,1909f56bfc062723c751e8b465ee728b) (PreviewImporter) -> (artifact id: '00000000000000000000000000000000') in 0.0004292 seconds
Import Error Code:(4)
Message: Build asset version error: assets/game/scripts/frame/player/player.cs in SourceAssetDB has modification time of '2024-12-13T08:37:42.3586521Z' while content on disk has modification time of '2025-02-26T03:15:16.5173926Z'
  ERROR: Build asset version error: assets/game/scripts/frame/player/player.cs in SourceAssetDB has modification time of '2024-12-13T08:37:42.3586521Z' while content on disk has modification time of '2025-02-26T03:15:16.5173926Z'
Number of updated asset objects reloaded before import = 0Number of asset objects unloaded after import = 0

========================================================================
Received Import Request.
  Time since last request: 0.000256 seconds.
  path: Assets/Game/Scripts/Frame/Player/Player.cs
  artifactKey: Guid(4657a819fc8eadf459113d07b3e42875) Importer(815301076,1909f56bfc062723c751e8b465ee728b)
Start importing Assets/Game/Scripts/Frame/Player/Player.cs using Guid(4657a819fc8eadf459113d07b3e42875) Importer(815301076,1909f56bfc062723c751e8b465ee728b) (PreviewImporter) -> (artifact id: '00000000000000000000000000000000') in 0.0004265 seconds
Import Error Code:(4)
Message: Build asset version error: assets/game/scripts/frame/player/player.cs in SourceAssetDB has modification time of '2024-12-13T08:37:42.3586521Z' while content on disk has modification time of '2025-02-26T03:15:16.5173926Z'
  ERROR: Build asset version error: assets/game/scripts/frame/player/player.cs in SourceAssetDB has modification time of '2024-12-13T08:37:42.3586521Z' while content on disk has modification time of '2025-02-26T03:15:16.5173926Z'
Number of updated asset objects reloaded before import = 0Number of asset objects unloaded after import = 0

========================================================================
Received Import Request.
  Time since last request: 0.001383 seconds.
  path: Assets/Game/Scripts/Frame/Player/Player.cs
  artifactKey: Guid(4657a819fc8eadf459113d07b3e42875) Importer(815301076,1909f56bfc062723c751e8b465ee728b)
Start importing Assets/Game/Scripts/Frame/Player/Player.cs using Guid(4657a819fc8eadf459113d07b3e42875) Importer(815301076,1909f56bfc062723c751e8b465ee728b) (PreviewImporter) -> (artifact id: '00000000000000000000000000000000') in 0.0004189 seconds
Import Error Code:(4)
Message: Build asset version error: assets/game/scripts/frame/player/player.cs in SourceAssetDB has modification time of '2024-12-13T08:37:42.3586521Z' while content on disk has modification time of '2025-02-26T03:15:16.5173926Z'
  ERROR: Build asset version error: assets/game/scripts/frame/player/player.cs in SourceAssetDB has modification time of '2024-12-13T08:37:42.3586521Z' while content on disk has modification time of '2025-02-26T03:15:16.5173926Z'
Number of updated asset objects reloaded before import = 0Number of asset objects unloaded after import = 0

========================================================================
Received Import Request.
  Time since last request: 0.001644 seconds.
  path: Assets/Game/Scripts/Frame/Player/Player.cs
  artifactKey: Guid(4657a819fc8eadf459113d07b3e42875) Importer(815301076,1909f56bfc062723c751e8b465ee728b)
Start importing Assets/Game/Scripts/Frame/Player/Player.cs using Guid(4657a819fc8eadf459113d07b3e42875) Importer(815301076,1909f56bfc062723c751e8b465ee728b) (PreviewImporter) -> (artifact id: '00000000000000000000000000000000') in 0.0004874 seconds
Import Error Code:(4)
Message: Build asset version error: assets/game/scripts/frame/player/player.cs in SourceAssetDB has modification time of '2024-12-13T08:37:42.3586521Z' while content on disk has modification time of '2025-02-26T03:15:16.5173926Z'
  ERROR: Build asset version error: assets/game/scripts/frame/player/player.cs in SourceAssetDB has modification time of '2024-12-13T08:37:42.3586521Z' while content on disk has modification time of '2025-02-26T03:15:16.5173926Z'
Number of updated asset objects reloaded before import = 0Number of asset objects unloaded after import = 0

========================================================================
Received Import Request.
  Time since last request: 0.001259 seconds.
  path: Assets/Game/Scripts/Frame/Player/Player.cs
  artifactKey: Guid(4657a819fc8eadf459113d07b3e42875) Importer(815301076,1909f56bfc062723c751e8b465ee728b)
Start importing Assets/Game/Scripts/Frame/Player/Player.cs using Guid(4657a819fc8eadf459113d07b3e42875) Importer(815301076,1909f56bfc062723c751e8b465ee728b) (PreviewImporter) -> (artifact id: '00000000000000000000000000000000') in 0.0004473 seconds
Import Error Code:(4)
Message: Build asset version error: assets/game/scripts/frame/player/player.cs in SourceAssetDB has modification time of '2024-12-13T08:37:42.3586521Z' while content on disk has modification time of '2025-02-26T03:15:16.5173926Z'
  ERROR: Build asset version error: assets/game/scripts/frame/player/player.cs in SourceAssetDB has modification time of '2024-12-13T08:37:42.3586521Z' while content on disk has modification time of '2025-02-26T03:15:16.5173926Z'
Number of updated asset objects reloaded before import = 0Number of asset objects unloaded after import = 0

========================================================================
Received Import Request.
  Time since last request: 0.001372 seconds.
  path: Assets/Game/Scripts/Frame/Player/Player.cs
  artifactKey: Guid(4657a819fc8eadf459113d07b3e42875) Importer(815301076,1909f56bfc062723c751e8b465ee728b)
Start importing Assets/Game/Scripts/Frame/Player/Player.cs using Guid(4657a819fc8eadf459113d07b3e42875) Importer(815301076,1909f56bfc062723c751e8b465ee728b) (PreviewImporter) -> (artifact id: '00000000000000000000000000000000') in 0.0003992 seconds
Import Error Code:(4)
Message: Build asset version error: assets/game/scripts/frame/player/player.cs in SourceAssetDB has modification time of '2024-12-13T08:37:42.3586521Z' while content on disk has modification time of '2025-02-26T03:15:16.5173926Z'
  ERROR: Build asset version error: assets/game/scripts/frame/player/player.cs in SourceAssetDB has modification time of '2024-12-13T08:37:42.3586521Z' while content on disk has modification time of '2025-02-26T03:15:16.5173926Z'
Number of updated asset objects reloaded before import = 0Number of asset objects unloaded after import = 0

========================================================================
Received Import Request.
  Time since last request: 0.001663 seconds.
  path: Assets/Game/Scripts/Frame/Player/Player.cs
  artifactKey: Guid(4657a819fc8eadf459113d07b3e42875) Importer(815301076,1909f56bfc062723c751e8b465ee728b)
Start importing Assets/Game/Scripts/Frame/Player/Player.cs using Guid(4657a819fc8eadf459113d07b3e42875) Importer(815301076,1909f56bfc062723c751e8b465ee728b) (PreviewImporter) -> (artifact id: '00000000000000000000000000000000') in 0.0003977 seconds
Import Error Code:(4)
Message: Build asset version error: assets/game/scripts/frame/player/player.cs in SourceAssetDB has modification time of '2024-12-13T08:37:42.3586521Z' while content on disk has modification time of '2025-02-26T03:15:16.5173926Z'
  ERROR: Build asset version error: assets/game/scripts/frame/player/player.cs in SourceAssetDB has modification time of '2024-12-13T08:37:42.3586521Z' while content on disk has modification time of '2025-02-26T03:15:16.5173926Z'
Number of updated asset objects reloaded before import = 0Number of asset objects unloaded after import = 0

========================================================================
Received Import Request.
  Time since last request: 0.001597 seconds.
  path: Assets/Game/Scripts/Frame/Player/Player.cs
  artifactKey: Guid(4657a819fc8eadf459113d07b3e42875) Importer(815301076,1909f56bfc062723c751e8b465ee728b)
Start importing Assets/Game/Scripts/Frame/Player/Player.cs using Guid(4657a819fc8eadf459113d07b3e42875) Importer(815301076,1909f56bfc062723c751e8b465ee728b) (PreviewImporter) -> (artifact id: '00000000000000000000000000000000') in 0.0005014 seconds
Import Error Code:(4)
Message: Build asset version error: assets/game/scripts/frame/player/player.cs in SourceAssetDB has modification time of '2024-12-13T08:37:42.3586521Z' while content on disk has modification time of '2025-02-26T03:15:16.5173926Z'
  ERROR: Build asset version error: assets/game/scripts/frame/player/player.cs in SourceAssetDB has modification time of '2024-12-13T08:37:42.3586521Z' while content on disk has modification time of '2025-02-26T03:15:16.5173926Z'
Number of updated asset objects reloaded before import = 0Number of asset objects unloaded after import = 0

========================================================================
Received Import Request.
  Time since last request: 0.001652 seconds.
  path: Assets/Game/Scripts/Frame/Player/Player.cs
  artifactKey: Guid(4657a819fc8eadf459113d07b3e42875) Importer(815301076,1909f56bfc062723c751e8b465ee728b)
Start importing Assets/Game/Scripts/Frame/Player/Player.cs using Guid(4657a819fc8eadf459113d07b3e42875) Importer(815301076,1909f56bfc062723c751e8b465ee728b) (PreviewImporter) -> (artifact id: '00000000000000000000000000000000') in 0.0004043 seconds
Import Error Code:(4)
Message: Build asset version error: assets/game/scripts/frame/player/player.cs in SourceAssetDB has modification time of '2024-12-13T08:37:42.3586521Z' while content on disk has modification time of '2025-02-26T03:15:16.5173926Z'
  ERROR: Build asset version error: assets/game/scripts/frame/player/player.cs in SourceAssetDB has modification time of '2024-12-13T08:37:42.3586521Z' while content on disk has modification time of '2025-02-26T03:15:16.5173926Z'
Number of updated asset objects reloaded before import = 0Number of asset objects unloaded after import = 0

========================================================================
Received Import Request.
  Time since last request: 0.002016 seconds.
  path: Assets/Game/Scripts/Frame/Player/Player.cs
  artifactKey: Guid(4657a819fc8eadf459113d07b3e42875) Importer(815301076,1909f56bfc062723c751e8b465ee728b)
Start importing Assets/Game/Scripts/Frame/Player/Player.cs using Guid(4657a819fc8eadf459113d07b3e42875) Importer(815301076,1909f56bfc062723c751e8b465ee728b) (PreviewImporter) -> (artifact id: '00000000000000000000000000000000') in 0.0004086 seconds
Import Error Code:(4)
Message: Build asset version error: assets/game/scripts/frame/player/player.cs in SourceAssetDB has modification time of '2024-12-13T08:37:42.3586521Z' while content on disk has modification time of '2025-02-26T03:15:16.5173926Z'
  ERROR: Build asset version error: assets/game/scripts/frame/player/player.cs in SourceAssetDB has modification time of '2024-12-13T08:37:42.3586521Z' while content on disk has modification time of '2025-02-26T03:15:16.5173926Z'
Number of updated asset objects reloaded before import = 0Number of asset objects unloaded after import = 0

========================================================================
Received Import Request.
  Time since last request: 0.002738 seconds.
  path: Assets/Game/Scripts/Frame/Player/Player.cs
  artifactKey: Guid(4657a819fc8eadf459113d07b3e42875) Importer(815301076,1909f56bfc062723c751e8b465ee728b)
Start importing Assets/Game/Scripts/Frame/Player/Player.cs using Guid(4657a819fc8eadf459113d07b3e42875) Importer(815301076,1909f56bfc062723c751e8b465ee728b) (PreviewImporter) -> (artifact id: '00000000000000000000000000000000') in 0.0004829 seconds
Import Error Code:(4)
Message: Build asset version error: assets/game/scripts/frame/player/player.cs in SourceAssetDB has modification time of '2024-12-13T08:37:42.3586521Z' while content on disk has modification time of '2025-02-26T03:15:16.5173926Z'
  ERROR: Build asset version error: assets/game/scripts/frame/player/player.cs in SourceAssetDB has modification time of '2024-12-13T08:37:42.3586521Z' while content on disk has modification time of '2025-02-26T03:15:16.5173926Z'
Number of updated asset objects reloaded before import = 0Number of asset objects unloaded after import = 0

========================================================================
Received Import Request.
  Time since last request: 0.000919 seconds.
  path: Assets/Game/Scripts/Frame/Player/Player.cs
  artifactKey: Guid(4657a819fc8eadf459113d07b3e42875) Importer(815301076,1909f56bfc062723c751e8b465ee728b)
Start importing Assets/Game/Scripts/Frame/Player/Player.cs using Guid(4657a819fc8eadf459113d07b3e42875) Importer(815301076,1909f56bfc062723c751e8b465ee728b) (PreviewImporter) -> (artifact id: '00000000000000000000000000000000') in 0.0004429 seconds
Import Error Code:(4)
Message: Build asset version error: assets/game/scripts/frame/player/player.cs in SourceAssetDB has modification time of '2024-12-13T08:37:42.3586521Z' while content on disk has modification time of '2025-02-26T03:15:16.5173926Z'
  ERROR: Build asset version error: assets/game/scripts/frame/player/player.cs in SourceAssetDB has modification time of '2024-12-13T08:37:42.3586521Z' while content on disk has modification time of '2025-02-26T03:15:16.5173926Z'
Number of updated asset objects reloaded before import = 0Number of asset objects unloaded after import = 0

========================================================================
Received Import Request.
  Time since last request: 0.001418 seconds.
  path: Assets/Game/Scripts/Frame/Player/Player.cs
  artifactKey: Guid(4657a819fc8eadf459113d07b3e42875) Importer(815301076,1909f56bfc062723c751e8b465ee728b)
Start importing Assets/Game/Scripts/Frame/Player/Player.cs using Guid(4657a819fc8eadf459113d07b3e42875) Importer(815301076,1909f56bfc062723c751e8b465ee728b) (PreviewImporter) -> (artifact id: '00000000000000000000000000000000') in 0.0004154 seconds
Import Error Code:(4)
Message: Build asset version error: assets/game/scripts/frame/player/player.cs in SourceAssetDB has modification time of '2024-12-13T08:37:42.3586521Z' while content on disk has modification time of '2025-02-26T03:15:16.5173926Z'
  ERROR: Build asset version error: assets/game/scripts/frame/player/player.cs in SourceAssetDB has modification time of '2024-12-13T08:37:42.3586521Z' while content on disk has modification time of '2025-02-26T03:15:16.5173926Z'
Number of updated asset objects reloaded before import = 0Number of asset objects unloaded after import = 0

========================================================================
Received Import Request.
  Time since last request: 0.001198 seconds.
  path: Assets/Game/Scripts/Frame/Player/Player.cs
  artifactKey: Guid(4657a819fc8eadf459113d07b3e42875) Importer(815301076,1909f56bfc062723c751e8b465ee728b)
Start importing Assets/Game/Scripts/Frame/Player/Player.cs using Guid(4657a819fc8eadf459113d07b3e42875) Importer(815301076,1909f56bfc062723c751e8b465ee728b) (PreviewImporter) -> (artifact id: '00000000000000000000000000000000') in 0.0004253 seconds
Import Error Code:(4)
Message: Build asset version error: assets/game/scripts/frame/player/player.cs in SourceAssetDB has modification time of '2024-12-13T08:37:42.3586521Z' while content on disk has modification time of '2025-02-26T03:15:16.5173926Z'
  ERROR: Build asset version error: assets/game/scripts/frame/player/player.cs in SourceAssetDB has modification time of '2024-12-13T08:37:42.3586521Z' while content on disk has modification time of '2025-02-26T03:15:16.5173926Z'
Number of updated asset objects reloaded before import = 0Number of asset objects unloaded after import = 0

========================================================================
Received Import Request.
  Time since last request: 0.000972 seconds.
  path: Assets/Game/Scripts/Frame/Player/Player.cs
  artifactKey: Guid(4657a819fc8eadf459113d07b3e42875) Importer(815301076,1909f56bfc062723c751e8b465ee728b)
Start importing Assets/Game/Scripts/Frame/Player/Player.cs using Guid(4657a819fc8eadf459113d07b3e42875) Importer(815301076,1909f56bfc062723c751e8b465ee728b) (PreviewImporter) -> (artifact id: '00000000000000000000000000000000') in 0.0005812 seconds
Import Error Code:(4)
Message: Build asset version error: assets/game/scripts/frame/player/player.cs in SourceAssetDB has modification time of '2024-12-13T08:37:42.3586521Z' while content on disk has modification time of '2025-02-26T03:15:16.5173926Z'
  ERROR: Build asset version error: assets/game/scripts/frame/player/player.cs in SourceAssetDB has modification time of '2024-12-13T08:37:42.3586521Z' while content on disk has modification time of '2025-02-26T03:15:16.5173926Z'
Number of updated asset objects reloaded before import = 0Number of asset objects unloaded after import = 0

========================================================================
Received Import Request.
  Time since last request: 0.001255 seconds.
  path: Assets/Game/Scripts/Frame/Player/Player.cs
  artifactKey: Guid(4657a819fc8eadf459113d07b3e42875) Importer(815301076,1909f56bfc062723c751e8b465ee728b)
Start importing Assets/Game/Scripts/Frame/Player/Player.cs using Guid(4657a819fc8eadf459113d07b3e42875) Importer(815301076,1909f56bfc062723c751e8b465ee728b) (PreviewImporter) -> (artifact id: '00000000000000000000000000000000') in 0.0004342 seconds
Import Error Code:(4)
Message: Build asset version error: assets/game/scripts/frame/player/player.cs in SourceAssetDB has modification time of '2024-12-13T08:37:42.3586521Z' while content on disk has modification time of '2025-02-26T03:15:16.5173926Z'
  ERROR: Build asset version error: assets/game/scripts/frame/player/player.cs in SourceAssetDB has modification time of '2024-12-13T08:37:42.3586521Z' while content on disk has modification time of '2025-02-26T03:15:16.5173926Z'
Number of updated asset objects reloaded before import = 0Number of asset objects unloaded after import = 0

========================================================================
Received Import Request.
  Time since last request: 0.001631 seconds.
  path: Assets/Game/Scripts/Frame/Player/Player.cs
  artifactKey: Guid(4657a819fc8eadf459113d07b3e42875) Importer(815301076,1909f56bfc062723c751e8b465ee728b)
Start importing Assets/Game/Scripts/Frame/Player/Player.cs using Guid(4657a819fc8eadf459113d07b3e42875) Importer(815301076,1909f56bfc062723c751e8b465ee728b) (PreviewImporter) -> (artifact id: '00000000000000000000000000000000') in 0.0004275 seconds
Import Error Code:(4)
Message: Build asset version error: assets/game/scripts/frame/player/player.cs in SourceAssetDB has modification time of '2024-12-13T08:37:42.3586521Z' while content on disk has modification time of '2025-02-26T03:15:16.5173926Z'
  ERROR: Build asset version error: assets/game/scripts/frame/player/player.cs in SourceAssetDB has modification time of '2024-12-13T08:37:42.3586521Z' while content on disk has modification time of '2025-02-26T03:15:16.5173926Z'
Number of updated asset objects reloaded before import = 0Number of asset objects unloaded after import = 0

========================================================================
Received Import Request.
  Time since last request: 0.001365 seconds.
  path: Assets/Game/Scripts/Frame/Player/Player.cs
  artifactKey: Guid(4657a819fc8eadf459113d07b3e42875) Importer(815301076,1909f56bfc062723c751e8b465ee728b)
Start importing Assets/Game/Scripts/Frame/Player/Player.cs using Guid(4657a819fc8eadf459113d07b3e42875) Importer(815301076,1909f56bfc062723c751e8b465ee728b) (PreviewImporter) -> (artifact id: '00000000000000000000000000000000') in 0.0004615 seconds
Import Error Code:(4)
Message: Build asset version error: assets/game/scripts/frame/player/player.cs in SourceAssetDB has modification time of '2024-12-13T08:37:42.3586521Z' while content on disk has modification time of '2025-02-26T03:15:16.5173926Z'
  ERROR: Build asset version error: assets/game/scripts/frame/player/player.cs in SourceAssetDB has modification time of '2024-12-13T08:37:42.3586521Z' while content on disk has modification time of '2025-02-26T03:15:16.5173926Z'
Number of updated asset objects reloaded before import = 0Number of asset objects unloaded after import = 0

========================================================================
Received Import Request.
  Time since last request: 0.000869 seconds.
  path: Assets/Game/Scripts/Frame/Player/Player.cs
  artifactKey: Guid(4657a819fc8eadf459113d07b3e42875) Importer(815301076,1909f56bfc062723c751e8b465ee728b)
Start importing Assets/Game/Scripts/Frame/Player/Player.cs using Guid(4657a819fc8eadf459113d07b3e42875) Importer(815301076,1909f56bfc062723c751e8b465ee728b) (PreviewImporter) -> (artifact id: '00000000000000000000000000000000') in 0.000441 seconds
Import Error Code:(4)
Message: Build asset version error: assets/game/scripts/frame/player/player.cs in SourceAssetDB has modification time of '2024-12-13T08:37:42.3586521Z' while content on disk has modification time of '2025-02-26T03:15:16.5173926Z'
  ERROR: Build asset version error: assets/game/scripts/frame/player/player.cs in SourceAssetDB has modification time of '2024-12-13T08:37:42.3586521Z' while content on disk has modification time of '2025-02-26T03:15:16.5173926Z'
Number of updated asset objects reloaded before import = 0Number of asset objects unloaded after import = 0

========================================================================
Received Import Request.
  Time since last request: 0.001358 seconds.
  path: Assets/Game/Scripts/Frame/Player/Player.cs
  artifactKey: Guid(4657a819fc8eadf459113d07b3e42875) Importer(815301076,1909f56bfc062723c751e8b465ee728b)
Start importing Assets/Game/Scripts/Frame/Player/Player.cs using Guid(4657a819fc8eadf459113d07b3e42875) Importer(815301076,1909f56bfc062723c751e8b465ee728b) (PreviewImporter) -> (artifact id: '00000000000000000000000000000000') in 0.0005342 seconds
Import Error Code:(4)
Message: Build asset version error: assets/game/scripts/frame/player/player.cs in SourceAssetDB has modification time of '2024-12-13T08:37:42.3586521Z' while content on disk has modification time of '2025-02-26T03:15:16.5173926Z'
  ERROR: Build asset version error: assets/game/scripts/frame/player/player.cs in SourceAssetDB has modification time of '2024-12-13T08:37:42.3586521Z' while content on disk has modification time of '2025-02-26T03:15:16.5173926Z'
Number of updated asset objects reloaded before import = 0Number of asset objects unloaded after import = 0

========================================================================
Received Import Request.
  Time since last request: 0.000944 seconds.
  path: Assets/Game/Scripts/Frame/Player/Player.cs
  artifactKey: Guid(4657a819fc8eadf459113d07b3e42875) Importer(815301076,1909f56bfc062723c751e8b465ee728b)
Start importing Assets/Game/Scripts/Frame/Player/Player.cs using Guid(4657a819fc8eadf459113d07b3e42875) Importer(815301076,1909f56bfc062723c751e8b465ee728b) (PreviewImporter) -> (artifact id: '00000000000000000000000000000000') in 0.0004275 seconds
Import Error Code:(4)
Message: Build asset version error: assets/game/scripts/frame/player/player.cs in SourceAssetDB has modification time of '2024-12-13T08:37:42.3586521Z' while content on disk has modification time of '2025-02-26T03:15:16.5173926Z'
  ERROR: Build asset version error: assets/game/scripts/frame/player/player.cs in SourceAssetDB has modification time of '2024-12-13T08:37:42.3586521Z' while content on disk has modification time of '2025-02-26T03:15:16.5173926Z'
Number of updated asset objects reloaded before import = 0Number of asset objects unloaded after import = 0

========================================================================
Received Import Request.
  Time since last request: 0.001332 seconds.
  path: Assets/Game/Scripts/Frame/Player/Player.cs
  artifactKey: Guid(4657a819fc8eadf459113d07b3e42875) Importer(815301076,1909f56bfc062723c751e8b465ee728b)
Start importing Assets/Game/Scripts/Frame/Player/Player.cs using Guid(4657a819fc8eadf459113d07b3e42875) Importer(815301076,1909f56bfc062723c751e8b465ee728b) (PreviewImporter) -> (artifact id: '00000000000000000000000000000000') in 0.000387 seconds
Import Error Code:(4)
Message: Build asset version error: assets/game/scripts/frame/player/player.cs in SourceAssetDB has modification time of '2024-12-13T08:37:42.3586521Z' while content on disk has modification time of '2025-02-26T03:15:16.5173926Z'
  ERROR: Build asset version error: assets/game/scripts/frame/player/player.cs in SourceAssetDB has modification time of '2024-12-13T08:37:42.3586521Z' while content on disk has modification time of '2025-02-26T03:15:16.5173926Z'
Number of updated asset objects reloaded before import = 0Number of asset objects unloaded after import = 0

========================================================================
Received Import Request.
  Time since last request: 0.001845 seconds.
  path: Assets/Game/Scripts/Frame/Player/Player.cs
  artifactKey: Guid(4657a819fc8eadf459113d07b3e42875) Importer(815301076,1909f56bfc062723c751e8b465ee728b)
Start importing Assets/Game/Scripts/Frame/Player/Player.cs using Guid(4657a819fc8eadf459113d07b3e42875) Importer(815301076,1909f56bfc062723c751e8b465ee728b) (PreviewImporter) -> (artifact id: '00000000000000000000000000000000') in 0.0004066 seconds
Import Error Code:(4)
Message: Build asset version error: assets/game/scripts/frame/player/player.cs in SourceAssetDB has modification time of '2024-12-13T08:37:42.3586521Z' while content on disk has modification time of '2025-02-26T03:15:16.5173926Z'
  ERROR: Build asset version error: assets/game/scripts/frame/player/player.cs in SourceAssetDB has modification time of '2024-12-13T08:37:42.3586521Z' while content on disk has modification time of '2025-02-26T03:15:16.5173926Z'
Number of updated asset objects reloaded before import = 0Number of asset objects unloaded after import = 0

========================================================================
Received Import Request.
  Time since last request: 0.002666 seconds.
  path: Assets/Game/Scripts/Frame/Player/Player.cs
  artifactKey: Guid(4657a819fc8eadf459113d07b3e42875) Importer(815301076,1909f56bfc062723c751e8b465ee728b)
Start importing Assets/Game/Scripts/Frame/Player/Player.cs using Guid(4657a819fc8eadf459113d07b3e42875) Importer(815301076,1909f56bfc062723c751e8b465ee728b) (PreviewImporter) -> (artifact id: '00000000000000000000000000000000') in 0.0003785 seconds
Import Error Code:(4)
Message: Build asset version error: assets/game/scripts/frame/player/player.cs in SourceAssetDB has modification time of '2024-12-13T08:37:42.3586521Z' while content on disk has modification time of '2025-02-26T03:15:16.5173926Z'
  ERROR: Build asset version error: assets/game/scripts/frame/player/player.cs in SourceAssetDB has modification time of '2024-12-13T08:37:42.3586521Z' while content on disk has modification time of '2025-02-26T03:15:16.5173926Z'
Number of updated asset objects reloaded before import = 0Number of asset objects unloaded after import = 0

========================================================================
Received Import Request.
  Time since last request: 0.001502 seconds.
  path: Assets/Game/Scripts/Frame/Player/Player.cs
  artifactKey: Guid(4657a819fc8eadf459113d07b3e42875) Importer(815301076,1909f56bfc062723c751e8b465ee728b)
Start importing Assets/Game/Scripts/Frame/Player/Player.cs using Guid(4657a819fc8eadf459113d07b3e42875) Importer(815301076,1909f56bfc062723c751e8b465ee728b) (PreviewImporter) -> (artifact id: '00000000000000000000000000000000') in 0.0004328 seconds
Import Error Code:(4)
Message: Build asset version error: assets/game/scripts/frame/player/player.cs in SourceAssetDB has modification time of '2024-12-13T08:37:42.3586521Z' while content on disk has modification time of '2025-02-26T03:15:16.5173926Z'
  ERROR: Build asset version error: assets/game/scripts/frame/player/player.cs in SourceAssetDB has modification time of '2024-12-13T08:37:42.3586521Z' while content on disk has modification time of '2025-02-26T03:15:16.5173926Z'
Number of updated asset objects reloaded before import = 0Number of asset objects unloaded after import = 0

========================================================================
Received Import Request.
  Time since last request: 0.000745 seconds.
  path: Assets/Game/Scripts/Frame/Player/Player.cs
  artifactKey: Guid(4657a819fc8eadf459113d07b3e42875) Importer(815301076,1909f56bfc062723c751e8b465ee728b)
Start importing Assets/Game/Scripts/Frame/Player/Player.cs using Guid(4657a819fc8eadf459113d07b3e42875) Importer(815301076,1909f56bfc062723c751e8b465ee728b) (PreviewImporter) -> (artifact id: '00000000000000000000000000000000') in 0.0004256 seconds
Import Error Code:(4)
Message: Build asset version error: assets/game/scripts/frame/player/player.cs in SourceAssetDB has modification time of '2024-12-13T08:37:42.3586521Z' while content on disk has modification time of '2025-02-26T03:15:16.5173926Z'
  ERROR: Build asset version error: assets/game/scripts/frame/player/player.cs in SourceAssetDB has modification time of '2024-12-13T08:37:42.3586521Z' while content on disk has modification time of '2025-02-26T03:15:16.5173926Z'
Number of updated asset objects reloaded before import = 0Number of asset objects unloaded after import = 0

========================================================================
Received Import Request.
  Time since last request: 0.002216 seconds.
  path: Assets/Game/Scripts/Frame/Player/Player.cs
  artifactKey: Guid(4657a819fc8eadf459113d07b3e42875) Importer(815301076,1909f56bfc062723c751e8b465ee728b)
Start importing Assets/Game/Scripts/Frame/Player/Player.cs using Guid(4657a819fc8eadf459113d07b3e42875) Importer(815301076,1909f56bfc062723c751e8b465ee728b) (PreviewImporter) -> (artifact id: '00000000000000000000000000000000') in 0.0004436 seconds
Import Error Code:(4)
Message: Build asset version error: assets/game/scripts/frame/player/player.cs in SourceAssetDB has modification time of '2024-12-13T08:37:42.3586521Z' while content on disk has modification time of '2025-02-26T03:15:16.5173926Z'
  ERROR: Build asset version error: assets/game/scripts/frame/player/player.cs in SourceAssetDB has modification time of '2024-12-13T08:37:42.3586521Z' while content on disk has modification time of '2025-02-26T03:15:16.5173926Z'
Number of updated asset objects reloaded before import = 0Number of asset objects unloaded after import = 0

========================================================================
Received Import Request.
  Time since last request: 0.000932 seconds.
  path: Assets/Game/Scripts/Frame/Player/Player.cs
  artifactKey: Guid(4657a819fc8eadf459113d07b3e42875) Importer(815301076,1909f56bfc062723c751e8b465ee728b)
Start importing Assets/Game/Scripts/Frame/Player/Player.cs using Guid(4657a819fc8eadf459113d07b3e42875) Importer(815301076,1909f56bfc062723c751e8b465ee728b) (PreviewImporter) -> (artifact id: '00000000000000000000000000000000') in 0.0004133 seconds
Import Error Code:(4)
Message: Build asset version error: assets/game/scripts/frame/player/player.cs in SourceAssetDB has modification time of '2024-12-13T08:37:42.3586521Z' while content on disk has modification time of '2025-02-26T03:15:16.5173926Z'
  ERROR: Build asset version error: assets/game/scripts/frame/player/player.cs in SourceAssetDB has modification time of '2024-12-13T08:37:42.3586521Z' while content on disk has modification time of '2025-02-26T03:15:16.5173926Z'
Number of updated asset objects reloaded before import = 0Number of asset objects unloaded after import = 0

========================================================================
Received Import Request.
  Time since last request: 0.007876 seconds.
  path: Assets/Game/Scripts/Frame/Player/Player.cs
  artifactKey: Guid(4657a819fc8eadf459113d07b3e42875) Importer(815301076,1909f56bfc062723c751e8b465ee728b)
Start importing Assets/Game/Scripts/Frame/Player/Player.cs using Guid(4657a819fc8eadf459113d07b3e42875) Importer(815301076,1909f56bfc062723c751e8b465ee728b) (PreviewImporter) -> (artifact id: '00000000000000000000000000000000') in 0.0004348 seconds
Import Error Code:(4)
Message: Build asset version error: assets/game/scripts/frame/player/player.cs in SourceAssetDB has modification time of '2024-12-13T08:37:42.3586521Z' while content on disk has modification time of '2025-02-26T03:15:16.5173926Z'
  ERROR: Build asset version error: assets/game/scripts/frame/player/player.cs in SourceAssetDB has modification time of '2024-12-13T08:37:42.3586521Z' while content on disk has modification time of '2025-02-26T03:15:16.5173926Z'
Number of updated asset objects reloaded before import = 0Number of asset objects unloaded after import = 0

========================================================================
Received Import Request.
  Time since last request: 0.007511 seconds.
  path: Assets/Game/Scripts/Frame/Player/Player.cs
  artifactKey: Guid(4657a819fc8eadf459113d07b3e42875) Importer(815301076,1909f56bfc062723c751e8b465ee728b)
Start importing Assets/Game/Scripts/Frame/Player/Player.cs using Guid(4657a819fc8eadf459113d07b3e42875) Importer(815301076,1909f56bfc062723c751e8b465ee728b) (PreviewImporter) -> (artifact id: '00000000000000000000000000000000') in 0.0005928 seconds
Import Error Code:(4)
Message: Build asset version error: assets/game/scripts/frame/player/player.cs in SourceAssetDB has modification time of '2024-12-13T08:37:42.3586521Z' while content on disk has modification time of '2025-02-26T03:15:16.5173926Z'
  ERROR: Build asset version error: assets/game/scripts/frame/player/player.cs in SourceAssetDB has modification time of '2024-12-13T08:37:42.3586521Z' while content on disk has modification time of '2025-02-26T03:15:16.5173926Z'
Number of updated asset objects reloaded before import = 0Number of asset objects unloaded after import = 0

========================================================================
Received Import Request.
  Time since last request: 0.005703 seconds.
  path: Assets/Game/Scripts/Frame/Player/Player.cs
  artifactKey: Guid(4657a819fc8eadf459113d07b3e42875) Importer(815301076,1909f56bfc062723c751e8b465ee728b)
Start importing Assets/Game/Scripts/Frame/Player/Player.cs using Guid(4657a819fc8eadf459113d07b3e42875) Importer(815301076,1909f56bfc062723c751e8b465ee728b) (PreviewImporter) -> (artifact id: '00000000000000000000000000000000') in 0.0005426 seconds
Import Error Code:(4)
Message: Build asset version error: assets/game/scripts/frame/player/player.cs in SourceAssetDB has modification time of '2024-12-13T08:37:42.3586521Z' while content on disk has modification time of '2025-02-26T03:15:16.5173926Z'
  ERROR: Build asset version error: assets/game/scripts/frame/player/player.cs in SourceAssetDB has modification time of '2024-12-13T08:37:42.3586521Z' while content on disk has modification time of '2025-02-26T03:15:16.5173926Z'
Number of updated asset objects reloaded before import = 0Number of asset objects unloaded after import = 0

========================================================================
Received Import Request.
  Time since last request: 0.006085 seconds.
  path: Assets/Game/Scripts/Frame/Player/Player.cs
  artifactKey: Guid(4657a819fc8eadf459113d07b3e42875) Importer(815301076,1909f56bfc062723c751e8b465ee728b)
Start importing Assets/Game/Scripts/Frame/Player/Player.cs using Guid(4657a819fc8eadf459113d07b3e42875) Importer(815301076,1909f56bfc062723c751e8b465ee728b) (PreviewImporter) -> (artifact id: '00000000000000000000000000000000') in 0.000451 seconds
Import Error Code:(4)
Message: Build asset version error: assets/game/scripts/frame/player/player.cs in SourceAssetDB has modification time of '2024-12-13T08:37:42.3586521Z' while content on disk has modification time of '2025-02-26T03:15:16.5173926Z'
  ERROR: Build asset version error: assets/game/scripts/frame/player/player.cs in SourceAssetDB has modification time of '2024-12-13T08:37:42.3586521Z' while content on disk has modification time of '2025-02-26T03:15:16.5173926Z'
Number of updated asset objects reloaded before import = 0Number of asset objects unloaded after import = 0

========================================================================
Received Import Request.
  Time since last request: 0.006215 seconds.
  path: Assets/Game/Scripts/Frame/Player/Player.cs
  artifactKey: Guid(4657a819fc8eadf459113d07b3e42875) Importer(815301076,1909f56bfc062723c751e8b465ee728b)
Start importing Assets/Game/Scripts/Frame/Player/Player.cs using Guid(4657a819fc8eadf459113d07b3e42875) Importer(815301076,1909f56bfc062723c751e8b465ee728b) (PreviewImporter) -> (artifact id: '00000000000000000000000000000000') in 0.0004235 seconds
Import Error Code:(4)
Message: Build asset version error: assets/game/scripts/frame/player/player.cs in SourceAssetDB has modification time of '2024-12-13T08:37:42.3586521Z' while content on disk has modification time of '2025-02-26T03:15:16.5173926Z'
  ERROR: Build asset version error: assets/game/scripts/frame/player/player.cs in SourceAssetDB has modification time of '2024-12-13T08:37:42.3586521Z' while content on disk has modification time of '2025-02-26T03:15:16.5173926Z'
Number of updated asset objects reloaded before import = 0Number of asset objects unloaded after import = 0

========================================================================
Received Import Request.
  Time since last request: 0.008098 seconds.
  path: Assets/Game/Scripts/Frame/Player/Player.cs
  artifactKey: Guid(4657a819fc8eadf459113d07b3e42875) Importer(815301076,1909f56bfc062723c751e8b465ee728b)
Start importing Assets/Game/Scripts/Frame/Player/Player.cs using Guid(4657a819fc8eadf459113d07b3e42875) Importer(815301076,1909f56bfc062723c751e8b465ee728b) (PreviewImporter) -> (artifact id: '00000000000000000000000000000000') in 0.0004613 seconds
Import Error Code:(4)
Message: Build asset version error: assets/game/scripts/frame/player/player.cs in SourceAssetDB has modification time of '2024-12-13T08:37:42.3586521Z' while content on disk has modification time of '2025-02-26T03:15:16.5173926Z'
  ERROR: Build asset version error: assets/game/scripts/frame/player/player.cs in SourceAssetDB has modification time of '2024-12-13T08:37:42.3586521Z' while content on disk has modification time of '2025-02-26T03:15:16.5173926Z'
Number of updated asset objects reloaded before import = 0Number of asset objects unloaded after import = 0

========================================================================
Received Import Request.
  Time since last request: 0.009187 seconds.
  path: Assets/Game/Scripts/Frame/Player/Player.cs
  artifactKey: Guid(4657a819fc8eadf459113d07b3e42875) Importer(815301076,1909f56bfc062723c751e8b465ee728b)
Start importing Assets/Game/Scripts/Frame/Player/Player.cs using Guid(4657a819fc8eadf459113d07b3e42875) Importer(815301076,1909f56bfc062723c751e8b465ee728b) (PreviewImporter) -> (artifact id: '00000000000000000000000000000000') in 0.00048 seconds
Import Error Code:(4)
Message: Build asset version error: assets/game/scripts/frame/player/player.cs in SourceAssetDB has modification time of '2024-12-13T08:37:42.3586521Z' while content on disk has modification time of '2025-02-26T03:15:16.5173926Z'
  ERROR: Build asset version error: assets/game/scripts/frame/player/player.cs in SourceAssetDB has modification time of '2024-12-13T08:37:42.3586521Z' while content on disk has modification time of '2025-02-26T03:15:16.5173926Z'
Number of updated asset objects reloaded before import = 0Number of asset objects unloaded after import = 0

========================================================================
Received Import Request.
  Time since last request: 0.009502 seconds.
  path: Assets/Game/Scripts/Frame/Player/Player.cs
  artifactKey: Guid(4657a819fc8eadf459113d07b3e42875) Importer(815301076,1909f56bfc062723c751e8b465ee728b)
Start importing Assets/Game/Scripts/Frame/Player/Player.cs using Guid(4657a819fc8eadf459113d07b3e42875) Importer(815301076,1909f56bfc062723c751e8b465ee728b) (PreviewImporter) -> (artifact id: '00000000000000000000000000000000') in 0.0005214 seconds
Import Error Code:(4)
Message: Build asset version error: assets/game/scripts/frame/player/player.cs in SourceAssetDB has modification time of '2024-12-13T08:37:42.3586521Z' while content on disk has modification time of '2025-02-26T03:15:16.5173926Z'
  ERROR: Build asset version error: assets/game/scripts/frame/player/player.cs in SourceAssetDB has modification time of '2024-12-13T08:37:42.3586521Z' while content on disk has modification time of '2025-02-26T03:15:16.5173926Z'
Number of updated asset objects reloaded before import = 0Number of asset objects unloaded after import = 0

========================================================================
Received Import Request.
  Time since last request: 0.009082 seconds.
  path: Assets/Game/Scripts/Frame/Player/Player.cs
  artifactKey: Guid(4657a819fc8eadf459113d07b3e42875) Importer(815301076,1909f56bfc062723c751e8b465ee728b)
Start importing Assets/Game/Scripts/Frame/Player/Player.cs using Guid(4657a819fc8eadf459113d07b3e42875) Importer(815301076,1909f56bfc062723c751e8b465ee728b) (PreviewImporter) -> (artifact id: '00000000000000000000000000000000') in 0.0004343 seconds
Import Error Code:(4)
Message: Build asset version error: assets/game/scripts/frame/player/player.cs in SourceAssetDB has modification time of '2024-12-13T08:37:42.3586521Z' while content on disk has modification time of '2025-02-26T03:15:16.5173926Z'
  ERROR: Build asset version error: assets/game/scripts/frame/player/player.cs in SourceAssetDB has modification time of '2024-12-13T08:37:42.3586521Z' while content on disk has modification time of '2025-02-26T03:15:16.5173926Z'
Number of updated asset objects reloaded before import = 0Number of asset objects unloaded after import = 0

========================================================================
Received Import Request.
  Time since last request: 0.006896 seconds.
  path: Assets/Game/Scripts/Frame/Player/Player.cs
  artifactKey: Guid(4657a819fc8eadf459113d07b3e42875) Importer(815301076,1909f56bfc062723c751e8b465ee728b)
Start importing Assets/Game/Scripts/Frame/Player/Player.cs using Guid(4657a819fc8eadf459113d07b3e42875) Importer(815301076,1909f56bfc062723c751e8b465ee728b) (PreviewImporter) -> (artifact id: '00000000000000000000000000000000') in 0.0004457 seconds
Import Error Code:(4)
Message: Build asset version error: assets/game/scripts/frame/player/player.cs in SourceAssetDB has modification time of '2024-12-13T08:37:42.3586521Z' while content on disk has modification time of '2025-02-26T03:15:16.5173926Z'
  ERROR: Build asset version error: assets/game/scripts/frame/player/player.cs in SourceAssetDB has modification time of '2024-12-13T08:37:42.3586521Z' while content on disk has modification time of '2025-02-26T03:15:16.5173926Z'
Number of updated asset objects reloaded before import = 0Number of asset objects unloaded after import = 0

========================================================================
Received Import Request.
  Time since last request: 0.009505 seconds.
  path: Assets/Game/Scripts/Frame/Player/Player.cs
  artifactKey: Guid(4657a819fc8eadf459113d07b3e42875) Importer(815301076,1909f56bfc062723c751e8b465ee728b)
Start importing Assets/Game/Scripts/Frame/Player/Player.cs using Guid(4657a819fc8eadf459113d07b3e42875) Importer(815301076,1909f56bfc062723c751e8b465ee728b) (PreviewImporter) -> (artifact id: '00000000000000000000000000000000') in 0.0004705 seconds
Import Error Code:(4)
Message: Build asset version error: assets/game/scripts/frame/player/player.cs in SourceAssetDB has modification time of '2024-12-13T08:37:42.3586521Z' while content on disk has modification time of '2025-02-26T03:15:16.5173926Z'
  ERROR: Build asset version error: assets/game/scripts/frame/player/player.cs in SourceAssetDB has modification time of '2024-12-13T08:37:42.3586521Z' while content on disk has modification time of '2025-02-26T03:15:16.5173926Z'
Number of updated asset objects reloaded before import = 0Number of asset objects unloaded after import = 0

========================================================================
Received Import Request.
  Time since last request: 0.025897 seconds.
  path: Assets/Game/Scripts/Frame/Player/Player.cs
  artifactKey: Guid(4657a819fc8eadf459113d07b3e42875) Importer(815301076,1909f56bfc062723c751e8b465ee728b)
Start importing Assets/Game/Scripts/Frame/Player/Player.cs using Guid(4657a819fc8eadf459113d07b3e42875) Importer(815301076,1909f56bfc062723c751e8b465ee728b) (PreviewImporter) -> (artifact id: '00000000000000000000000000000000') in 0.0004137 seconds
Import Error Code:(4)
Message: Build asset version error: assets/game/scripts/frame/player/player.cs in SourceAssetDB has modification time of '2024-12-13T08:37:42.3586521Z' while content on disk has modification time of '2025-02-26T03:15:16.5173926Z'
  ERROR: Build asset version error: assets/game/scripts/frame/player/player.cs in SourceAssetDB has modification time of '2024-12-13T08:37:42.3586521Z' while content on disk has modification time of '2025-02-26T03:15:16.5173926Z'
Number of updated asset objects reloaded before import = 0Number of asset objects unloaded after import = 0

========================================================================
Received Import Request.
  Time since last request: 0.002020 seconds.
  path: Assets/Game/Scripts/Frame/Player/Player.cs
  artifactKey: Guid(4657a819fc8eadf459113d07b3e42875) Importer(815301076,1909f56bfc062723c751e8b465ee728b)
Start importing Assets/Game/Scripts/Frame/Player/Player.cs using Guid(4657a819fc8eadf459113d07b3e42875) Importer(815301076,1909f56bfc062723c751e8b465ee728b) (PreviewImporter) -> (artifact id: '00000000000000000000000000000000') in 0.0003927 seconds
Import Error Code:(4)
Message: Build asset version error: assets/game/scripts/frame/player/player.cs in SourceAssetDB has modification time of '2024-12-13T08:37:42.3586521Z' while content on disk has modification time of '2025-02-26T03:15:16.5173926Z'
  ERROR: Build asset version error: assets/game/scripts/frame/player/player.cs in SourceAssetDB has modification time of '2024-12-13T08:37:42.3586521Z' while content on disk has modification time of '2025-02-26T03:15:16.5173926Z'
Number of updated asset objects reloaded before import = 0Number of asset objects unloaded after import = 0

========================================================================
Received Import Request.
  Time since last request: 0.002370 seconds.
  path: Assets/Game/Scripts/Frame/Player/Player.cs
  artifactKey: Guid(4657a819fc8eadf459113d07b3e42875) Importer(815301076,1909f56bfc062723c751e8b465ee728b)
Start importing Assets/Game/Scripts/Frame/Player/Player.cs using Guid(4657a819fc8eadf459113d07b3e42875) Importer(815301076,1909f56bfc062723c751e8b465ee728b) (PreviewImporter) -> (artifact id: '00000000000000000000000000000000') in 0.0004007 seconds
Import Error Code:(4)
Message: Build asset version error: assets/game/scripts/frame/player/player.cs in SourceAssetDB has modification time of '2024-12-13T08:37:42.3586521Z' while content on disk has modification time of '2025-02-26T03:15:16.5173926Z'
  ERROR: Build asset version error: assets/game/scripts/frame/player/player.cs in SourceAssetDB has modification time of '2024-12-13T08:37:42.3586521Z' while content on disk has modification time of '2025-02-26T03:15:16.5173926Z'
Number of updated asset objects reloaded before import = 0Number of asset objects unloaded after import = 0

========================================================================
Received Import Request.
  Time since last request: 0.001776 seconds.
  path: Assets/Game/Scripts/Frame/Player/Player.cs
  artifactKey: Guid(4657a819fc8eadf459113d07b3e42875) Importer(815301076,1909f56bfc062723c751e8b465ee728b)
Start importing Assets/Game/Scripts/Frame/Player/Player.cs using Guid(4657a819fc8eadf459113d07b3e42875) Importer(815301076,1909f56bfc062723c751e8b465ee728b) (PreviewImporter) -> (artifact id: '00000000000000000000000000000000') in 0.0003965 seconds
Import Error Code:(4)
Message: Build asset version error: assets/game/scripts/frame/player/player.cs in SourceAssetDB has modification time of '2024-12-13T08:37:42.3586521Z' while content on disk has modification time of '2025-02-26T03:15:16.5173926Z'
  ERROR: Build asset version error: assets/game/scripts/frame/player/player.cs in SourceAssetDB has modification time of '2024-12-13T08:37:42.3586521Z' while content on disk has modification time of '2025-02-26T03:15:16.5173926Z'
Number of updated asset objects reloaded before import = 0Number of asset objects unloaded after import = 0

========================================================================
Received Import Request.
  Time since last request: 0.001944 seconds.
  path: Assets/Game/Scripts/Frame/Player/Player.cs
  artifactKey: Guid(4657a819fc8eadf459113d07b3e42875) Importer(815301076,1909f56bfc062723c751e8b465ee728b)
Start importing Assets/Game/Scripts/Frame/Player/Player.cs using Guid(4657a819fc8eadf459113d07b3e42875) Importer(815301076,1909f56bfc062723c751e8b465ee728b) (PreviewImporter) -> (artifact id: '00000000000000000000000000000000') in 0.0003887 seconds
Import Error Code:(4)
Message: Build asset version error: assets/game/scripts/frame/player/player.cs in SourceAssetDB has modification time of '2024-12-13T08:37:42.3586521Z' while content on disk has modification time of '2025-02-26T03:15:16.5173926Z'
  ERROR: Build asset version error: assets/game/scripts/frame/player/player.cs in SourceAssetDB has modification time of '2024-12-13T08:37:42.3586521Z' while content on disk has modification time of '2025-02-26T03:15:16.5173926Z'
Number of updated asset objects reloaded before import = 0Number of asset objects unloaded after import = 0

========================================================================
Received Import Request.
  Time since last request: 0.001425 seconds.
  path: Assets/Game/Scripts/Frame/Player/Player.cs
  artifactKey: Guid(4657a819fc8eadf459113d07b3e42875) Importer(815301076,1909f56bfc062723c751e8b465ee728b)
Start importing Assets/Game/Scripts/Frame/Player/Player.cs using Guid(4657a819fc8eadf459113d07b3e42875) Importer(815301076,1909f56bfc062723c751e8b465ee728b) (PreviewImporter) -> (artifact id: '00000000000000000000000000000000') in 0.0004143 seconds
Import Error Code:(4)
Message: Build asset version error: assets/game/scripts/frame/player/player.cs in SourceAssetDB has modification time of '2024-12-13T08:37:42.3586521Z' while content on disk has modification time of '2025-02-26T03:15:16.5173926Z'
  ERROR: Build asset version error: assets/game/scripts/frame/player/player.cs in SourceAssetDB has modification time of '2024-12-13T08:37:42.3586521Z' while content on disk has modification time of '2025-02-26T03:15:16.5173926Z'
Number of updated asset objects reloaded before import = 0Number of asset objects unloaded after import = 0

========================================================================
Received Import Request.
  Time since last request: 0.002784 seconds.
  path: Assets/Game/Scripts/Frame/Player/Player.cs
  artifactKey: Guid(4657a819fc8eadf459113d07b3e42875) Importer(815301076,1909f56bfc062723c751e8b465ee728b)
Start importing Assets/Game/Scripts/Frame/Player/Player.cs using Guid(4657a819fc8eadf459113d07b3e42875) Importer(815301076,1909f56bfc062723c751e8b465ee728b) (PreviewImporter) -> (artifact id: '00000000000000000000000000000000') in 0.0005385 seconds
Import Error Code:(4)
Message: Build asset version error: assets/game/scripts/frame/player/player.cs in SourceAssetDB has modification time of '2024-12-13T08:37:42.3586521Z' while content on disk has modification time of '2025-02-26T03:15:16.5173926Z'
  ERROR: Build asset version error: assets/game/scripts/frame/player/player.cs in SourceAssetDB has modification time of '2024-12-13T08:37:42.3586521Z' while content on disk has modification time of '2025-02-26T03:15:16.5173926Z'
Number of updated asset objects reloaded before import = 0Number of asset objects unloaded after import = 0

========================================================================
Received Import Request.
  Time since last request: 0.001073 seconds.
  path: Assets/Game/Scripts/Frame/Player/Player.cs
  artifactKey: Guid(4657a819fc8eadf459113d07b3e42875) Importer(815301076,1909f56bfc062723c751e8b465ee728b)
Start importing Assets/Game/Scripts/Frame/Player/Player.cs using Guid(4657a819fc8eadf459113d07b3e42875) Importer(815301076,1909f56bfc062723c751e8b465ee728b) (PreviewImporter) -> (artifact id: '00000000000000000000000000000000') in 0.000506 seconds
Import Error Code:(4)
Message: Build asset version error: assets/game/scripts/frame/player/player.cs in SourceAssetDB has modification time of '2024-12-13T08:37:42.3586521Z' while content on disk has modification time of '2025-02-26T03:15:16.5173926Z'
  ERROR: Build asset version error: assets/game/scripts/frame/player/player.cs in SourceAssetDB has modification time of '2024-12-13T08:37:42.3586521Z' while content on disk has modification time of '2025-02-26T03:15:16.5173926Z'
Number of updated asset objects reloaded before import = 0Number of asset objects unloaded after import = 0

========================================================================
Received Import Request.
  Time since last request: 0.000905 seconds.
  path: Assets/Game/Scripts/Frame/Player/Player.cs
  artifactKey: Guid(4657a819fc8eadf459113d07b3e42875) Importer(815301076,1909f56bfc062723c751e8b465ee728b)
Start importing Assets/Game/Scripts/Frame/Player/Player.cs using Guid(4657a819fc8eadf459113d07b3e42875) Importer(815301076,1909f56bfc062723c751e8b465ee728b) (PreviewImporter) -> (artifact id: '00000000000000000000000000000000') in 0.0005857 seconds
Import Error Code:(4)
Message: Build asset version error: assets/game/scripts/frame/player/player.cs in SourceAssetDB has modification time of '2024-12-13T08:37:42.3586521Z' while content on disk has modification time of '2025-02-26T03:15:16.5173926Z'
  ERROR: Build asset version error: assets/game/scripts/frame/player/player.cs in SourceAssetDB has modification time of '2024-12-13T08:37:42.3586521Z' while content on disk has modification time of '2025-02-26T03:15:16.5173926Z'
Number of updated asset objects reloaded before import = 0Number of asset objects unloaded after import = 0

========================================================================
Received Import Request.
  Time since last request: 0.005545 seconds.
  path: Assets/Game/Scripts/Frame/Player/Player.cs
  artifactKey: Guid(4657a819fc8eadf459113d07b3e42875) Importer(815301076,1909f56bfc062723c751e8b465ee728b)
Start importing Assets/Game/Scripts/Frame/Player/Player.cs using Guid(4657a819fc8eadf459113d07b3e42875) Importer(815301076,1909f56bfc062723c751e8b465ee728b) (PreviewImporter) -> (artifact id: '00000000000000000000000000000000') in 0.0004681 seconds
Import Error Code:(4)
Message: Build asset version error: assets/game/scripts/frame/player/player.cs in SourceAssetDB has modification time of '2024-12-13T08:37:42.3586521Z' while content on disk has modification time of '2025-02-26T03:15:16.5173926Z'
  ERROR: Build asset version error: assets/game/scripts/frame/player/player.cs in SourceAssetDB has modification time of '2024-12-13T08:37:42.3586521Z' while content on disk has modification time of '2025-02-26T03:15:16.5173926Z'
Number of updated asset objects reloaded before import = 0Number of asset objects unloaded after import = 0

========================================================================
Received Import Request.
  Time since last request: 0.001606 seconds.
  path: Assets/Game/Scripts/Frame/Player/Player.cs
  artifactKey: Guid(4657a819fc8eadf459113d07b3e42875) Importer(815301076,1909f56bfc062723c751e8b465ee728b)
Start importing Assets/Game/Scripts/Frame/Player/Player.cs using Guid(4657a819fc8eadf459113d07b3e42875) Importer(815301076,1909f56bfc062723c751e8b465ee728b) (PreviewImporter) -> (artifact id: '00000000000000000000000000000000') in 0.0004315 seconds
Import Error Code:(4)
Message: Build asset version error: assets/game/scripts/frame/player/player.cs in SourceAssetDB has modification time of '2024-12-13T08:37:42.3586521Z' while content on disk has modification time of '2025-02-26T03:15:16.5173926Z'
  ERROR: Build asset version error: assets/game/scripts/frame/player/player.cs in SourceAssetDB has modification time of '2024-12-13T08:37:42.3586521Z' while content on disk has modification time of '2025-02-26T03:15:16.5173926Z'
Number of updated asset objects reloaded before import = 0Number of asset objects unloaded after import = 0

========================================================================
Received Import Request.
  Time since last request: 0.001800 seconds.
  path: Assets/Game/Scripts/Frame/Player/Player.cs
  artifactKey: Guid(4657a819fc8eadf459113d07b3e42875) Importer(815301076,1909f56bfc062723c751e8b465ee728b)
Start importing Assets/Game/Scripts/Frame/Player/Player.cs using Guid(4657a819fc8eadf459113d07b3e42875) Importer(815301076,1909f56bfc062723c751e8b465ee728b) (PreviewImporter) -> (artifact id: '00000000000000000000000000000000') in 0.0004025 seconds
Import Error Code:(4)
Message: Build asset version error: assets/game/scripts/frame/player/player.cs in SourceAssetDB has modification time of '2024-12-13T08:37:42.3586521Z' while content on disk has modification time of '2025-02-26T03:15:16.5173926Z'
  ERROR: Build asset version error: assets/game/scripts/frame/player/player.cs in SourceAssetDB has modification time of '2024-12-13T08:37:42.3586521Z' while content on disk has modification time of '2025-02-26T03:15:16.5173926Z'
Number of updated asset objects reloaded before import = 0Number of asset objects unloaded after import = 0

========================================================================
Received Import Request.
  Time since last request: 0.005289 seconds.
  path: Assets/Game/Scripts/Frame/Player/Player.cs
  artifactKey: Guid(4657a819fc8eadf459113d07b3e42875) Importer(815301076,1909f56bfc062723c751e8b465ee728b)
Start importing Assets/Game/Scripts/Frame/Player/Player.cs using Guid(4657a819fc8eadf459113d07b3e42875) Importer(815301076,1909f56bfc062723c751e8b465ee728b) (PreviewImporter) -> (artifact id: '00000000000000000000000000000000') in 0.0003881 seconds
Import Error Code:(4)
Message: Build asset version error: assets/game/scripts/frame/player/player.cs in SourceAssetDB has modification time of '2024-12-13T08:37:42.3586521Z' while content on disk has modification time of '2025-02-26T03:15:16.5173926Z'
  ERROR: Build asset version error: assets/game/scripts/frame/player/player.cs in SourceAssetDB has modification time of '2024-12-13T08:37:42.3586521Z' while content on disk has modification time of '2025-02-26T03:15:16.5173926Z'
Number of updated asset objects reloaded before import = 0Number of asset objects unloaded after import = 0

========================================================================
Received Import Request.
  Time since last request: 0.002912 seconds.
  path: Assets/Game/Scripts/Frame/Player/Player.cs
  artifactKey: Guid(4657a819fc8eadf459113d07b3e42875) Importer(815301076,1909f56bfc062723c751e8b465ee728b)
Start importing Assets/Game/Scripts/Frame/Player/Player.cs using Guid(4657a819fc8eadf459113d07b3e42875) Importer(815301076,1909f56bfc062723c751e8b465ee728b) (PreviewImporter) -> (artifact id: '00000000000000000000000000000000') in 0.0005084 seconds
Import Error Code:(4)
Message: Build asset version error: assets/game/scripts/frame/player/player.cs in SourceAssetDB has modification time of '2024-12-13T08:37:42.3586521Z' while content on disk has modification time of '2025-02-26T03:15:16.5173926Z'
  ERROR: Build asset version error: assets/game/scripts/frame/player/player.cs in SourceAssetDB has modification time of '2024-12-13T08:37:42.3586521Z' while content on disk has modification time of '2025-02-26T03:15:16.5173926Z'
Number of updated asset objects reloaded before import = 0Number of asset objects unloaded after import = 0

========================================================================
Received Import Request.
  Time since last request: 0.001259 seconds.
  path: Assets/Game/Scripts/Frame/Player/Player.cs
  artifactKey: Guid(4657a819fc8eadf459113d07b3e42875) Importer(815301076,1909f56bfc062723c751e8b465ee728b)
Start importing Assets/Game/Scripts/Frame/Player/Player.cs using Guid(4657a819fc8eadf459113d07b3e42875) Importer(815301076,1909f56bfc062723c751e8b465ee728b) (PreviewImporter) -> (artifact id: '00000000000000000000000000000000') in 0.0004468 seconds
Import Error Code:(4)
Message: Build asset version error: assets/game/scripts/frame/player/player.cs in SourceAssetDB has modification time of '2024-12-13T08:37:42.3586521Z' while content on disk has modification time of '2025-02-26T03:15:16.5173926Z'
  ERROR: Build asset version error: assets/game/scripts/frame/player/player.cs in SourceAssetDB has modification time of '2024-12-13T08:37:42.3586521Z' while content on disk has modification time of '2025-02-26T03:15:16.5173926Z'
Number of updated asset objects reloaded before import = 0Number of asset objects unloaded after import = 0

========================================================================
Received Import Request.
  Time since last request: 0.002245 seconds.
  path: Assets/Game/Scripts/Frame/Player/Player.cs
  artifactKey: Guid(4657a819fc8eadf459113d07b3e42875) Importer(815301076,1909f56bfc062723c751e8b465ee728b)
Start importing Assets/Game/Scripts/Frame/Player/Player.cs using Guid(4657a819fc8eadf459113d07b3e42875) Importer(815301076,1909f56bfc062723c751e8b465ee728b) (PreviewImporter) -> (artifact id: '00000000000000000000000000000000') in 0.0005497 seconds
Import Error Code:(4)
Message: Build asset version error: assets/game/scripts/frame/player/player.cs in SourceAssetDB has modification time of '2024-12-13T08:37:42.3586521Z' while content on disk has modification time of '2025-02-26T03:15:16.5173926Z'
  ERROR: Build asset version error: assets/game/scripts/frame/player/player.cs in SourceAssetDB has modification time of '2024-12-13T08:37:42.3586521Z' while content on disk has modification time of '2025-02-26T03:15:16.5173926Z'
Number of updated asset objects reloaded before import = 0Number of asset objects unloaded after import = 0

========================================================================
Received Import Request.
  Time since last request: 0.002002 seconds.
  path: Assets/Game/Scripts/Frame/Player/Player.cs
  artifactKey: Guid(4657a819fc8eadf459113d07b3e42875) Importer(815301076,1909f56bfc062723c751e8b465ee728b)
Start importing Assets/Game/Scripts/Frame/Player/Player.cs using Guid(4657a819fc8eadf459113d07b3e42875) Importer(815301076,1909f56bfc062723c751e8b465ee728b) (PreviewImporter) -> (artifact id: '00000000000000000000000000000000') in 0.0004606 seconds
Import Error Code:(4)
Message: Build asset version error: assets/game/scripts/frame/player/player.cs in SourceAssetDB has modification time of '2024-12-13T08:37:42.3586521Z' while content on disk has modification time of '2025-02-26T03:15:16.5173926Z'
  ERROR: Build asset version error: assets/game/scripts/frame/player/player.cs in SourceAssetDB has modification time of '2024-12-13T08:37:42.3586521Z' while content on disk has modification time of '2025-02-26T03:15:16.5173926Z'
Number of updated asset objects reloaded before import = 0Number of asset objects unloaded after import = 0

========================================================================
Received Import Request.
  Time since last request: 0.001800 seconds.
  path: Assets/Game/Scripts/Frame/Player/Player.cs
  artifactKey: Guid(4657a819fc8eadf459113d07b3e42875) Importer(815301076,1909f56bfc062723c751e8b465ee728b)
Start importing Assets/Game/Scripts/Frame/Player/Player.cs using Guid(4657a819fc8eadf459113d07b3e42875) Importer(815301076,1909f56bfc062723c751e8b465ee728b) (PreviewImporter) -> (artifact id: '00000000000000000000000000000000') in 0.0004274 seconds
Import Error Code:(4)
Message: Build asset version error: assets/game/scripts/frame/player/player.cs in SourceAssetDB has modification time of '2024-12-13T08:37:42.3586521Z' while content on disk has modification time of '2025-02-26T03:15:16.5173926Z'
  ERROR: Build asset version error: assets/game/scripts/frame/player/player.cs in SourceAssetDB has modification time of '2024-12-13T08:37:42.3586521Z' while content on disk has modification time of '2025-02-26T03:15:16.5173926Z'
Number of updated asset objects reloaded before import = 0Number of asset objects unloaded after import = 0

========================================================================
Received Import Request.
  Time since last request: 0.001531 seconds.
  path: Assets/Game/Scripts/Frame/Player/Player.cs
  artifactKey: Guid(4657a819fc8eadf459113d07b3e42875) Importer(815301076,1909f56bfc062723c751e8b465ee728b)
Start importing Assets/Game/Scripts/Frame/Player/Player.cs using Guid(4657a819fc8eadf459113d07b3e42875) Importer(815301076,1909f56bfc062723c751e8b465ee728b) (PreviewImporter) -> (artifact id: '00000000000000000000000000000000') in 0.0004315 seconds
Import Error Code:(4)
Message: Build asset version error: assets/game/scripts/frame/player/player.cs in SourceAssetDB has modification time of '2024-12-13T08:37:42.3586521Z' while content on disk has modification time of '2025-02-26T03:15:16.5173926Z'
  ERROR: Build asset version error: assets/game/scripts/frame/player/player.cs in SourceAssetDB has modification time of '2024-12-13T08:37:42.3586521Z' while content on disk has modification time of '2025-02-26T03:15:16.5173926Z'
Number of updated asset objects reloaded before import = 0Number of asset objects unloaded after import = 0

========================================================================
Received Import Request.
  Time since last request: 0.002201 seconds.
  path: Assets/Game/Scripts/Frame/Player/Player.cs
  artifactKey: Guid(4657a819fc8eadf459113d07b3e42875) Importer(815301076,1909f56bfc062723c751e8b465ee728b)
Start importing Assets/Game/Scripts/Frame/Player/Player.cs using Guid(4657a819fc8eadf459113d07b3e42875) Importer(815301076,1909f56bfc062723c751e8b465ee728b) (PreviewImporter) -> (artifact id: '00000000000000000000000000000000') in 0.000391 seconds
Import Error Code:(4)
Message: Build asset version error: assets/game/scripts/frame/player/player.cs in SourceAssetDB has modification time of '2024-12-13T08:37:42.3586521Z' while content on disk has modification time of '2025-02-26T03:15:16.5173926Z'
  ERROR: Build asset version error: assets/game/scripts/frame/player/player.cs in SourceAssetDB has modification time of '2024-12-13T08:37:42.3586521Z' while content on disk has modification time of '2025-02-26T03:15:16.5173926Z'
Number of updated asset objects reloaded before import = 0Number of asset objects unloaded after import = 0

========================================================================
Received Import Request.
  Time since last request: 0.002384 seconds.
  path: Assets/Game/Scripts/Frame/Player/Player.cs
  artifactKey: Guid(4657a819fc8eadf459113d07b3e42875) Importer(815301076,1909f56bfc062723c751e8b465ee728b)
Start importing Assets/Game/Scripts/Frame/Player/Player.cs using Guid(4657a819fc8eadf459113d07b3e42875) Importer(815301076,1909f56bfc062723c751e8b465ee728b) (PreviewImporter) -> (artifact id: '00000000000000000000000000000000') in 0.0004193 seconds
Import Error Code:(4)
Message: Build asset version error: assets/game/scripts/frame/player/player.cs in SourceAssetDB has modification time of '2024-12-13T08:37:42.3586521Z' while content on disk has modification time of '2025-02-26T03:15:16.5173926Z'
  ERROR: Build asset version error: assets/game/scripts/frame/player/player.cs in SourceAssetDB has modification time of '2024-12-13T08:37:42.3586521Z' while content on disk has modification time of '2025-02-26T03:15:16.5173926Z'
Number of updated asset objects reloaded before import = 0Number of asset objects unloaded after import = 0

========================================================================
Received Import Request.
  Time since last request: 0.001883 seconds.
  path: Assets/Game/Scripts/Frame/Player/Player.cs
  artifactKey: Guid(4657a819fc8eadf459113d07b3e42875) Importer(815301076,1909f56bfc062723c751e8b465ee728b)
Start importing Assets/Game/Scripts/Frame/Player/Player.cs using Guid(4657a819fc8eadf459113d07b3e42875) Importer(815301076,1909f56bfc062723c751e8b465ee728b) (PreviewImporter) -> (artifact id: '00000000000000000000000000000000') in 0.0003973 seconds
Import Error Code:(4)
Message: Build asset version error: assets/game/scripts/frame/player/player.cs in SourceAssetDB has modification time of '2024-12-13T08:37:42.3586521Z' while content on disk has modification time of '2025-02-26T03:15:16.5173926Z'
  ERROR: Build asset version error: assets/game/scripts/frame/player/player.cs in SourceAssetDB has modification time of '2024-12-13T08:37:42.3586521Z' while content on disk has modification time of '2025-02-26T03:15:16.5173926Z'
Number of updated asset objects reloaded before import = 0Number of asset objects unloaded after import = 0

========================================================================
Received Import Request.
  Time since last request: 0.001231 seconds.
  path: Assets/Game/Scripts/Frame/Player/Player.cs
  artifactKey: Guid(4657a819fc8eadf459113d07b3e42875) Importer(815301076,1909f56bfc062723c751e8b465ee728b)
Start importing Assets/Game/Scripts/Frame/Player/Player.cs using Guid(4657a819fc8eadf459113d07b3e42875) Importer(815301076,1909f56bfc062723c751e8b465ee728b) (PreviewImporter) -> (artifact id: '00000000000000000000000000000000') in 0.0004707 seconds
Import Error Code:(4)
Message: Build asset version error: assets/game/scripts/frame/player/player.cs in SourceAssetDB has modification time of '2024-12-13T08:37:42.3586521Z' while content on disk has modification time of '2025-02-26T03:15:16.5173926Z'
  ERROR: Build asset version error: assets/game/scripts/frame/player/player.cs in SourceAssetDB has modification time of '2024-12-13T08:37:42.3586521Z' while content on disk has modification time of '2025-02-26T03:15:16.5173926Z'
Number of updated asset objects reloaded before import = 0Number of asset objects unloaded after import = 0

========================================================================
Received Import Request.
  Time since last request: 0.001145 seconds.
  path: Assets/Game/Scripts/Frame/Player/Player.cs
  artifactKey: Guid(4657a819fc8eadf459113d07b3e42875) Importer(815301076,1909f56bfc062723c751e8b465ee728b)
Start importing Assets/Game/Scripts/Frame/Player/Player.cs using Guid(4657a819fc8eadf459113d07b3e42875) Importer(815301076,1909f56bfc062723c751e8b465ee728b) (PreviewImporter) -> (artifact id: '00000000000000000000000000000000') in 0.0005034 seconds
Import Error Code:(4)
Message: Build asset version error: assets/game/scripts/frame/player/player.cs in SourceAssetDB has modification time of '2024-12-13T08:37:42.3586521Z' while content on disk has modification time of '2025-02-26T03:15:16.5173926Z'
  ERROR: Build asset version error: assets/game/scripts/frame/player/player.cs in SourceAssetDB has modification time of '2024-12-13T08:37:42.3586521Z' while content on disk has modification time of '2025-02-26T03:15:16.5173926Z'
Number of updated asset objects reloaded before import = 0Number of asset objects unloaded after import = 0

========================================================================
Received Import Request.
  Time since last request: 0.000619 seconds.
  path: Assets/Game/Scripts/Frame/Player/Player.cs
  artifactKey: Guid(4657a819fc8eadf459113d07b3e42875) Importer(815301076,1909f56bfc062723c751e8b465ee728b)
Start importing Assets/Game/Scripts/Frame/Player/Player.cs using Guid(4657a819fc8eadf459113d07b3e42875) Importer(815301076,1909f56bfc062723c751e8b465ee728b) (PreviewImporter) -> (artifact id: '00000000000000000000000000000000') in 0.0004765 seconds
Import Error Code:(4)
Message: Build asset version error: assets/game/scripts/frame/player/player.cs in SourceAssetDB has modification time of '2024-12-13T08:37:42.3586521Z' while content on disk has modification time of '2025-02-26T03:15:16.5173926Z'
  ERROR: Build asset version error: assets/game/scripts/frame/player/player.cs in SourceAssetDB has modification time of '2024-12-13T08:37:42.3586521Z' while content on disk has modification time of '2025-02-26T03:15:16.5173926Z'
Number of updated asset objects reloaded before import = 0Number of asset objects unloaded after import = 0

========================================================================
Received Import Request.
  Time since last request: 0.001199 seconds.
  path: Assets/Game/Scripts/Frame/Player/Player.cs
  artifactKey: Guid(4657a819fc8eadf459113d07b3e42875) Importer(815301076,1909f56bfc062723c751e8b465ee728b)
Start importing Assets/Game/Scripts/Frame/Player/Player.cs using Guid(4657a819fc8eadf459113d07b3e42875) Importer(815301076,1909f56bfc062723c751e8b465ee728b) (PreviewImporter) -> (artifact id: '00000000000000000000000000000000') in 0.0004127 seconds
Import Error Code:(4)
Message: Build asset version error: assets/game/scripts/frame/player/player.cs in SourceAssetDB has modification time of '2024-12-13T08:37:42.3586521Z' while content on disk has modification time of '2025-02-26T03:15:16.5173926Z'
  ERROR: Build asset version error: assets/game/scripts/frame/player/player.cs in SourceAssetDB has modification time of '2024-12-13T08:37:42.3586521Z' while content on disk has modification time of '2025-02-26T03:15:16.5173926Z'
Number of updated asset objects reloaded before import = 0Number of asset objects unloaded after import = 0

========================================================================
Received Import Request.
  Time since last request: 0.000919 seconds.
  path: Assets/Game/Scripts/Frame/Player/Player.cs
  artifactKey: Guid(4657a819fc8eadf459113d07b3e42875) Importer(815301076,1909f56bfc062723c751e8b465ee728b)
Start importing Assets/Game/Scripts/Frame/Player/Player.cs using Guid(4657a819fc8eadf459113d07b3e42875) Importer(815301076,1909f56bfc062723c751e8b465ee728b) (PreviewImporter) -> (artifact id: '00000000000000000000000000000000') in 0.0004323 seconds
Import Error Code:(4)
Message: Build asset version error: assets/game/scripts/frame/player/player.cs in SourceAssetDB has modification time of '2024-12-13T08:37:42.3586521Z' while content on disk has modification time of '2025-02-26T03:15:16.5173926Z'
  ERROR: Build asset version error: assets/game/scripts/frame/player/player.cs in SourceAssetDB has modification time of '2024-12-13T08:37:42.3586521Z' while content on disk has modification time of '2025-02-26T03:15:16.5173926Z'
Number of updated asset objects reloaded before import = 0Number of asset objects unloaded after import = 0

========================================================================
Received Import Request.
  Time since last request: 0.001541 seconds.
  path: Assets/Game/Scripts/Frame/Player/Player.cs
  artifactKey: Guid(4657a819fc8eadf459113d07b3e42875) Importer(815301076,1909f56bfc062723c751e8b465ee728b)
Start importing Assets/Game/Scripts/Frame/Player/Player.cs using Guid(4657a819fc8eadf459113d07b3e42875) Importer(815301076,1909f56bfc062723c751e8b465ee728b) (PreviewImporter) -> (artifact id: '00000000000000000000000000000000') in 0.0003779 seconds
Import Error Code:(4)
Message: Build asset version error: assets/game/scripts/frame/player/player.cs in SourceAssetDB has modification time of '2024-12-13T08:37:42.3586521Z' while content on disk has modification time of '2025-02-26T03:15:16.5173926Z'
  ERROR: Build asset version error: assets/game/scripts/frame/player/player.cs in SourceAssetDB has modification time of '2024-12-13T08:37:42.3586521Z' while content on disk has modification time of '2025-02-26T03:15:16.5173926Z'
Number of updated asset objects reloaded before import = 0Number of asset objects unloaded after import = 0

========================================================================
Received Import Request.
  Time since last request: 0.000862 seconds.
  path: Assets/Game/Scripts/Frame/Player/Player.cs
  artifactKey: Guid(4657a819fc8eadf459113d07b3e42875) Importer(815301076,1909f56bfc062723c751e8b465ee728b)
Start importing Assets/Game/Scripts/Frame/Player/Player.cs using Guid(4657a819fc8eadf459113d07b3e42875) Importer(815301076,1909f56bfc062723c751e8b465ee728b) (PreviewImporter) -> (artifact id: '00000000000000000000000000000000') in 0.0004117 seconds
Import Error Code:(4)
Message: Build asset version error: assets/game/scripts/frame/player/player.cs in SourceAssetDB has modification time of '2024-12-13T08:37:42.3586521Z' while content on disk has modification time of '2025-02-26T03:15:16.5173926Z'
  ERROR: Build asset version error: assets/game/scripts/frame/player/player.cs in SourceAssetDB has modification time of '2024-12-13T08:37:42.3586521Z' while content on disk has modification time of '2025-02-26T03:15:16.5173926Z'
Number of updated asset objects reloaded before import = 0Number of asset objects unloaded after import = 0

========================================================================
Received Import Request.
  Time since last request: 0.001159 seconds.
  path: Assets/Game/Scripts/Frame/Player/Player.cs
  artifactKey: Guid(4657a819fc8eadf459113d07b3e42875) Importer(815301076,1909f56bfc062723c751e8b465ee728b)
Start importing Assets/Game/Scripts/Frame/Player/Player.cs using Guid(4657a819fc8eadf459113d07b3e42875) Importer(815301076,1909f56bfc062723c751e8b465ee728b) (PreviewImporter) -> (artifact id: '00000000000000000000000000000000') in 0.0004492 seconds
Import Error Code:(4)
Message: Build asset version error: assets/game/scripts/frame/player/player.cs in SourceAssetDB has modification time of '2024-12-13T08:37:42.3586521Z' while content on disk has modification time of '2025-02-26T03:15:16.5173926Z'
  ERROR: Build asset version error: assets/game/scripts/frame/player/player.cs in SourceAssetDB has modification time of '2024-12-13T08:37:42.3586521Z' while content on disk has modification time of '2025-02-26T03:15:16.5173926Z'
Number of updated asset objects reloaded before import = 0Number of asset objects unloaded after import = 0

========================================================================
Received Import Request.
  Time since last request: 0.001781 seconds.
  path: Assets/Game/Scripts/Frame/Player/Player.cs
  artifactKey: Guid(4657a819fc8eadf459113d07b3e42875) Importer(815301076,1909f56bfc062723c751e8b465ee728b)
Start importing Assets/Game/Scripts/Frame/Player/Player.cs using Guid(4657a819fc8eadf459113d07b3e42875) Importer(815301076,1909f56bfc062723c751e8b465ee728b) (PreviewImporter) -> (artifact id: '00000000000000000000000000000000') in 0.0004391 seconds
Import Error Code:(4)
Message: Build asset version error: assets/game/scripts/frame/player/player.cs in SourceAssetDB has modification time of '2024-12-13T08:37:42.3586521Z' while content on disk has modification time of '2025-02-26T03:15:16.5173926Z'
  ERROR: Build asset version error: assets/game/scripts/frame/player/player.cs in SourceAssetDB has modification time of '2024-12-13T08:37:42.3586521Z' while content on disk has modification time of '2025-02-26T03:15:16.5173926Z'
Number of updated asset objects reloaded before import = 0Number of asset objects unloaded after import = 0

========================================================================
Received Import Request.
  Time since last request: 0.001074 seconds.
  path: Assets/Game/Scripts/Frame/Player/Player.cs
  artifactKey: Guid(4657a819fc8eadf459113d07b3e42875) Importer(815301076,1909f56bfc062723c751e8b465ee728b)
Start importing Assets/Game/Scripts/Frame/Player/Player.cs using Guid(4657a819fc8eadf459113d07b3e42875) Importer(815301076,1909f56bfc062723c751e8b465ee728b) (PreviewImporter) -> (artifact id: '00000000000000000000000000000000') in 0.0004549 seconds
Import Error Code:(4)
Message: Build asset version error: assets/game/scripts/frame/player/player.cs in SourceAssetDB has modification time of '2024-12-13T08:37:42.3586521Z' while content on disk has modification time of '2025-02-26T03:15:16.5173926Z'
  ERROR: Build asset version error: assets/game/scripts/frame/player/player.cs in SourceAssetDB has modification time of '2024-12-13T08:37:42.3586521Z' while content on disk has modification time of '2025-02-26T03:15:16.5173926Z'
Number of updated asset objects reloaded before import = 0Number of asset objects unloaded after import = 0

========================================================================
Received Import Request.
  Time since last request: 0.000795 seconds.
  path: Assets/Game/Scripts/Frame/Player/Player.cs
  artifactKey: Guid(4657a819fc8eadf459113d07b3e42875) Importer(815301076,1909f56bfc062723c751e8b465ee728b)
Start importing Assets/Game/Scripts/Frame/Player/Player.cs using Guid(4657a819fc8eadf459113d07b3e42875) Importer(815301076,1909f56bfc062723c751e8b465ee728b) (PreviewImporter) -> (artifact id: '00000000000000000000000000000000') in 0.0004452 seconds
Import Error Code:(4)
Message: Build asset version error: assets/game/scripts/frame/player/player.cs in SourceAssetDB has modification time of '2024-12-13T08:37:42.3586521Z' while content on disk has modification time of '2025-02-26T03:15:16.5173926Z'
  ERROR: Build asset version error: assets/game/scripts/frame/player/player.cs in SourceAssetDB has modification time of '2024-12-13T08:37:42.3586521Z' while content on disk has modification time of '2025-02-26T03:15:16.5173926Z'
Number of updated asset objects reloaded before import = 0Number of asset objects unloaded after import = 0

========================================================================
Received Import Request.
  Time since last request: 0.001266 seconds.
  path: Assets/Game/Scripts/Frame/Player/Player.cs
  artifactKey: Guid(4657a819fc8eadf459113d07b3e42875) Importer(815301076,1909f56bfc062723c751e8b465ee728b)
Start importing Assets/Game/Scripts/Frame/Player/Player.cs using Guid(4657a819fc8eadf459113d07b3e42875) Importer(815301076,1909f56bfc062723c751e8b465ee728b) (PreviewImporter) -> (artifact id: '00000000000000000000000000000000') in 0.0004588 seconds
Import Error Code:(4)
Message: Build asset version error: assets/game/scripts/frame/player/player.cs in SourceAssetDB has modification time of '2024-12-13T08:37:42.3586521Z' while content on disk has modification time of '2025-02-26T03:15:16.5173926Z'
  ERROR: Build asset version error: assets/game/scripts/frame/player/player.cs in SourceAssetDB has modification time of '2024-12-13T08:37:42.3586521Z' while content on disk has modification time of '2025-02-26T03:15:16.5173926Z'
Number of updated asset objects reloaded before import = 0Number of asset objects unloaded after import = 0

========================================================================
Received Import Request.
  Time since last request: 0.001067 seconds.
  path: Assets/Game/Scripts/Frame/Player/Player.cs
  artifactKey: Guid(4657a819fc8eadf459113d07b3e42875) Importer(815301076,1909f56bfc062723c751e8b465ee728b)
Start importing Assets/Game/Scripts/Frame/Player/Player.cs using Guid(4657a819fc8eadf459113d07b3e42875) Importer(815301076,1909f56bfc062723c751e8b465ee728b) (PreviewImporter) -> (artifact id: '00000000000000000000000000000000') in 0.0004533 seconds
Import Error Code:(4)
Message: Build asset version error: assets/game/scripts/frame/player/player.cs in SourceAssetDB has modification time of '2024-12-13T08:37:42.3586521Z' while content on disk has modification time of '2025-02-26T03:15:16.5173926Z'
  ERROR: Build asset version error: assets/game/scripts/frame/player/player.cs in SourceAssetDB has modification time of '2024-12-13T08:37:42.3586521Z' while content on disk has modification time of '2025-02-26T03:15:16.5173926Z'
Number of updated asset objects reloaded before import = 0Number of asset objects unloaded after import = 0

========================================================================
Received Import Request.
  Time since last request: 0.000733 seconds.
  path: Assets/Game/Scripts/Frame/Player/Player.cs
  artifactKey: Guid(4657a819fc8eadf459113d07b3e42875) Importer(815301076,1909f56bfc062723c751e8b465ee728b)
Start importing Assets/Game/Scripts/Frame/Player/Player.cs using Guid(4657a819fc8eadf459113d07b3e42875) Importer(815301076,1909f56bfc062723c751e8b465ee728b) (PreviewImporter) -> (artifact id: '00000000000000000000000000000000') in 0.0004844 seconds
Import Error Code:(4)
Message: Build asset version error: assets/game/scripts/frame/player/player.cs in SourceAssetDB has modification time of '2024-12-13T08:37:42.3586521Z' while content on disk has modification time of '2025-02-26T03:15:16.5173926Z'
  ERROR: Build asset version error: assets/game/scripts/frame/player/player.cs in SourceAssetDB has modification time of '2024-12-13T08:37:42.3586521Z' while content on disk has modification time of '2025-02-26T03:15:16.5173926Z'
Number of updated asset objects reloaded before import = 0Number of asset objects unloaded after import = 0

========================================================================
Received Import Request.
  Time since last request: 0.001828 seconds.
  path: Assets/Game/Scripts/Frame/Player/Player.cs
  artifactKey: Guid(4657a819fc8eadf459113d07b3e42875) Importer(815301076,1909f56bfc062723c751e8b465ee728b)
Start importing Assets/Game/Scripts/Frame/Player/Player.cs using Guid(4657a819fc8eadf459113d07b3e42875) Importer(815301076,1909f56bfc062723c751e8b465ee728b) (PreviewImporter) -> (artifact id: '00000000000000000000000000000000') in 0.0004674 seconds
Import Error Code:(4)
Message: Build asset version error: assets/game/scripts/frame/player/player.cs in SourceAssetDB has modification time of '2024-12-13T08:37:42.3586521Z' while content on disk has modification time of '2025-02-26T03:15:16.5173926Z'
  ERROR: Build asset version error: assets/game/scripts/frame/player/player.cs in SourceAssetDB has modification time of '2024-12-13T08:37:42.3586521Z' while content on disk has modification time of '2025-02-26T03:15:16.5173926Z'
Number of updated asset objects reloaded before import = 0Number of asset objects unloaded after import = 0

========================================================================
Received Import Request.
  Time since last request: 0.001302 seconds.
  path: Assets/Game/Scripts/Frame/Player/Player.cs
  artifactKey: Guid(4657a819fc8eadf459113d07b3e42875) Importer(815301076,1909f56bfc062723c751e8b465ee728b)
Start importing Assets/Game/Scripts/Frame/Player/Player.cs using Guid(4657a819fc8eadf459113d07b3e42875) Importer(815301076,1909f56bfc062723c751e8b465ee728b) (PreviewImporter) -> (artifact id: '00000000000000000000000000000000') in 0.0004769 seconds
Import Error Code:(4)
Message: Build asset version error: assets/game/scripts/frame/player/player.cs in SourceAssetDB has modification time of '2024-12-13T08:37:42.3586521Z' while content on disk has modification time of '2025-02-26T03:15:16.5173926Z'
  ERROR: Build asset version error: assets/game/scripts/frame/player/player.cs in SourceAssetDB has modification time of '2024-12-13T08:37:42.3586521Z' while content on disk has modification time of '2025-02-26T03:15:16.5173926Z'
Number of updated asset objects reloaded before import = 0Number of asset objects unloaded after import = 0

========================================================================
Received Import Request.
  Time since last request: 0.001466 seconds.
  path: Assets/Game/Scripts/Frame/Player/Player.cs
  artifactKey: Guid(4657a819fc8eadf459113d07b3e42875) Importer(815301076,1909f56bfc062723c751e8b465ee728b)
Start importing Assets/Game/Scripts/Frame/Player/Player.cs using Guid(4657a819fc8eadf459113d07b3e42875) Importer(815301076,1909f56bfc062723c751e8b465ee728b) (PreviewImporter) -> (artifact id: '00000000000000000000000000000000') in 0.0005671 seconds
Import Error Code:(4)
Message: Build asset version error: assets/game/scripts/frame/player/player.cs in SourceAssetDB has modification time of '2024-12-13T08:37:42.3586521Z' while content on disk has modification time of '2025-02-26T03:15:16.5173926Z'
  ERROR: Build asset version error: assets/game/scripts/frame/player/player.cs in SourceAssetDB has modification time of '2024-12-13T08:37:42.3586521Z' while content on disk has modification time of '2025-02-26T03:15:16.5173926Z'
Number of updated asset objects reloaded before import = 0Number of asset objects unloaded after import = 0

========================================================================
Received Import Request.
  Time since last request: 0.000648 seconds.
  path: Assets/Game/Scripts/Frame/Player/Player.cs
  artifactKey: Guid(4657a819fc8eadf459113d07b3e42875) Importer(815301076,1909f56bfc062723c751e8b465ee728b)
Start importing Assets/Game/Scripts/Frame/Player/Player.cs using Guid(4657a819fc8eadf459113d07b3e42875) Importer(815301076,1909f56bfc062723c751e8b465ee728b) (PreviewImporter) -> (artifact id: '00000000000000000000000000000000') in 0.0006749 seconds
Import Error Code:(4)
Message: Build asset version error: assets/game/scripts/frame/player/player.cs in SourceAssetDB has modification time of '2024-12-13T08:37:42.3586521Z' while content on disk has modification time of '2025-02-26T03:15:16.5173926Z'
  ERROR: Build asset version error: assets/game/scripts/frame/player/player.cs in SourceAssetDB has modification time of '2024-12-13T08:37:42.3586521Z' while content on disk has modification time of '2025-02-26T03:15:16.5173926Z'
Number of updated asset objects reloaded before import = 0Number of asset objects unloaded after import = 0

========================================================================
Received Import Request.
  Time since last request: 0.001904 seconds.
  path: Assets/Game/Scripts/Frame/Player/Player.cs
  artifactKey: Guid(4657a819fc8eadf459113d07b3e42875) Importer(815301076,1909f56bfc062723c751e8b465ee728b)
Start importing Assets/Game/Scripts/Frame/Player/Player.cs using Guid(4657a819fc8eadf459113d07b3e42875) Importer(815301076,1909f56bfc062723c751e8b465ee728b) (PreviewImporter) -> (artifact id: '00000000000000000000000000000000') in 0.000482 seconds
Import Error Code:(4)
Message: Build asset version error: assets/game/scripts/frame/player/player.cs in SourceAssetDB has modification time of '2024-12-13T08:37:42.3586521Z' while content on disk has modification time of '2025-02-26T03:15:16.5173926Z'
  ERROR: Build asset version error: assets/game/scripts/frame/player/player.cs in SourceAssetDB has modification time of '2024-12-13T08:37:42.3586521Z' while content on disk has modification time of '2025-02-26T03:15:16.5173926Z'
Number of updated asset objects reloaded before import = 0Number of asset objects unloaded after import = 0

========================================================================
Received Import Request.
  Time since last request: 0.001163 seconds.
  path: Assets/Game/Scripts/Frame/Player/Player.cs
  artifactKey: Guid(4657a819fc8eadf459113d07b3e42875) Importer(815301076,1909f56bfc062723c751e8b465ee728b)
Start importing Assets/Game/Scripts/Frame/Player/Player.cs using Guid(4657a819fc8eadf459113d07b3e42875) Importer(815301076,1909f56bfc062723c751e8b465ee728b) (PreviewImporter) -> (artifact id: '00000000000000000000000000000000') in 0.0004372 seconds
Import Error Code:(4)
Message: Build asset version error: assets/game/scripts/frame/player/player.cs in SourceAssetDB has modification time of '2024-12-13T08:37:42.3586521Z' while content on disk has modification time of '2025-02-26T03:15:16.5173926Z'
  ERROR: Build asset version error: assets/game/scripts/frame/player/player.cs in SourceAssetDB has modification time of '2024-12-13T08:37:42.3586521Z' while content on disk has modification time of '2025-02-26T03:15:16.5173926Z'
Number of updated asset objects reloaded before import = 0Number of asset objects unloaded after import = 0

========================================================================
Received Import Request.
  Time since last request: 0.001231 seconds.
  path: Assets/Game/Scripts/Frame/Player/Player.cs
  artifactKey: Guid(4657a819fc8eadf459113d07b3e42875) Importer(815301076,1909f56bfc062723c751e8b465ee728b)
Start importing Assets/Game/Scripts/Frame/Player/Player.cs using Guid(4657a819fc8eadf459113d07b3e42875) Importer(815301076,1909f56bfc062723c751e8b465ee728b) (PreviewImporter) -> (artifact id: '00000000000000000000000000000000') in 0.0003844 seconds
Import Error Code:(4)
Message: Build asset version error: assets/game/scripts/frame/player/player.cs in SourceAssetDB has modification time of '2024-12-13T08:37:42.3586521Z' while content on disk has modification time of '2025-02-26T03:15:16.5173926Z'
  ERROR: Build asset version error: assets/game/scripts/frame/player/player.cs in SourceAssetDB has modification time of '2024-12-13T08:37:42.3586521Z' while content on disk has modification time of '2025-02-26T03:15:16.5173926Z'
Number of updated asset objects reloaded before import = 0Number of asset objects unloaded after import = 0

========================================================================
Received Import Request.
  Time since last request: 0.001213 seconds.
  path: Assets/Game/Scripts/Frame/Player/Player.cs
  artifactKey: Guid(4657a819fc8eadf459113d07b3e42875) Importer(815301076,1909f56bfc062723c751e8b465ee728b)
Start importing Assets/Game/Scripts/Frame/Player/Player.cs using Guid(4657a819fc8eadf459113d07b3e42875) Importer(815301076,1909f56bfc062723c751e8b465ee728b) (PreviewImporter) -> (artifact id: '00000000000000000000000000000000') in 0.0004692 seconds
Import Error Code:(4)
Message: Build asset version error: assets/game/scripts/frame/player/player.cs in SourceAssetDB has modification time of '2024-12-13T08:37:42.3586521Z' while content on disk has modification time of '2025-02-26T03:15:16.5173926Z'
  ERROR: Build asset version error: assets/game/scripts/frame/player/player.cs in SourceAssetDB has modification time of '2024-12-13T08:37:42.3586521Z' while content on disk has modification time of '2025-02-26T03:15:16.5173926Z'
Number of updated asset objects reloaded before import = 0Number of asset objects unloaded after import = 0

========================================================================
Received Import Request.
  Time since last request: 0.001664 seconds.
  path: Assets/Game/Scripts/Frame/Player/Player.cs
  artifactKey: Guid(4657a819fc8eadf459113d07b3e42875) Importer(815301076,1909f56bfc062723c751e8b465ee728b)
Start importing Assets/Game/Scripts/Frame/Player/Player.cs using Guid(4657a819fc8eadf459113d07b3e42875) Importer(815301076,1909f56bfc062723c751e8b465ee728b) (PreviewImporter) -> (artifact id: '00000000000000000000000000000000') in 0.0004288 seconds
Import Error Code:(4)
Message: Build asset version error: assets/game/scripts/frame/player/player.cs in SourceAssetDB has modification time of '2024-12-13T08:37:42.3586521Z' while content on disk has modification time of '2025-02-26T03:15:16.5173926Z'
  ERROR: Build asset version error: assets/game/scripts/frame/player/player.cs in SourceAssetDB has modification time of '2024-12-13T08:37:42.3586521Z' while content on disk has modification time of '2025-02-26T03:15:16.5173926Z'
Number of updated asset objects reloaded before import = 0Number of asset objects unloaded after import = 0

========================================================================
Received Import Request.
  Time since last request: 0.001476 seconds.
  path: Assets/Game/Scripts/Frame/Player/Player.cs
  artifactKey: Guid(4657a819fc8eadf459113d07b3e42875) Importer(815301076,1909f56bfc062723c751e8b465ee728b)
Start importing Assets/Game/Scripts/Frame/Player/Player.cs using Guid(4657a819fc8eadf459113d07b3e42875) Importer(815301076,1909f56bfc062723c751e8b465ee728b) (PreviewImporter) -> (artifact id: '00000000000000000000000000000000') in 0.0004015 seconds
Import Error Code:(4)
Message: Build asset version error: assets/game/scripts/frame/player/player.cs in SourceAssetDB has modification time of '2024-12-13T08:37:42.3586521Z' while content on disk has modification time of '2025-02-26T03:15:16.5173926Z'
  ERROR: Build asset version error: assets/game/scripts/frame/player/player.cs in SourceAssetDB has modification time of '2024-12-13T08:37:42.3586521Z' while content on disk has modification time of '2025-02-26T03:15:16.5173926Z'
Number of updated asset objects reloaded before import = 0Number of asset objects unloaded after import = 0

========================================================================
Received Import Request.
  Time since last request: 0.001885 seconds.
  path: Assets/Game/Scripts/Frame/Player/Player.cs
  artifactKey: Guid(4657a819fc8eadf459113d07b3e42875) Importer(815301076,1909f56bfc062723c751e8b465ee728b)
Start importing Assets/Game/Scripts/Frame/Player/Player.cs using Guid(4657a819fc8eadf459113d07b3e42875) Importer(815301076,1909f56bfc062723c751e8b465ee728b) (PreviewImporter) -> (artifact id: '00000000000000000000000000000000') in 0.0005186 seconds
Import Error Code:(4)
Message: Build asset version error: assets/game/scripts/frame/player/player.cs in SourceAssetDB has modification time of '2024-12-13T08:37:42.3586521Z' while content on disk has modification time of '2025-02-26T03:15:16.5173926Z'
  ERROR: Build asset version error: assets/game/scripts/frame/player/player.cs in SourceAssetDB has modification time of '2024-12-13T08:37:42.3586521Z' while content on disk has modification time of '2025-02-26T03:15:16.5173926Z'
Number of updated asset objects reloaded before import = 0Number of asset objects unloaded after import = 0

========================================================================
Received Import Request.
  Time since last request: 0.001796 seconds.
  path: Assets/Game/Scripts/Frame/Player/Player.cs
  artifactKey: Guid(4657a819fc8eadf459113d07b3e42875) Importer(815301076,1909f56bfc062723c751e8b465ee728b)
Start importing Assets/Game/Scripts/Frame/Player/Player.cs using Guid(4657a819fc8eadf459113d07b3e42875) Importer(815301076,1909f56bfc062723c751e8b465ee728b) (PreviewImporter) -> (artifact id: '00000000000000000000000000000000') in 0.0005641 seconds
Import Error Code:(4)
Message: Build asset version error: assets/game/scripts/frame/player/player.cs in SourceAssetDB has modification time of '2024-12-13T08:37:42.3586521Z' while content on disk has modification time of '2025-02-26T03:15:16.5173926Z'
  ERROR: Build asset version error: assets/game/scripts/frame/player/player.cs in SourceAssetDB has modification time of '2024-12-13T08:37:42.3586521Z' while content on disk has modification time of '2025-02-26T03:15:16.5173926Z'
Number of updated asset objects reloaded before import = 0Number of asset objects unloaded after import = 0

========================================================================
Received Import Request.
  Time since last request: 0.002250 seconds.
  path: Assets/Game/Scripts/Frame/Player/Player.cs
  artifactKey: Guid(4657a819fc8eadf459113d07b3e42875) Importer(815301076,1909f56bfc062723c751e8b465ee728b)
Start importing Assets/Game/Scripts/Frame/Player/Player.cs using Guid(4657a819fc8eadf459113d07b3e42875) Importer(815301076,1909f56bfc062723c751e8b465ee728b) (PreviewImporter) -> (artifact id: '00000000000000000000000000000000') in 0.0004603 seconds
Import Error Code:(4)
Message: Build asset version error: assets/game/scripts/frame/player/player.cs in SourceAssetDB has modification time of '2024-12-13T08:37:42.3586521Z' while content on disk has modification time of '2025-02-26T03:15:16.5173926Z'
  ERROR: Build asset version error: assets/game/scripts/frame/player/player.cs in SourceAssetDB has modification time of '2024-12-13T08:37:42.3586521Z' while content on disk has modification time of '2025-02-26T03:15:16.5173926Z'
Number of updated asset objects reloaded before import = 0Number of asset objects unloaded after import = 0

========================================================================
Received Import Request.
  Time since last request: 0.002002 seconds.
  path: Assets/Game/Scripts/Frame/Player/Player.cs
  artifactKey: Guid(4657a819fc8eadf459113d07b3e42875) Importer(815301076,1909f56bfc062723c751e8b465ee728b)
Start importing Assets/Game/Scripts/Frame/Player/Player.cs using Guid(4657a819fc8eadf459113d07b3e42875) Importer(815301076,1909f56bfc062723c751e8b465ee728b) (PreviewImporter) -> (artifact id: '00000000000000000000000000000000') in 0.0003993 seconds
Import Error Code:(4)
Message: Build asset version error: assets/game/scripts/frame/player/player.cs in SourceAssetDB has modification time of '2024-12-13T08:37:42.3586521Z' while content on disk has modification time of '2025-02-26T03:15:16.5173926Z'
  ERROR: Build asset version error: assets/game/scripts/frame/player/player.cs in SourceAssetDB has modification time of '2024-12-13T08:37:42.3586521Z' while content on disk has modification time of '2025-02-26T03:15:16.5173926Z'
Number of updated asset objects reloaded before import = 0Number of asset objects unloaded after import = 0

========================================================================
Received Import Request.
  Time since last request: 0.001311 seconds.
  path: Assets/Game/Scripts/Frame/Player/Player.cs
  artifactKey: Guid(4657a819fc8eadf459113d07b3e42875) Importer(815301076,1909f56bfc062723c751e8b465ee728b)
Start importing Assets/Game/Scripts/Frame/Player/Player.cs using Guid(4657a819fc8eadf459113d07b3e42875) Importer(815301076,1909f56bfc062723c751e8b465ee728b) (PreviewImporter) -> (artifact id: '00000000000000000000000000000000') in 0.0004471 seconds
Import Error Code:(4)
Message: Build asset version error: assets/game/scripts/frame/player/player.cs in SourceAssetDB has modification time of '2024-12-13T08:37:42.3586521Z' while content on disk has modification time of '2025-02-26T03:15:16.5173926Z'
  ERROR: Build asset version error: assets/game/scripts/frame/player/player.cs in SourceAssetDB has modification time of '2024-12-13T08:37:42.3586521Z' while content on disk has modification time of '2025-02-26T03:15:16.5173926Z'
Number of updated asset objects reloaded before import = 0Number of asset objects unloaded after import = 0

========================================================================
Received Import Request.
  Time since last request: 0.001219 seconds.
  path: Assets/Game/Scripts/Frame/Player/Player.cs
  artifactKey: Guid(4657a819fc8eadf459113d07b3e42875) Importer(815301076,1909f56bfc062723c751e8b465ee728b)
Start importing Assets/Game/Scripts/Frame/Player/Player.cs using Guid(4657a819fc8eadf459113d07b3e42875) Importer(815301076,1909f56bfc062723c751e8b465ee728b) (PreviewImporter) -> (artifact id: '00000000000000000000000000000000') in 0.0004334 seconds
Import Error Code:(4)
Message: Build asset version error: assets/game/scripts/frame/player/player.cs in SourceAssetDB has modification time of '2024-12-13T08:37:42.3586521Z' while content on disk has modification time of '2025-02-26T03:15:16.5173926Z'
  ERROR: Build asset version error: assets/game/scripts/frame/player/player.cs in SourceAssetDB has modification time of '2024-12-13T08:37:42.3586521Z' while content on disk has modification time of '2025-02-26T03:15:16.5173926Z'
Number of updated asset objects reloaded before import = 0Number of asset objects unloaded after import = 0

========================================================================
Received Import Request.
  Time since last request: 0.015362 seconds.
  path: Assets/Game/Scripts/Frame/Player/Player.cs
  artifactKey: Guid(4657a819fc8eadf459113d07b3e42875) Importer(815301076,1909f56bfc062723c751e8b465ee728b)
Start importing Assets/Game/Scripts/Frame/Player/Player.cs using Guid(4657a819fc8eadf459113d07b3e42875) Importer(815301076,1909f56bfc062723c751e8b465ee728b) (PreviewImporter) -> (artifact id: '00000000000000000000000000000000') in 0.0004231 seconds
Import Error Code:(4)
Message: Build asset version error: assets/game/scripts/frame/player/player.cs in SourceAssetDB has modification time of '2024-12-13T08:37:42.3586521Z' while content on disk has modification time of '2025-02-26T03:15:16.5173926Z'
  ERROR: Build asset version error: assets/game/scripts/frame/player/player.cs in SourceAssetDB has modification time of '2024-12-13T08:37:42.3586521Z' while content on disk has modification time of '2025-02-26T03:15:16.5173926Z'
Number of updated asset objects reloaded before import = 0Number of asset objects unloaded after import = 0

========================================================================
Received Import Request.
  Time since last request: 0.006880 seconds.
  path: Assets/Game/Scripts/Frame/Player/Player.cs
  artifactKey: Guid(4657a819fc8eadf459113d07b3e42875) Importer(815301076,1909f56bfc062723c751e8b465ee728b)
Start importing Assets/Game/Scripts/Frame/Player/Player.cs using Guid(4657a819fc8eadf459113d07b3e42875) Importer(815301076,1909f56bfc062723c751e8b465ee728b) (PreviewImporter) -> (artifact id: '00000000000000000000000000000000') in 0.0004002 seconds
Import Error Code:(4)
Message: Build asset version error: assets/game/scripts/frame/player/player.cs in SourceAssetDB has modification time of '2024-12-13T08:37:42.3586521Z' while content on disk has modification time of '2025-02-26T03:15:16.5173926Z'
  ERROR: Build asset version error: assets/game/scripts/frame/player/player.cs in SourceAssetDB has modification time of '2024-12-13T08:37:42.3586521Z' while content on disk has modification time of '2025-02-26T03:15:16.5173926Z'
Number of updated asset objects reloaded before import = 0Number of asset objects unloaded after import = 0

========================================================================
Received Import Request.
  Time since last request: 0.005089 seconds.
  path: Assets/Game/Scripts/Frame/Player/Player.cs
  artifactKey: Guid(4657a819fc8eadf459113d07b3e42875) Importer(815301076,1909f56bfc062723c751e8b465ee728b)
Start importing Assets/Game/Scripts/Frame/Player/Player.cs using Guid(4657a819fc8eadf459113d07b3e42875) Importer(815301076,1909f56bfc062723c751e8b465ee728b) (PreviewImporter) -> (artifact id: '00000000000000000000000000000000') in 0.0004664 seconds
Import Error Code:(4)
Message: Build asset version error: assets/game/scripts/frame/player/player.cs in SourceAssetDB has modification time of '2024-12-13T08:37:42.3586521Z' while content on disk has modification time of '2025-02-26T03:15:16.5173926Z'
  ERROR: Build asset version error: assets/game/scripts/frame/player/player.cs in SourceAssetDB has modification time of '2024-12-13T08:37:42.3586521Z' while content on disk has modification time of '2025-02-26T03:15:16.5173926Z'
Number of updated asset objects reloaded before import = 0Number of asset objects unloaded after import = 0

========================================================================
Received Import Request.
  Time since last request: 0.000016 seconds.
  path: Assets/Game/Scripts/Frame/Player/Player.cs
  artifactKey: Guid(4657a819fc8eadf459113d07b3e42875) Importer(815301076,1909f56bfc062723c751e8b465ee728b)
Start importing Assets/Game/Scripts/Frame/Player/Player.cs using Guid(4657a819fc8eadf459113d07b3e42875) Importer(815301076,1909f56bfc062723c751e8b465ee728b) (PreviewImporter) -> (artifact id: '00000000000000000000000000000000') in 0.0003937 seconds
Import Error Code:(4)
Message: Build asset version error: assets/game/scripts/frame/player/player.cs in SourceAssetDB has modification time of '2024-12-13T08:37:42.3586521Z' while content on disk has modification time of '2025-02-26T03:15:16.5173926Z'
  ERROR: Build asset version error: assets/game/scripts/frame/player/player.cs in SourceAssetDB has modification time of '2024-12-13T08:37:42.3586521Z' while content on disk has modification time of '2025-02-26T03:15:16.5173926Z'
Number of updated asset objects reloaded before import = 0Number of asset objects unloaded after import = 0

========================================================================
Received Import Request.
  Time since last request: 0.000018 seconds.
  path: Assets/Game/Scripts/Frame/Player/Player.cs
  artifactKey: Guid(4657a819fc8eadf459113d07b3e42875) Importer(815301076,1909f56bfc062723c751e8b465ee728b)
Start importing Assets/Game/Scripts/Frame/Player/Player.cs using Guid(4657a819fc8eadf459113d07b3e42875) Importer(815301076,1909f56bfc062723c751e8b465ee728b) (PreviewImporter) -> (artifact id: '00000000000000000000000000000000') in 0.0003952 seconds
Import Error Code:(4)
Message: Build asset version error: assets/game/scripts/frame/player/player.cs in SourceAssetDB has modification time of '2024-12-13T08:37:42.3586521Z' while content on disk has modification time of '2025-02-26T03:15:16.5173926Z'
  ERROR: Build asset version error: assets/game/scripts/frame/player/player.cs in SourceAssetDB has modification time of '2024-12-13T08:37:42.3586521Z' while content on disk has modification time of '2025-02-26T03:15:16.5173926Z'
Number of updated asset objects reloaded before import = 0Number of asset objects unloaded after import = 0

========================================================================
Received Import Request.
  Time since last request: 0.000022 seconds.
  path: Assets/Game/Scripts/Frame/Player/Player.cs
  artifactKey: Guid(4657a819fc8eadf459113d07b3e42875) Importer(815301076,1909f56bfc062723c751e8b465ee728b)
Start importing Assets/Game/Scripts/Frame/Player/Player.cs using Guid(4657a819fc8eadf459113d07b3e42875) Importer(815301076,1909f56bfc062723c751e8b465ee728b) (PreviewImporter) -> (artifact id: '00000000000000000000000000000000') in 0.0005216 seconds
Import Error Code:(4)
Message: Build asset version error: assets/game/scripts/frame/player/player.cs in SourceAssetDB has modification time of '2024-12-13T08:37:42.3586521Z' while content on disk has modification time of '2025-02-26T03:15:16.5173926Z'
  ERROR: Build asset version error: assets/game/scripts/frame/player/player.cs in SourceAssetDB has modification time of '2024-12-13T08:37:42.3586521Z' while content on disk has modification time of '2025-02-26T03:15:16.5173926Z'
Number of updated asset objects reloaded before import = 0Number of asset objects unloaded after import = 0

========================================================================
Received Import Request.
  Time since last request: 0.001966 seconds.
  path: Assets/Game/Scripts/Frame/Player/Player.cs
  artifactKey: Guid(4657a819fc8eadf459113d07b3e42875) Importer(815301076,1909f56bfc062723c751e8b465ee728b)
Start importing Assets/Game/Scripts/Frame/Player/Player.cs using Guid(4657a819fc8eadf459113d07b3e42875) Importer(815301076,1909f56bfc062723c751e8b465ee728b) (PreviewImporter) -> (artifact id: '00000000000000000000000000000000') in 0.0004487 seconds
Import Error Code:(4)
Message: Build asset version error: assets/game/scripts/frame/player/player.cs in SourceAssetDB has modification time of '2024-12-13T08:37:42.3586521Z' while content on disk has modification time of '2025-02-26T03:15:16.5173926Z'
  ERROR: Build asset version error: assets/game/scripts/frame/player/player.cs in SourceAssetDB has modification time of '2024-12-13T08:37:42.3586521Z' while content on disk has modification time of '2025-02-26T03:15:16.5173926Z'
Number of updated asset objects reloaded before import = 0Number of asset objects unloaded after import = 0

========================================================================
Received Import Request.
  Time since last request: 0.002211 seconds.
  path: Assets/Game/Scripts/Frame/Player/Player.cs
  artifactKey: Guid(4657a819fc8eadf459113d07b3e42875) Importer(815301076,1909f56bfc062723c751e8b465ee728b)
Start importing Assets/Game/Scripts/Frame/Player/Player.cs using Guid(4657a819fc8eadf459113d07b3e42875) Importer(815301076,1909f56bfc062723c751e8b465ee728b) (PreviewImporter) -> (artifact id: '00000000000000000000000000000000') in 0.0005044 seconds
Import Error Code:(4)
Message: Build asset version error: assets/game/scripts/frame/player/player.cs in SourceAssetDB has modification time of '2024-12-13T08:37:42.3586521Z' while content on disk has modification time of '2025-02-26T03:15:16.5173926Z'
  ERROR: Build asset version error: assets/game/scripts/frame/player/player.cs in SourceAssetDB has modification time of '2024-12-13T08:37:42.3586521Z' while content on disk has modification time of '2025-02-26T03:15:16.5173926Z'
Number of updated asset objects reloaded before import = 0Number of asset objects unloaded after import = 0

========================================================================
Received Import Request.
  Time since last request: 0.002698 seconds.
  path: Assets/Game/Scripts/Frame/Player/Player.cs
  artifactKey: Guid(4657a819fc8eadf459113d07b3e42875) Importer(815301076,1909f56bfc062723c751e8b465ee728b)
Start importing Assets/Game/Scripts/Frame/Player/Player.cs using Guid(4657a819fc8eadf459113d07b3e42875) Importer(815301076,1909f56bfc062723c751e8b465ee728b) (PreviewImporter) -> (artifact id: '00000000000000000000000000000000') in 0.0007 seconds
Import Error Code:(4)
Message: Build asset version error: assets/game/scripts/frame/player/player.cs in SourceAssetDB has modification time of '2024-12-13T08:37:42.3586521Z' while content on disk has modification time of '2025-02-26T03:15:16.5173926Z'
  ERROR: Build asset version error: assets/game/scripts/frame/player/player.cs in SourceAssetDB has modification time of '2024-12-13T08:37:42.3586521Z' while content on disk has modification time of '2025-02-26T03:15:16.5173926Z'
Number of updated asset objects reloaded before import = 0Number of asset objects unloaded after import = 0

========================================================================
Received Import Request.
  Time since last request: 0.002135 seconds.
  path: Assets/Game/Scripts/Frame/Player/Player.cs
  artifactKey: Guid(4657a819fc8eadf459113d07b3e42875) Importer(815301076,1909f56bfc062723c751e8b465ee728b)
Start importing Assets/Game/Scripts/Frame/Player/Player.cs using Guid(4657a819fc8eadf459113d07b3e42875) Importer(815301076,1909f56bfc062723c751e8b465ee728b) (PreviewImporter) -> (artifact id: '00000000000000000000000000000000') in 0.000451 seconds
Import Error Code:(4)
Message: Build asset version error: assets/game/scripts/frame/player/player.cs in SourceAssetDB has modification time of '2024-12-13T08:37:42.3586521Z' while content on disk has modification time of '2025-02-26T03:15:16.5173926Z'
  ERROR: Build asset version error: assets/game/scripts/frame/player/player.cs in SourceAssetDB has modification time of '2024-12-13T08:37:42.3586521Z' while content on disk has modification time of '2025-02-26T03:15:16.5173926Z'
Number of updated asset objects reloaded before import = 0Number of asset objects unloaded after import = 0

========================================================================
Received Import Request.
  Time since last request: 0.002919 seconds.
  path: Assets/Game/Scripts/Frame/Player/Player.cs
  artifactKey: Guid(4657a819fc8eadf459113d07b3e42875) Importer(815301076,1909f56bfc062723c751e8b465ee728b)
Start importing Assets/Game/Scripts/Frame/Player/Player.cs using Guid(4657a819fc8eadf459113d07b3e42875) Importer(815301076,1909f56bfc062723c751e8b465ee728b) (PreviewImporter) -> (artifact id: '00000000000000000000000000000000') in 0.0004971 seconds
Import Error Code:(4)
Message: Build asset version error: assets/game/scripts/frame/player/player.cs in SourceAssetDB has modification time of '2024-12-13T08:37:42.3586521Z' while content on disk has modification time of '2025-02-26T03:15:16.5173926Z'
  ERROR: Build asset version error: assets/game/scripts/frame/player/player.cs in SourceAssetDB has modification time of '2024-12-13T08:37:42.3586521Z' while content on disk has modification time of '2025-02-26T03:15:16.5173926Z'
Number of updated asset objects reloaded before import = 0Number of asset objects unloaded after import = 0

========================================================================
Received Import Request.
  Time since last request: 0.002453 seconds.
  path: Assets/Game/Scripts/Frame/Player/Player.cs
  artifactKey: Guid(4657a819fc8eadf459113d07b3e42875) Importer(815301076,1909f56bfc062723c751e8b465ee728b)
Start importing Assets/Game/Scripts/Frame/Player/Player.cs using Guid(4657a819fc8eadf459113d07b3e42875) Importer(815301076,1909f56bfc062723c751e8b465ee728b) (PreviewImporter) -> (artifact id: '00000000000000000000000000000000') in 0.0004784 seconds
Import Error Code:(4)
Message: Build asset version error: assets/game/scripts/frame/player/player.cs in SourceAssetDB has modification time of '2024-12-13T08:37:42.3586521Z' while content on disk has modification time of '2025-02-26T03:15:16.5173926Z'
  ERROR: Build asset version error: assets/game/scripts/frame/player/player.cs in SourceAssetDB has modification time of '2024-12-13T08:37:42.3586521Z' while content on disk has modification time of '2025-02-26T03:15:16.5173926Z'
Number of updated asset objects reloaded before import = 0Number of asset objects unloaded after import = 0

========================================================================
Received Import Request.
  Time since last request: 0.001615 seconds.
  path: Assets/Game/Scripts/Frame/Player/Player.cs
  artifactKey: Guid(4657a819fc8eadf459113d07b3e42875) Importer(815301076,1909f56bfc062723c751e8b465ee728b)
Start importing Assets/Game/Scripts/Frame/Player/Player.cs using Guid(4657a819fc8eadf459113d07b3e42875) Importer(815301076,1909f56bfc062723c751e8b465ee728b) (PreviewImporter) -> (artifact id: '00000000000000000000000000000000') in 0.0004991 seconds
Import Error Code:(4)
Message: Build asset version error: assets/game/scripts/frame/player/player.cs in SourceAssetDB has modification time of '2024-12-13T08:37:42.3586521Z' while content on disk has modification time of '2025-02-26T03:15:16.5173926Z'
  ERROR: Build asset version error: assets/game/scripts/frame/player/player.cs in SourceAssetDB has modification time of '2024-12-13T08:37:42.3586521Z' while content on disk has modification time of '2025-02-26T03:15:16.5173926Z'
Number of updated asset objects reloaded before import = 0Number of asset objects unloaded after import = 0

========================================================================
Received Import Request.
  Time since last request: 0.002753 seconds.
  path: Assets/Game/Scripts/Frame/Player/Player.cs
  artifactKey: Guid(4657a819fc8eadf459113d07b3e42875) Importer(815301076,1909f56bfc062723c751e8b465ee728b)
Start importing Assets/Game/Scripts/Frame/Player/Player.cs using Guid(4657a819fc8eadf459113d07b3e42875) Importer(815301076,1909f56bfc062723c751e8b465ee728b) (PreviewImporter) -> (artifact id: '00000000000000000000000000000000') in 0.000461 seconds
Import Error Code:(4)
Message: Build asset version error: assets/game/scripts/frame/player/player.cs in SourceAssetDB has modification time of '2024-12-13T08:37:42.3586521Z' while content on disk has modification time of '2025-02-26T03:15:16.5173926Z'
  ERROR: Build asset version error: assets/game/scripts/frame/player/player.cs in SourceAssetDB has modification time of '2024-12-13T08:37:42.3586521Z' while content on disk has modification time of '2025-02-26T03:15:16.5173926Z'
Number of updated asset objects reloaded before import = 0Number of asset objects unloaded after import = 0

========================================================================
Received Import Request.
  Time since last request: 0.001457 seconds.
  path: Assets/Game/Scripts/Frame/Player/Player.cs
  artifactKey: Guid(4657a819fc8eadf459113d07b3e42875) Importer(815301076,1909f56bfc062723c751e8b465ee728b)
Start importing Assets/Game/Scripts/Frame/Player/Player.cs using Guid(4657a819fc8eadf459113d07b3e42875) Importer(815301076,1909f56bfc062723c751e8b465ee728b) (PreviewImporter) -> (artifact id: '00000000000000000000000000000000') in 0.0004805 seconds
Import Error Code:(4)
Message: Build asset version error: assets/game/scripts/frame/player/player.cs in SourceAssetDB has modification time of '2024-12-13T08:37:42.3586521Z' while content on disk has modification time of '2025-02-26T03:15:16.5173926Z'
  ERROR: Build asset version error: assets/game/scripts/frame/player/player.cs in SourceAssetDB has modification time of '2024-12-13T08:37:42.3586521Z' while content on disk has modification time of '2025-02-26T03:15:16.5173926Z'
Number of updated asset objects reloaded before import = 0Number of asset objects unloaded after import = 0

========================================================================
Received Import Request.
  Time since last request: 0.002169 seconds.
  path: Assets/Game/Scripts/Frame/Player/Player.cs
  artifactKey: Guid(4657a819fc8eadf459113d07b3e42875) Importer(815301076,1909f56bfc062723c751e8b465ee728b)
Start importing Assets/Game/Scripts/Frame/Player/Player.cs using Guid(4657a819fc8eadf459113d07b3e42875) Importer(815301076,1909f56bfc062723c751e8b465ee728b) (PreviewImporter) -> (artifact id: '00000000000000000000000000000000') in 0.0004548 seconds
Import Error Code:(4)
Message: Build asset version error: assets/game/scripts/frame/player/player.cs in SourceAssetDB has modification time of '2024-12-13T08:37:42.3586521Z' while content on disk has modification time of '2025-02-26T03:15:16.5173926Z'
  ERROR: Build asset version error: assets/game/scripts/frame/player/player.cs in SourceAssetDB has modification time of '2024-12-13T08:37:42.3586521Z' while content on disk has modification time of '2025-02-26T03:15:16.5173926Z'
Number of updated asset objects reloaded before import = 0Number of asset objects unloaded after import = 0

========================================================================
Received Import Request.
  Time since last request: 0.000820 seconds.
  path: Assets/Game/Scripts/Frame/Player/Player.cs
  artifactKey: Guid(4657a819fc8eadf459113d07b3e42875) Importer(815301076,1909f56bfc062723c751e8b465ee728b)
Start importing Assets/Game/Scripts/Frame/Player/Player.cs using Guid(4657a819fc8eadf459113d07b3e42875) Importer(815301076,1909f56bfc062723c751e8b465ee728b) (PreviewImporter) -> (artifact id: '00000000000000000000000000000000') in 0.0005023 seconds
Import Error Code:(4)
Message: Build asset version error: assets/game/scripts/frame/player/player.cs in SourceAssetDB has modification time of '2024-12-13T08:37:42.3586521Z' while content on disk has modification time of '2025-02-26T03:15:16.5173926Z'
  ERROR: Build asset version error: assets/game/scripts/frame/player/player.cs in SourceAssetDB has modification time of '2024-12-13T08:37:42.3586521Z' while content on disk has modification time of '2025-02-26T03:15:16.5173926Z'
Number of updated asset objects reloaded before import = 0Number of asset objects unloaded after import = 0

========================================================================
Received Import Request.
  Time since last request: 0.002995 seconds.
  path: Assets/Game/Scripts/Frame/Player/Player.cs
  artifactKey: Guid(4657a819fc8eadf459113d07b3e42875) Importer(815301076,1909f56bfc062723c751e8b465ee728b)
Start importing Assets/Game/Scripts/Frame/Player/Player.cs using Guid(4657a819fc8eadf459113d07b3e42875) Importer(815301076,1909f56bfc062723c751e8b465ee728b) (PreviewImporter) -> (artifact id: '00000000000000000000000000000000') in 0.0005385 seconds
Import Error Code:(4)
Message: Build asset version error: assets/game/scripts/frame/player/player.cs in SourceAssetDB has modification time of '2024-12-13T08:37:42.3586521Z' while content on disk has modification time of '2025-02-26T03:15:16.5173926Z'
  ERROR: Build asset version error: assets/game/scripts/frame/player/player.cs in SourceAssetDB has modification time of '2024-12-13T08:37:42.3586521Z' while content on disk has modification time of '2025-02-26T03:15:16.5173926Z'
Number of updated asset objects reloaded before import = 0Number of asset objects unloaded after import = 0

========================================================================
Received Import Request.
  Time since last request: 0.001836 seconds.
  path: Assets/Game/Scripts/Frame/Player/Player.cs
  artifactKey: Guid(4657a819fc8eadf459113d07b3e42875) Importer(815301076,1909f56bfc062723c751e8b465ee728b)
Start importing Assets/Game/Scripts/Frame/Player/Player.cs using Guid(4657a819fc8eadf459113d07b3e42875) Importer(815301076,1909f56bfc062723c751e8b465ee728b) (PreviewImporter) -> (artifact id: '00000000000000000000000000000000') in 0.0003691 seconds
Import Error Code:(4)
Message: Build asset version error: assets/game/scripts/frame/player/player.cs in SourceAssetDB has modification time of '2024-12-13T08:37:42.3586521Z' while content on disk has modification time of '2025-02-26T03:15:16.5173926Z'
  ERROR: Build asset version error: assets/game/scripts/frame/player/player.cs in SourceAssetDB has modification time of '2024-12-13T08:37:42.3586521Z' while content on disk has modification time of '2025-02-26T03:15:16.5173926Z'
Number of updated asset objects reloaded before import = 0Number of asset objects unloaded after import = 0

========================================================================
Received Import Request.
  Time since last request: 0.000632 seconds.
  path: Assets/Game/Scripts/Frame/Player/Player.cs
  artifactKey: Guid(4657a819fc8eadf459113d07b3e42875) Importer(815301076,1909f56bfc062723c751e8b465ee728b)
Start importing Assets/Game/Scripts/Frame/Player/Player.cs using Guid(4657a819fc8eadf459113d07b3e42875) Importer(815301076,1909f56bfc062723c751e8b465ee728b) (PreviewImporter) -> (artifact id: '00000000000000000000000000000000') in 0.0004316 seconds
Import Error Code:(4)
Message: Build asset version error: assets/game/scripts/frame/player/player.cs in SourceAssetDB has modification time of '2024-12-13T08:37:42.3586521Z' while content on disk has modification time of '2025-02-26T03:15:16.5173926Z'
  ERROR: Build asset version error: assets/game/scripts/frame/player/player.cs in SourceAssetDB has modification time of '2024-12-13T08:37:42.3586521Z' while content on disk has modification time of '2025-02-26T03:15:16.5173926Z'
Number of updated asset objects reloaded before import = 0Number of asset objects unloaded after import = 0

========================================================================
Received Import Request.
  Time since last request: 0.001508 seconds.
  path: Assets/Game/Scripts/Frame/Player/Player.cs
  artifactKey: Guid(4657a819fc8eadf459113d07b3e42875) Importer(815301076,1909f56bfc062723c751e8b465ee728b)
Start importing Assets/Game/Scripts/Frame/Player/Player.cs using Guid(4657a819fc8eadf459113d07b3e42875) Importer(815301076,1909f56bfc062723c751e8b465ee728b) (PreviewImporter) -> (artifact id: '00000000000000000000000000000000') in 0.0004539 seconds
Import Error Code:(4)
Message: Build asset version error: assets/game/scripts/frame/player/player.cs in SourceAssetDB has modification time of '2024-12-13T08:37:42.3586521Z' while content on disk has modification time of '2025-02-26T03:15:16.5173926Z'
  ERROR: Build asset version error: assets/game/scripts/frame/player/player.cs in SourceAssetDB has modification time of '2024-12-13T08:37:42.3586521Z' while content on disk has modification time of '2025-02-26T03:15:16.5173926Z'
Number of updated asset objects reloaded before import = 0Number of asset objects unloaded after import = 0

========================================================================
Received Import Request.
  Time since last request: 0.000959 seconds.
  path: Assets/Game/Scripts/Frame/Player/Player.cs
  artifactKey: Guid(4657a819fc8eadf459113d07b3e42875) Importer(815301076,1909f56bfc062723c751e8b465ee728b)
Start importing Assets/Game/Scripts/Frame/Player/Player.cs using Guid(4657a819fc8eadf459113d07b3e42875) Importer(815301076,1909f56bfc062723c751e8b465ee728b) (PreviewImporter) -> (artifact id: '00000000000000000000000000000000') in 0.0004189 seconds
Import Error Code:(4)
Message: Build asset version error: assets/game/scripts/frame/player/player.cs in SourceAssetDB has modification time of '2024-12-13T08:37:42.3586521Z' while content on disk has modification time of '2025-02-26T03:15:16.5173926Z'
  ERROR: Build asset version error: assets/game/scripts/frame/player/player.cs in SourceAssetDB has modification time of '2024-12-13T08:37:42.3586521Z' while content on disk has modification time of '2025-02-26T03:15:16.5173926Z'
Number of updated asset objects reloaded before import = 0Number of asset objects unloaded after import = 0

========================================================================
Received Import Request.
  Time since last request: 0.001436 seconds.
  path: Assets/Game/Scripts/Frame/Player/Player.cs
  artifactKey: Guid(4657a819fc8eadf459113d07b3e42875) Importer(815301076,1909f56bfc062723c751e8b465ee728b)
Start importing Assets/Game/Scripts/Frame/Player/Player.cs using Guid(4657a819fc8eadf459113d07b3e42875) Importer(815301076,1909f56bfc062723c751e8b465ee728b) (PreviewImporter) -> (artifact id: '00000000000000000000000000000000') in 0.0004291 seconds
Import Error Code:(4)
Message: Build asset version error: assets/game/scripts/frame/player/player.cs in SourceAssetDB has modification time of '2024-12-13T08:37:42.3586521Z' while content on disk has modification time of '2025-02-26T03:15:16.5173926Z'
  ERROR: Build asset version error: assets/game/scripts/frame/player/player.cs in SourceAssetDB has modification time of '2024-12-13T08:37:42.3586521Z' while content on disk has modification time of '2025-02-26T03:15:16.5173926Z'
Number of updated asset objects reloaded before import = 0Number of asset objects unloaded after import = 0

========================================================================
Received Import Request.
  Time since last request: 0.000089 seconds.
  path: Assets/Game/Scripts/Frame/Player/Player.cs
  artifactKey: Guid(4657a819fc8eadf459113d07b3e42875) Importer(815301076,1909f56bfc062723c751e8b465ee728b)
Start importing Assets/Game/Scripts/Frame/Player/Player.cs using Guid(4657a819fc8eadf459113d07b3e42875) Importer(815301076,1909f56bfc062723c751e8b465ee728b) (PreviewImporter) -> (artifact id: '00000000000000000000000000000000') in 0.0006986 seconds
Import Error Code:(4)
Message: Build asset version error: assets/game/scripts/frame/player/player.cs in SourceAssetDB has modification time of '2024-12-13T08:37:42.3586521Z' while content on disk has modification time of '2025-02-26T03:15:16.5173926Z'
  ERROR: Build asset version error: assets/game/scripts/frame/player/player.cs in SourceAssetDB has modification time of '2024-12-13T08:37:42.3586521Z' while content on disk has modification time of '2025-02-26T03:15:16.5173926Z'
Number of updated asset objects reloaded before import = 0Number of asset objects unloaded after import = 0

========================================================================
Received Import Request.
  Time since last request: 0.000013 seconds.
  path: Assets/Game/Scripts/Frame/Player/Player.cs
  artifactKey: Guid(4657a819fc8eadf459113d07b3e42875) Importer(815301076,1909f56bfc062723c751e8b465ee728b)
Start importing Assets/Game/Scripts/Frame/Player/Player.cs using Guid(4657a819fc8eadf459113d07b3e42875) Importer(815301076,1909f56bfc062723c751e8b465ee728b) (PreviewImporter) -> (artifact id: '00000000000000000000000000000000') in 0.0004263 seconds
Import Error Code:(4)
Message: Build asset version error: assets/game/scripts/frame/player/player.cs in SourceAssetDB has modification time of '2024-12-13T08:37:42.3586521Z' while content on disk has modification time of '2025-02-26T03:15:16.5173926Z'
  ERROR: Build asset version error: assets/game/scripts/frame/player/player.cs in SourceAssetDB has modification time of '2024-12-13T08:37:42.3586521Z' while content on disk has modification time of '2025-02-26T03:15:16.5173926Z'
Number of updated asset objects reloaded before import = 0Number of asset objects unloaded after import = 0

========================================================================
Received Import Request.
  Time since last request: 0.000012 seconds.
  path: Assets/Game/Scripts/Frame/Player/Player.cs
  artifactKey: Guid(4657a819fc8eadf459113d07b3e42875) Importer(815301076,1909f56bfc062723c751e8b465ee728b)
Start importing Assets/Game/Scripts/Frame/Player/Player.cs using Guid(4657a819fc8eadf459113d07b3e42875) Importer(815301076,1909f56bfc062723c751e8b465ee728b) (PreviewImporter) -> (artifact id: '00000000000000000000000000000000') in 0.0004699 seconds
Import Error Code:(4)
Message: Build asset version error: assets/game/scripts/frame/player/player.cs in SourceAssetDB has modification time of '2024-12-13T08:37:42.3586521Z' while content on disk has modification time of '2025-02-26T03:15:16.5173926Z'
  ERROR: Build asset version error: assets/game/scripts/frame/player/player.cs in SourceAssetDB has modification time of '2024-12-13T08:37:42.3586521Z' while content on disk has modification time of '2025-02-26T03:15:16.5173926Z'
Number of updated asset objects reloaded before import = 0Number of asset objects unloaded after import = 0

========================================================================
Received Import Request.
  Time since last request: 0.002891 seconds.
  path: Assets/Game/Scripts/Frame/Player/Player.cs
  artifactKey: Guid(4657a819fc8eadf459113d07b3e42875) Importer(815301076,1909f56bfc062723c751e8b465ee728b)
Start importing Assets/Game/Scripts/Frame/Player/Player.cs using Guid(4657a819fc8eadf459113d07b3e42875) Importer(815301076,1909f56bfc062723c751e8b465ee728b) (PreviewImporter) -> (artifact id: '00000000000000000000000000000000') in 0.0007468 seconds
Import Error Code:(4)
Message: Build asset version error: assets/game/scripts/frame/player/player.cs in SourceAssetDB has modification time of '2024-12-13T08:37:42.3586521Z' while content on disk has modification time of '2025-02-26T03:15:16.5173926Z'
  ERROR: Build asset version error: assets/game/scripts/frame/player/player.cs in SourceAssetDB has modification time of '2024-12-13T08:37:42.3586521Z' while content on disk has modification time of '2025-02-26T03:15:16.5173926Z'
Number of updated asset objects reloaded before import = 0Number of asset objects unloaded after import = 0

========================================================================
Received Import Request.
  Time since last request: 0.000014 seconds.
  path: Assets/Game/Scripts/Frame/Player/Player.cs
  artifactKey: Guid(4657a819fc8eadf459113d07b3e42875) Importer(815301076,1909f56bfc062723c751e8b465ee728b)
Start importing Assets/Game/Scripts/Frame/Player/Player.cs using Guid(4657a819fc8eadf459113d07b3e42875) Importer(815301076,1909f56bfc062723c751e8b465ee728b) (PreviewImporter) -> (artifact id: '00000000000000000000000000000000') in 0.0004467 seconds
Import Error Code:(4)
Message: Build asset version error: assets/game/scripts/frame/player/player.cs in SourceAssetDB has modification time of '2024-12-13T08:37:42.3586521Z' while content on disk has modification time of '2025-02-26T03:15:16.5173926Z'
  ERROR: Build asset version error: assets/game/scripts/frame/player/player.cs in SourceAssetDB has modification time of '2024-12-13T08:37:42.3586521Z' while content on disk has modification time of '2025-02-26T03:15:16.5173926Z'
Number of updated asset objects reloaded before import = 0Number of asset objects unloaded after import = 0

========================================================================
Received Import Request.
  Time since last request: 0.000012 seconds.
  path: Assets/Game/Scripts/Frame/Player/Player.cs
  artifactKey: Guid(4657a819fc8eadf459113d07b3e42875) Importer(815301076,1909f56bfc062723c751e8b465ee728b)
Start importing Assets/Game/Scripts/Frame/Player/Player.cs using Guid(4657a819fc8eadf459113d07b3e42875) Importer(815301076,1909f56bfc062723c751e8b465ee728b) (PreviewImporter) -> (artifact id: '00000000000000000000000000000000') in 0.0005937 seconds
Import Error Code:(4)
Message: Build asset version error: assets/game/scripts/frame/player/player.cs in SourceAssetDB has modification time of '2024-12-13T08:37:42.3586521Z' while content on disk has modification time of '2025-02-26T03:15:16.5173926Z'
  ERROR: Build asset version error: assets/game/scripts/frame/player/player.cs in SourceAssetDB has modification time of '2024-12-13T08:37:42.3586521Z' while content on disk has modification time of '2025-02-26T03:15:16.5173926Z'
Number of updated asset objects reloaded before import = 0Number of asset objects unloaded after import = 0

========================================================================
Received Import Request.
  Time since last request: 0.000281 seconds.
  path: Assets/Game/Scripts/Frame/Player/Player.cs
  artifactKey: Guid(4657a819fc8eadf459113d07b3e42875) Importer(815301076,1909f56bfc062723c751e8b465ee728b)
Start importing Assets/Game/Scripts/Frame/Player/Player.cs using Guid(4657a819fc8eadf459113d07b3e42875) Importer(815301076,1909f56bfc062723c751e8b465ee728b) (PreviewImporter) -> (artifact id: '00000000000000000000000000000000') in 0.0004627 seconds
Import Error Code:(4)
Message: Build asset version error: assets/game/scripts/frame/player/player.cs in SourceAssetDB has modification time of '2024-12-13T08:37:42.3586521Z' while content on disk has modification time of '2025-02-26T03:15:16.5173926Z'
  ERROR: Build asset version error: assets/game/scripts/frame/player/player.cs in SourceAssetDB has modification time of '2024-12-13T08:37:42.3586521Z' while content on disk has modification time of '2025-02-26T03:15:16.5173926Z'
Number of updated asset objects reloaded before import = 0Number of asset objects unloaded after import = 0

========================================================================
Received Import Request.
  Time since last request: 0.000873 seconds.
  path: Assets/Game/Scripts/Frame/Player/Player.cs
  artifactKey: Guid(4657a819fc8eadf459113d07b3e42875) Importer(815301076,1909f56bfc062723c751e8b465ee728b)
Start importing Assets/Game/Scripts/Frame/Player/Player.cs using Guid(4657a819fc8eadf459113d07b3e42875) Importer(815301076,1909f56bfc062723c751e8b465ee728b) (PreviewImporter) -> (artifact id: '00000000000000000000000000000000') in 0.0006098 seconds
Import Error Code:(4)
Message: Build asset version error: assets/game/scripts/frame/player/player.cs in SourceAssetDB has modification time of '2024-12-13T08:37:42.3586521Z' while content on disk has modification time of '2025-02-26T03:15:16.5173926Z'
  ERROR: Build asset version error: assets/game/scripts/frame/player/player.cs in SourceAssetDB has modification time of '2024-12-13T08:37:42.3586521Z' while content on disk has modification time of '2025-02-26T03:15:16.5173926Z'
Number of updated asset objects reloaded before import = 0Number of asset objects unloaded after import = 0

========================================================================
Received Import Request.
  Time since last request: 0.001754 seconds.
  path: Assets/Game/Scripts/Frame/Player/Player.cs
  artifactKey: Guid(4657a819fc8eadf459113d07b3e42875) Importer(815301076,1909f56bfc062723c751e8b465ee728b)
Start importing Assets/Game/Scripts/Frame/Player/Player.cs using Guid(4657a819fc8eadf459113d07b3e42875) Importer(815301076,1909f56bfc062723c751e8b465ee728b) (PreviewImporter) -> (artifact id: '00000000000000000000000000000000') in 0.0004134 seconds
Import Error Code:(4)
Message: Build asset version error: assets/game/scripts/frame/player/player.cs in SourceAssetDB has modification time of '2024-12-13T08:37:42.3586521Z' while content on disk has modification time of '2025-02-26T03:15:16.5173926Z'
  ERROR: Build asset version error: assets/game/scripts/frame/player/player.cs in SourceAssetDB has modification time of '2024-12-13T08:37:42.3586521Z' while content on disk has modification time of '2025-02-26T03:15:16.5173926Z'
Number of updated asset objects reloaded before import = 0Number of asset objects unloaded after import = 0

========================================================================
Received Import Request.
  Time since last request: 0.002276 seconds.
  path: Assets/Game/Scripts/Frame/Player/Player.cs
  artifactKey: Guid(4657a819fc8eadf459113d07b3e42875) Importer(815301076,1909f56bfc062723c751e8b465ee728b)
Start importing Assets/Game/Scripts/Frame/Player/Player.cs using Guid(4657a819fc8eadf459113d07b3e42875) Importer(815301076,1909f56bfc062723c751e8b465ee728b) (PreviewImporter) -> (artifact id: '00000000000000000000000000000000') in 0.0004224 seconds
Import Error Code:(4)
Message: Build asset version error: assets/game/scripts/frame/player/player.cs in SourceAssetDB has modification time of '2024-12-13T08:37:42.3586521Z' while content on disk has modification time of '2025-02-26T03:15:16.5173926Z'
  ERROR: Build asset version error: assets/game/scripts/frame/player/player.cs in SourceAssetDB has modification time of '2024-12-13T08:37:42.3586521Z' while content on disk has modification time of '2025-02-26T03:15:16.5173926Z'
Number of updated asset objects reloaded before import = 0Number of asset objects unloaded after import = 0

========================================================================
Received Import Request.
  Time since last request: 0.002010 seconds.
  path: Assets/Game/Scripts/Frame/Player/Player.cs
  artifactKey: Guid(4657a819fc8eadf459113d07b3e42875) Importer(815301076,1909f56bfc062723c751e8b465ee728b)
Start importing Assets/Game/Scripts/Frame/Player/Player.cs using Guid(4657a819fc8eadf459113d07b3e42875) Importer(815301076,1909f56bfc062723c751e8b465ee728b) (PreviewImporter) -> (artifact id: '00000000000000000000000000000000') in 0.0004166 seconds
Import Error Code:(4)
Message: Build asset version error: assets/game/scripts/frame/player/player.cs in SourceAssetDB has modification time of '2024-12-13T08:37:42.3586521Z' while content on disk has modification time of '2025-02-26T03:15:16.5173926Z'
  ERROR: Build asset version error: assets/game/scripts/frame/player/player.cs in SourceAssetDB has modification time of '2024-12-13T08:37:42.3586521Z' while content on disk has modification time of '2025-02-26T03:15:16.5173926Z'
Number of updated asset objects reloaded before import = 0Number of asset objects unloaded after import = 0

========================================================================
Received Import Request.
  Time since last request: 0.002470 seconds.
  path: Assets/Game/Scripts/Frame/Player/Player.cs
  artifactKey: Guid(4657a819fc8eadf459113d07b3e42875) Importer(815301076,1909f56bfc062723c751e8b465ee728b)
Start importing Assets/Game/Scripts/Frame/Player/Player.cs using Guid(4657a819fc8eadf459113d07b3e42875) Importer(815301076,1909f56bfc062723c751e8b465ee728b) (PreviewImporter) -> (artifact id: '00000000000000000000000000000000') in 0.0004571 seconds
Import Error Code:(4)
Message: Build asset version error: assets/game/scripts/frame/player/player.cs in SourceAssetDB has modification time of '2024-12-13T08:37:42.3586521Z' while content on disk has modification time of '2025-02-26T03:15:16.5173926Z'
  ERROR: Build asset version error: assets/game/scripts/frame/player/player.cs in SourceAssetDB has modification time of '2024-12-13T08:37:42.3586521Z' while content on disk has modification time of '2025-02-26T03:15:16.5173926Z'
Number of updated asset objects reloaded before import = 0Number of asset objects unloaded after import = 0

========================================================================
Received Import Request.
  Time since last request: 0.001555 seconds.
  path: Assets/Game/Scripts/Frame/Player/Player.cs
  artifactKey: Guid(4657a819fc8eadf459113d07b3e42875) Importer(815301076,1909f56bfc062723c751e8b465ee728b)
Start importing Assets/Game/Scripts/Frame/Player/Player.cs using Guid(4657a819fc8eadf459113d07b3e42875) Importer(815301076,1909f56bfc062723c751e8b465ee728b) (PreviewImporter) -> (artifact id: '00000000000000000000000000000000') in 0.0004118 seconds
Import Error Code:(4)
Message: Build asset version error: assets/game/scripts/frame/player/player.cs in SourceAssetDB has modification time of '2024-12-13T08:37:42.3586521Z' while content on disk has modification time of '2025-02-26T03:15:16.5173926Z'
  ERROR: Build asset version error: assets/game/scripts/frame/player/player.cs in SourceAssetDB has modification time of '2024-12-13T08:37:42.3586521Z' while content on disk has modification time of '2025-02-26T03:15:16.5173926Z'
Number of updated asset objects reloaded before import = 0Number of asset objects unloaded after import = 0

========================================================================
Received Import Request.
  Time since last request: 0.002414 seconds.
  path: Assets/Game/Scripts/Frame/Player/Player.cs
  artifactKey: Guid(4657a819fc8eadf459113d07b3e42875) Importer(815301076,1909f56bfc062723c751e8b465ee728b)
Start importing Assets/Game/Scripts/Frame/Player/Player.cs using Guid(4657a819fc8eadf459113d07b3e42875) Importer(815301076,1909f56bfc062723c751e8b465ee728b) (PreviewImporter) -> (artifact id: '00000000000000000000000000000000') in 0.0004929 seconds
Import Error Code:(4)
Message: Build asset version error: assets/game/scripts/frame/player/player.cs in SourceAssetDB has modification time of '2024-12-13T08:37:42.3586521Z' while content on disk has modification time of '2025-02-26T03:15:16.5173926Z'
  ERROR: Build asset version error: assets/game/scripts/frame/player/player.cs in SourceAssetDB has modification time of '2024-12-13T08:37:42.3586521Z' while content on disk has modification time of '2025-02-26T03:15:16.5173926Z'
Number of updated asset objects reloaded before import = 0Number of asset objects unloaded after import = 0

========================================================================
Received Import Request.
  Time since last request: 0.002184 seconds.
  path: Assets/Game/Scripts/Frame/Player/Player.cs
  artifactKey: Guid(4657a819fc8eadf459113d07b3e42875) Importer(815301076,1909f56bfc062723c751e8b465ee728b)
Start importing Assets/Game/Scripts/Frame/Player/Player.cs using Guid(4657a819fc8eadf459113d07b3e42875) Importer(815301076,1909f56bfc062723c751e8b465ee728b) (PreviewImporter) -> (artifact id: '00000000000000000000000000000000') in 0.0003857 seconds
Import Error Code:(4)
Message: Build asset version error: assets/game/scripts/frame/player/player.cs in SourceAssetDB has modification time of '2024-12-13T08:37:42.3586521Z' while content on disk has modification time of '2025-02-26T03:15:16.5173926Z'
  ERROR: Build asset version error: assets/game/scripts/frame/player/player.cs in SourceAssetDB has modification time of '2024-12-13T08:37:42.3586521Z' while content on disk has modification time of '2025-02-26T03:15:16.5173926Z'
Number of updated asset objects reloaded before import = 0Number of asset objects unloaded after import = 0

========================================================================
Received Import Request.
  Time since last request: 0.001888 seconds.
  path: Assets/Game/Scripts/Frame/Player/Player.cs
  artifactKey: Guid(4657a819fc8eadf459113d07b3e42875) Importer(815301076,1909f56bfc062723c751e8b465ee728b)
Start importing Assets/Game/Scripts/Frame/Player/Player.cs using Guid(4657a819fc8eadf459113d07b3e42875) Importer(815301076,1909f56bfc062723c751e8b465ee728b) (PreviewImporter) -> (artifact id: '00000000000000000000000000000000') in 0.0003695 seconds
Import Error Code:(4)
Message: Build asset version error: assets/game/scripts/frame/player/player.cs in SourceAssetDB has modification time of '2024-12-13T08:37:42.3586521Z' while content on disk has modification time of '2025-02-26T03:15:16.5173926Z'
  ERROR: Build asset version error: assets/game/scripts/frame/player/player.cs in SourceAssetDB has modification time of '2024-12-13T08:37:42.3586521Z' while content on disk has modification time of '2025-02-26T03:15:16.5173926Z'
Number of updated asset objects reloaded before import = 0Number of asset objects unloaded after import = 0

========================================================================
Received Import Request.
  Time since last request: 0.000925 seconds.
  path: Assets/Game/Scripts/Frame/Player/Player.cs
  artifactKey: Guid(4657a819fc8eadf459113d07b3e42875) Importer(815301076,1909f56bfc062723c751e8b465ee728b)
Start importing Assets/Game/Scripts/Frame/Player/Player.cs using Guid(4657a819fc8eadf459113d07b3e42875) Importer(815301076,1909f56bfc062723c751e8b465ee728b) (PreviewImporter) -> (artifact id: '00000000000000000000000000000000') in 0.0003722 seconds
Import Error Code:(4)
Message: Build asset version error: assets/game/scripts/frame/player/player.cs in SourceAssetDB has modification time of '2024-12-13T08:37:42.3586521Z' while content on disk has modification time of '2025-02-26T03:15:16.5173926Z'
  ERROR: Build asset version error: assets/game/scripts/frame/player/player.cs in SourceAssetDB has modification time of '2024-12-13T08:37:42.3586521Z' while content on disk has modification time of '2025-02-26T03:15:16.5173926Z'
Number of updated asset objects reloaded before import = 0Number of asset objects unloaded after import = 0

========================================================================
Received Import Request.
  Time since last request: 0.001358 seconds.
  path: Assets/Game/Scripts/Frame/Player/Player.cs
  artifactKey: Guid(4657a819fc8eadf459113d07b3e42875) Importer(815301076,1909f56bfc062723c751e8b465ee728b)
Start importing Assets/Game/Scripts/Frame/Player/Player.cs using Guid(4657a819fc8eadf459113d07b3e42875) Importer(815301076,1909f56bfc062723c751e8b465ee728b) (PreviewImporter) -> (artifact id: '00000000000000000000000000000000') in 0.0005734 seconds
Import Error Code:(4)
Message: Build asset version error: assets/game/scripts/frame/player/player.cs in SourceAssetDB has modification time of '2024-12-13T08:37:42.3586521Z' while content on disk has modification time of '2025-02-26T03:15:16.5173926Z'
  ERROR: Build asset version error: assets/game/scripts/frame/player/player.cs in SourceAssetDB has modification time of '2024-12-13T08:37:42.3586521Z' while content on disk has modification time of '2025-02-26T03:15:16.5173926Z'
Number of updated asset objects reloaded before import = 0Number of asset objects unloaded after import = 0

========================================================================
Received Import Request.
  Time since last request: 0.001247 seconds.
  path: Assets/Game/Scripts/Frame/Player/Player.cs
  artifactKey: Guid(4657a819fc8eadf459113d07b3e42875) Importer(815301076,1909f56bfc062723c751e8b465ee728b)
Start importing Assets/Game/Scripts/Frame/Player/Player.cs using Guid(4657a819fc8eadf459113d07b3e42875) Importer(815301076,1909f56bfc062723c751e8b465ee728b) (PreviewImporter) -> (artifact id: '00000000000000000000000000000000') in 0.0003891 seconds
Import Error Code:(4)
Message: Build asset version error: assets/game/scripts/frame/player/player.cs in SourceAssetDB has modification time of '2024-12-13T08:37:42.3586521Z' while content on disk has modification time of '2025-02-26T03:15:16.5173926Z'
  ERROR: Build asset version error: assets/game/scripts/frame/player/player.cs in SourceAssetDB has modification time of '2024-12-13T08:37:42.3586521Z' while content on disk has modification time of '2025-02-26T03:15:16.5173926Z'
Number of updated asset objects reloaded before import = 0Number of asset objects unloaded after import = 0

========================================================================
Received Import Request.
  Time since last request: 0.001680 seconds.
  path: Assets/Game/Scripts/Frame/Player/Player.cs
  artifactKey: Guid(4657a819fc8eadf459113d07b3e42875) Importer(815301076,1909f56bfc062723c751e8b465ee728b)
Start importing Assets/Game/Scripts/Frame/Player/Player.cs using Guid(4657a819fc8eadf459113d07b3e42875) Importer(815301076,1909f56bfc062723c751e8b465ee728b) (PreviewImporter) -> (artifact id: '00000000000000000000000000000000') in 0.0005037 seconds
Import Error Code:(4)
Message: Build asset version error: assets/game/scripts/frame/player/player.cs in SourceAssetDB has modification time of '2024-12-13T08:37:42.3586521Z' while content on disk has modification time of '2025-02-26T03:15:16.5173926Z'
  ERROR: Build asset version error: assets/game/scripts/frame/player/player.cs in SourceAssetDB has modification time of '2024-12-13T08:37:42.3586521Z' while content on disk has modification time of '2025-02-26T03:15:16.5173926Z'
Number of updated asset objects reloaded before import = 0Number of asset objects unloaded after import = 0

========================================================================
Received Import Request.
  Time since last request: 0.001833 seconds.
  path: Assets/Game/Scripts/Frame/Player/Player.cs
  artifactKey: Guid(4657a819fc8eadf459113d07b3e42875) Importer(815301076,1909f56bfc062723c751e8b465ee728b)
Start importing Assets/Game/Scripts/Frame/Player/Player.cs using Guid(4657a819fc8eadf459113d07b3e42875) Importer(815301076,1909f56bfc062723c751e8b465ee728b) (PreviewImporter) -> (artifact id: '00000000000000000000000000000000') in 0.0004413 seconds
Import Error Code:(4)
Message: Build asset version error: assets/game/scripts/frame/player/player.cs in SourceAssetDB has modification time of '2024-12-13T08:37:42.3586521Z' while content on disk has modification time of '2025-02-26T03:15:16.5173926Z'
  ERROR: Build asset version error: assets/game/scripts/frame/player/player.cs in SourceAssetDB has modification time of '2024-12-13T08:37:42.3586521Z' while content on disk has modification time of '2025-02-26T03:15:16.5173926Z'
Number of updated asset objects reloaded before import = 0Number of asset objects unloaded after import = 0

========================================================================
Received Import Request.
  Time since last request: 0.000594 seconds.
  path: Assets/Game/Scripts/Frame/Player/Player.cs
  artifactKey: Guid(4657a819fc8eadf459113d07b3e42875) Importer(815301076,1909f56bfc062723c751e8b465ee728b)
Start importing Assets/Game/Scripts/Frame/Player/Player.cs using Guid(4657a819fc8eadf459113d07b3e42875) Importer(815301076,1909f56bfc062723c751e8b465ee728b) (PreviewImporter) -> (artifact id: '00000000000000000000000000000000') in 0.0004146 seconds
Import Error Code:(4)
Message: Build asset version error: assets/game/scripts/frame/player/player.cs in SourceAssetDB has modification time of '2024-12-13T08:37:42.3586521Z' while content on disk has modification time of '2025-02-26T03:15:16.5173926Z'
  ERROR: Build asset version error: assets/game/scripts/frame/player/player.cs in SourceAssetDB has modification time of '2024-12-13T08:37:42.3586521Z' while content on disk has modification time of '2025-02-26T03:15:16.5173926Z'
Number of updated asset objects reloaded before import = 0Number of asset objects unloaded after import = 0

========================================================================
Received Import Request.
  Time since last request: 0.001575 seconds.
  path: Assets/Game/Scripts/Frame/Player/Player.cs
  artifactKey: Guid(4657a819fc8eadf459113d07b3e42875) Importer(815301076,1909f56bfc062723c751e8b465ee728b)
Start importing Assets/Game/Scripts/Frame/Player/Player.cs using Guid(4657a819fc8eadf459113d07b3e42875) Importer(815301076,1909f56bfc062723c751e8b465ee728b) (PreviewImporter) -> (artifact id: '00000000000000000000000000000000') in 0.000373 seconds
Import Error Code:(4)
Message: Build asset version error: assets/game/scripts/frame/player/player.cs in SourceAssetDB has modification time of '2024-12-13T08:37:42.3586521Z' while content on disk has modification time of '2025-02-26T03:15:16.5173926Z'
  ERROR: Build asset version error: assets/game/scripts/frame/player/player.cs in SourceAssetDB has modification time of '2024-12-13T08:37:42.3586521Z' while content on disk has modification time of '2025-02-26T03:15:16.5173926Z'
Number of updated asset objects reloaded before import = 0Number of asset objects unloaded after import = 0

========================================================================
Received Import Request.
  Time since last request: 0.001118 seconds.
  path: Assets/Game/Scripts/Frame/Player/Player.cs
  artifactKey: Guid(4657a819fc8eadf459113d07b3e42875) Importer(815301076,1909f56bfc062723c751e8b465ee728b)
Start importing Assets/Game/Scripts/Frame/Player/Player.cs using Guid(4657a819fc8eadf459113d07b3e42875) Importer(815301076,1909f56bfc062723c751e8b465ee728b) (PreviewImporter) -> (artifact id: '00000000000000000000000000000000') in 0.0004439 seconds
Import Error Code:(4)
Message: Build asset version error: assets/game/scripts/frame/player/player.cs in SourceAssetDB has modification time of '2024-12-13T08:37:42.3586521Z' while content on disk has modification time of '2025-02-26T03:15:16.5173926Z'
  ERROR: Build asset version error: assets/game/scripts/frame/player/player.cs in SourceAssetDB has modification time of '2024-12-13T08:37:42.3586521Z' while content on disk has modification time of '2025-02-26T03:15:16.5173926Z'
Number of updated asset objects reloaded before import = 0Number of asset objects unloaded after import = 0

========================================================================
Received Import Request.
  Time since last request: 0.001094 seconds.
  path: Assets/Game/Scripts/Frame/Player/Player.cs
  artifactKey: Guid(4657a819fc8eadf459113d07b3e42875) Importer(815301076,1909f56bfc062723c751e8b465ee728b)
Start importing Assets/Game/Scripts/Frame/Player/Player.cs using Guid(4657a819fc8eadf459113d07b3e42875) Importer(815301076,1909f56bfc062723c751e8b465ee728b) (PreviewImporter) -> (artifact id: '00000000000000000000000000000000') in 0.0004592 seconds
Import Error Code:(4)
Message: Build asset version error: assets/game/scripts/frame/player/player.cs in SourceAssetDB has modification time of '2024-12-13T08:37:42.3586521Z' while content on disk has modification time of '2025-02-26T03:15:16.5173926Z'
  ERROR: Build asset version error: assets/game/scripts/frame/player/player.cs in SourceAssetDB has modification time of '2024-12-13T08:37:42.3586521Z' while content on disk has modification time of '2025-02-26T03:15:16.5173926Z'
Number of updated asset objects reloaded before import = 0Number of asset objects unloaded after import = 0

========================================================================
Received Import Request.
  Time since last request: 0.000887 seconds.
  path: Assets/Game/Scripts/Frame/Player/Player.cs
  artifactKey: Guid(4657a819fc8eadf459113d07b3e42875) Importer(815301076,1909f56bfc062723c751e8b465ee728b)
Start importing Assets/Game/Scripts/Frame/Player/Player.cs using Guid(4657a819fc8eadf459113d07b3e42875) Importer(815301076,1909f56bfc062723c751e8b465ee728b) (PreviewImporter) -> (artifact id: '00000000000000000000000000000000') in 0.0004306 seconds
Import Error Code:(4)
Message: Build asset version error: assets/game/scripts/frame/player/player.cs in SourceAssetDB has modification time of '2024-12-13T08:37:42.3586521Z' while content on disk has modification time of '2025-02-26T03:15:16.5173926Z'
  ERROR: Build asset version error: assets/game/scripts/frame/player/player.cs in SourceAssetDB has modification time of '2024-12-13T08:37:42.3586521Z' while content on disk has modification time of '2025-02-26T03:15:16.5173926Z'
Number of updated asset objects reloaded before import = 0Number of asset objects unloaded after import = 0

========================================================================
Received Import Request.
  Time since last request: 0.002209 seconds.
  path: Assets/Game/Scripts/Frame/Player/Player.cs
  artifactKey: Guid(4657a819fc8eadf459113d07b3e42875) Importer(815301076,1909f56bfc062723c751e8b465ee728b)
Start importing Assets/Game/Scripts/Frame/Player/Player.cs using Guid(4657a819fc8eadf459113d07b3e42875) Importer(815301076,1909f56bfc062723c751e8b465ee728b) (PreviewImporter) -> (artifact id: '00000000000000000000000000000000') in 0.0004142 seconds
Import Error Code:(4)
Message: Build asset version error: assets/game/scripts/frame/player/player.cs in SourceAssetDB has modification time of '2024-12-13T08:37:42.3586521Z' while content on disk has modification time of '2025-02-26T03:15:16.5173926Z'
  ERROR: Build asset version error: assets/game/scripts/frame/player/player.cs in SourceAssetDB has modification time of '2024-12-13T08:37:42.3586521Z' while content on disk has modification time of '2025-02-26T03:15:16.5173926Z'
Number of updated asset objects reloaded before import = 0Number of asset objects unloaded after import = 0

========================================================================
Received Import Request.
  Time since last request: 0.001637 seconds.
  path: Assets/Game/Scripts/Frame/Player/Player.cs
  artifactKey: Guid(4657a819fc8eadf459113d07b3e42875) Importer(815301076,1909f56bfc062723c751e8b465ee728b)
Start importing Assets/Game/Scripts/Frame/Player/Player.cs using Guid(4657a819fc8eadf459113d07b3e42875) Importer(815301076,1909f56bfc062723c751e8b465ee728b) (PreviewImporter) -> (artifact id: '00000000000000000000000000000000') in 0.0003982 seconds
Import Error Code:(4)
Message: Build asset version error: assets/game/scripts/frame/player/player.cs in SourceAssetDB has modification time of '2024-12-13T08:37:42.3586521Z' while content on disk has modification time of '2025-02-26T03:15:16.5173926Z'
  ERROR: Build asset version error: assets/game/scripts/frame/player/player.cs in SourceAssetDB has modification time of '2024-12-13T08:37:42.3586521Z' while content on disk has modification time of '2025-02-26T03:15:16.5173926Z'
Number of updated asset objects reloaded before import = 0Number of asset objects unloaded after import = 0

========================================================================
Received Import Request.
  Time since last request: 0.001445 seconds.
  path: Assets/Game/Scripts/Frame/Player/Player.cs
  artifactKey: Guid(4657a819fc8eadf459113d07b3e42875) Importer(815301076,1909f56bfc062723c751e8b465ee728b)
Start importing Assets/Game/Scripts/Frame/Player/Player.cs using Guid(4657a819fc8eadf459113d07b3e42875) Importer(815301076,1909f56bfc062723c751e8b465ee728b) (PreviewImporter) -> (artifact id: '00000000000000000000000000000000') in 0.0004121 seconds
Import Error Code:(4)
Message: Build asset version error: assets/game/scripts/frame/player/player.cs in SourceAssetDB has modification time of '2024-12-13T08:37:42.3586521Z' while content on disk has modification time of '2025-02-26T03:15:16.5173926Z'
  ERROR: Build asset version error: assets/game/scripts/frame/player/player.cs in SourceAssetDB has modification time of '2024-12-13T08:37:42.3586521Z' while content on disk has modification time of '2025-02-26T03:15:16.5173926Z'
Number of updated asset objects reloaded before import = 0Number of asset objects unloaded after import = 0

========================================================================
Received Import Request.
  Time since last request: 0.001257 seconds.
  path: Assets/Game/Scripts/Frame/Player/Player.cs
  artifactKey: Guid(4657a819fc8eadf459113d07b3e42875) Importer(815301076,1909f56bfc062723c751e8b465ee728b)
Start importing Assets/Game/Scripts/Frame/Player/Player.cs using Guid(4657a819fc8eadf459113d07b3e42875) Importer(815301076,1909f56bfc062723c751e8b465ee728b) (PreviewImporter) -> (artifact id: '00000000000000000000000000000000') in 0.0004336 seconds
Import Error Code:(4)
Message: Build asset version error: assets/game/scripts/frame/player/player.cs in SourceAssetDB has modification time of '2024-12-13T08:37:42.3586521Z' while content on disk has modification time of '2025-02-26T03:15:16.5173926Z'
  ERROR: Build asset version error: assets/game/scripts/frame/player/player.cs in SourceAssetDB has modification time of '2024-12-13T08:37:42.3586521Z' while content on disk has modification time of '2025-02-26T03:15:16.5173926Z'
Number of updated asset objects reloaded before import = 0Number of asset objects unloaded after import = 0

========================================================================
Received Import Request.
  Time since last request: 0.001888 seconds.
  path: Assets/Game/Scripts/Frame/Player/Player.cs
  artifactKey: Guid(4657a819fc8eadf459113d07b3e42875) Importer(815301076,1909f56bfc062723c751e8b465ee728b)
Start importing Assets/Game/Scripts/Frame/Player/Player.cs using Guid(4657a819fc8eadf459113d07b3e42875) Importer(815301076,1909f56bfc062723c751e8b465ee728b) (PreviewImporter) -> (artifact id: '00000000000000000000000000000000') in 0.0004228 seconds
Import Error Code:(4)
Message: Build asset version error: assets/game/scripts/frame/player/player.cs in SourceAssetDB has modification time of '2024-12-13T08:37:42.3586521Z' while content on disk has modification time of '2025-02-26T03:15:16.5173926Z'
  ERROR: Build asset version error: assets/game/scripts/frame/player/player.cs in SourceAssetDB has modification time of '2024-12-13T08:37:42.3586521Z' while content on disk has modification time of '2025-02-26T03:15:16.5173926Z'
Number of updated asset objects reloaded before import = 0Number of asset objects unloaded after import = 0

========================================================================
Received Import Request.
  Time since last request: 0.001426 seconds.
  path: Assets/Game/Scripts/Frame/Player/Player.cs
  artifactKey: Guid(4657a819fc8eadf459113d07b3e42875) Importer(815301076,1909f56bfc062723c751e8b465ee728b)
Start importing Assets/Game/Scripts/Frame/Player/Player.cs using Guid(4657a819fc8eadf459113d07b3e42875) Importer(815301076,1909f56bfc062723c751e8b465ee728b) (PreviewImporter) -> (artifact id: '00000000000000000000000000000000') in 0.0004795 seconds
Import Error Code:(4)
Message: Build asset version error: assets/game/scripts/frame/player/player.cs in SourceAssetDB has modification time of '2024-12-13T08:37:42.3586521Z' while content on disk has modification time of '2025-02-26T03:15:16.5173926Z'
  ERROR: Build asset version error: assets/game/scripts/frame/player/player.cs in SourceAssetDB has modification time of '2024-12-13T08:37:42.3586521Z' while content on disk has modification time of '2025-02-26T03:15:16.5173926Z'
Number of updated asset objects reloaded before import = 0Number of asset objects unloaded after import = 0

========================================================================
Received Import Request.
  Time since last request: 0.001527 seconds.
  path: Assets/Game/Scripts/Frame/Player/Player.cs
  artifactKey: Guid(4657a819fc8eadf459113d07b3e42875) Importer(815301076,1909f56bfc062723c751e8b465ee728b)
Start importing Assets/Game/Scripts/Frame/Player/Player.cs using Guid(4657a819fc8eadf459113d07b3e42875) Importer(815301076,1909f56bfc062723c751e8b465ee728b) (PreviewImporter) -> (artifact id: '00000000000000000000000000000000') in 0.0004282 seconds
Import Error Code:(4)
Message: Build asset version error: assets/game/scripts/frame/player/player.cs in SourceAssetDB has modification time of '2024-12-13T08:37:42.3586521Z' while content on disk has modification time of '2025-02-26T03:15:16.5173926Z'
  ERROR: Build asset version error: assets/game/scripts/frame/player/player.cs in SourceAssetDB has modification time of '2024-12-13T08:37:42.3586521Z' while content on disk has modification time of '2025-02-26T03:15:16.5173926Z'
Number of updated asset objects reloaded before import = 0Number of asset objects unloaded after import = 0

========================================================================
Received Import Request.
  Time since last request: 0.001447 seconds.
  path: Assets/Game/Scripts/Frame/Player/Player.cs
  artifactKey: Guid(4657a819fc8eadf459113d07b3e42875) Importer(815301076,1909f56bfc062723c751e8b465ee728b)
Start importing Assets/Game/Scripts/Frame/Player/Player.cs using Guid(4657a819fc8eadf459113d07b3e42875) Importer(815301076,1909f56bfc062723c751e8b465ee728b) (PreviewImporter) -> (artifact id: '00000000000000000000000000000000') in 0.0004522 seconds
Import Error Code:(4)
Message: Build asset version error: assets/game/scripts/frame/player/player.cs in SourceAssetDB has modification time of '2024-12-13T08:37:42.3586521Z' while content on disk has modification time of '2025-02-26T03:15:16.5173926Z'
  ERROR: Build asset version error: assets/game/scripts/frame/player/player.cs in SourceAssetDB has modification time of '2024-12-13T08:37:42.3586521Z' while content on disk has modification time of '2025-02-26T03:15:16.5173926Z'
Number of updated asset objects reloaded before import = 0Number of asset objects unloaded after import = 0

========================================================================
Received Import Request.
  Time since last request: 0.001752 seconds.
  path: Assets/Game/Scripts/Frame/Player/Player.cs
  artifactKey: Guid(4657a819fc8eadf459113d07b3e42875) Importer(815301076,1909f56bfc062723c751e8b465ee728b)
Start importing Assets/Game/Scripts/Frame/Player/Player.cs using Guid(4657a819fc8eadf459113d07b3e42875) Importer(815301076,1909f56bfc062723c751e8b465ee728b) (PreviewImporter) -> (artifact id: '00000000000000000000000000000000') in 0.0006749 seconds
Import Error Code:(4)
Message: Build asset version error: assets/game/scripts/frame/player/player.cs in SourceAssetDB has modification time of '2024-12-13T08:37:42.3586521Z' while content on disk has modification time of '2025-02-26T03:15:16.5173926Z'
  ERROR: Build asset version error: assets/game/scripts/frame/player/player.cs in SourceAssetDB has modification time of '2024-12-13T08:37:42.3586521Z' while content on disk has modification time of '2025-02-26T03:15:16.5173926Z'
Number of updated asset objects reloaded before import = 0Number of asset objects unloaded after import = 0

========================================================================
Received Import Request.
  Time since last request: 0.000786 seconds.
  path: Assets/Game/Scripts/Frame/Player/Player.cs
  artifactKey: Guid(4657a819fc8eadf459113d07b3e42875) Importer(815301076,1909f56bfc062723c751e8b465ee728b)
Start importing Assets/Game/Scripts/Frame/Player/Player.cs using Guid(4657a819fc8eadf459113d07b3e42875) Importer(815301076,1909f56bfc062723c751e8b465ee728b) (PreviewImporter) -> (artifact id: '00000000000000000000000000000000') in 0.0004936 seconds
Import Error Code:(4)
Message: Build asset version error: assets/game/scripts/frame/player/player.cs in SourceAssetDB has modification time of '2024-12-13T08:37:42.3586521Z' while content on disk has modification time of '2025-02-26T03:15:16.5173926Z'
  ERROR: Build asset version error: assets/game/scripts/frame/player/player.cs in SourceAssetDB has modification time of '2024-12-13T08:37:42.3586521Z' while content on disk has modification time of '2025-02-26T03:15:16.5173926Z'
Number of updated asset objects reloaded before import = 0Number of asset objects unloaded after import = 0

========================================================================
Received Import Request.
  Time since last request: 0.003073 seconds.
  path: Assets/Game/Scripts/Frame/Player/Player.cs
  artifactKey: Guid(4657a819fc8eadf459113d07b3e42875) Importer(815301076,1909f56bfc062723c751e8b465ee728b)
Start importing Assets/Game/Scripts/Frame/Player/Player.cs using Guid(4657a819fc8eadf459113d07b3e42875) Importer(815301076,1909f56bfc062723c751e8b465ee728b) (PreviewImporter) -> (artifact id: '00000000000000000000000000000000') in 0.0005334 seconds
Import Error Code:(4)
Message: Build asset version error: assets/game/scripts/frame/player/player.cs in SourceAssetDB has modification time of '2024-12-13T08:37:42.3586521Z' while content on disk has modification time of '2025-02-26T03:15:16.5173926Z'
  ERROR: Build asset version error: assets/game/scripts/frame/player/player.cs in SourceAssetDB has modification time of '2024-12-13T08:37:42.3586521Z' while content on disk has modification time of '2025-02-26T03:15:16.5173926Z'
Number of updated asset objects reloaded before import = 0Number of asset objects unloaded after import = 0

========================================================================
Received Import Request.
  Time since last request: 0.002979 seconds.
  path: Assets/Game/Scripts/Frame/Player/Player.cs
  artifactKey: Guid(4657a819fc8eadf459113d07b3e42875) Importer(815301076,1909f56bfc062723c751e8b465ee728b)
Start importing Assets/Game/Scripts/Frame/Player/Player.cs using Guid(4657a819fc8eadf459113d07b3e42875) Importer(815301076,1909f56bfc062723c751e8b465ee728b) (PreviewImporter) -> (artifact id: '00000000000000000000000000000000') in 0.0005095 seconds
Import Error Code:(4)
Message: Build asset version error: assets/game/scripts/frame/player/player.cs in SourceAssetDB has modification time of '2024-12-13T08:37:42.3586521Z' while content on disk has modification time of '2025-02-26T03:15:16.5173926Z'
  ERROR: Build asset version error: assets/game/scripts/frame/player/player.cs in SourceAssetDB has modification time of '2024-12-13T08:37:42.3586521Z' while content on disk has modification time of '2025-02-26T03:15:16.5173926Z'
Number of updated asset objects reloaded before import = 0Number of asset objects unloaded after import = 0

========================================================================
Received Import Request.
  Time since last request: 0.002319 seconds.
  path: Assets/Game/Scripts/Frame/Player/Player.cs
  artifactKey: Guid(4657a819fc8eadf459113d07b3e42875) Importer(815301076,1909f56bfc062723c751e8b465ee728b)
Start importing Assets/Game/Scripts/Frame/Player/Player.cs using Guid(4657a819fc8eadf459113d07b3e42875) Importer(815301076,1909f56bfc062723c751e8b465ee728b) (PreviewImporter) -> (artifact id: '00000000000000000000000000000000') in 0.0004698 seconds
Import Error Code:(4)
Message: Build asset version error: assets/game/scripts/frame/player/player.cs in SourceAssetDB has modification time of '2024-12-13T08:37:42.3586521Z' while content on disk has modification time of '2025-02-26T03:15:16.5173926Z'
  ERROR: Build asset version error: assets/game/scripts/frame/player/player.cs in SourceAssetDB has modification time of '2024-12-13T08:37:42.3586521Z' while content on disk has modification time of '2025-02-26T03:15:16.5173926Z'
Number of updated asset objects reloaded before import = 0Number of asset objects unloaded after import = 0

========================================================================
Received Import Request.
  Time since last request: 0.000853 seconds.
  path: Assets/Game/Scripts/Frame/Player/Player.cs
  artifactKey: Guid(4657a819fc8eadf459113d07b3e42875) Importer(815301076,1909f56bfc062723c751e8b465ee728b)
Start importing Assets/Game/Scripts/Frame/Player/Player.cs using Guid(4657a819fc8eadf459113d07b3e42875) Importer(815301076,1909f56bfc062723c751e8b465ee728b) (PreviewImporter) -> (artifact id: '00000000000000000000000000000000') in 0.0008895 seconds
Import Error Code:(4)
Message: Build asset version error: assets/game/scripts/frame/player/player.cs in SourceAssetDB has modification time of '2024-12-13T08:37:42.3586521Z' while content on disk has modification time of '2025-02-26T03:15:16.5173926Z'
  ERROR: Build asset version error: assets/game/scripts/frame/player/player.cs in SourceAssetDB has modification time of '2024-12-13T08:37:42.3586521Z' while content on disk has modification time of '2025-02-26T03:15:16.5173926Z'
Number of updated asset objects reloaded before import = 0Number of asset objects unloaded after import = 0

========================================================================
Received Import Request.
  Time since last request: 0.001450 seconds.
  path: Assets/Game/Scripts/Frame/Player/Player.cs
  artifactKey: Guid(4657a819fc8eadf459113d07b3e42875) Importer(815301076,1909f56bfc062723c751e8b465ee728b)
Start importing Assets/Game/Scripts/Frame/Player/Player.cs using Guid(4657a819fc8eadf459113d07b3e42875) Importer(815301076,1909f56bfc062723c751e8b465ee728b) (PreviewImporter) -> (artifact id: '00000000000000000000000000000000') in 0.0006131 seconds
Import Error Code:(4)
Message: Build asset version error: assets/game/scripts/frame/player/player.cs in SourceAssetDB has modification time of '2024-12-13T08:37:42.3586521Z' while content on disk has modification time of '2025-02-26T03:15:16.5173926Z'
  ERROR: Build asset version error: assets/game/scripts/frame/player/player.cs in SourceAssetDB has modification time of '2024-12-13T08:37:42.3586521Z' while content on disk has modification time of '2025-02-26T03:15:16.5173926Z'
Number of updated asset objects reloaded before import = 0Number of asset objects unloaded after import = 0

========================================================================
Received Import Request.
  Time since last request: 0.002087 seconds.
  path: Assets/Game/Scripts/Frame/Player/Player.cs
  artifactKey: Guid(4657a819fc8eadf459113d07b3e42875) Importer(815301076,1909f56bfc062723c751e8b465ee728b)
Start importing Assets/Game/Scripts/Frame/Player/Player.cs using Guid(4657a819fc8eadf459113d07b3e42875) Importer(815301076,1909f56bfc062723c751e8b465ee728b) (PreviewImporter) -> (artifact id: '00000000000000000000000000000000') in 0.0004313 seconds
Import Error Code:(4)
Message: Build asset version error: assets/game/scripts/frame/player/player.cs in SourceAssetDB has modification time of '2024-12-13T08:37:42.3586521Z' while content on disk has modification time of '2025-02-26T03:15:16.5173926Z'
  ERROR: Build asset version error: assets/game/scripts/frame/player/player.cs in SourceAssetDB has modification time of '2024-12-13T08:37:42.3586521Z' while content on disk has modification time of '2025-02-26T03:15:16.5173926Z'
Number of updated asset objects reloaded before import = 0Number of asset objects unloaded after import = 0

========================================================================
Received Prepare
Refreshing native plugins compatible for Editor in 0.74 ms, found 4 plugins.
Preloading 0 native plugins for Editor in 0.00 ms.
Unloading 25 Unused Serialized files (Serialized files now loaded: 0)
Unloading 7259 unused Assets / (6.7 MB). Loaded Objects now: 8040.
Memory consumption went from 181.9 MB to 175.2 MB.
Total: 23.915400 ms (FindLiveObjects: 0.996400 ms CreateObjectMapping: 0.863600 ms MarkObjects: 19.151500 ms  DeleteObjects: 2.902700 ms)

Prepare: number of updated asset objects reloaded= 0
========================================================================
Received Prepare
Refreshing native plugins compatible for Editor in 0.66 ms, found 4 plugins.
Preloading 0 native plugins for Editor in 0.00 ms.
Unloading 25 Unused Serialized files (Serialized files now loaded: 0)
Unloading 7260 unused Assets / (6.6 MB). Loaded Objects now: 8041.
Memory consumption went from 182.1 MB to 175.5 MB.
Total: 16.771700 ms (FindLiveObjects: 0.678800 ms CreateObjectMapping: 0.515200 ms MarkObjects: 13.119500 ms  DeleteObjects: 2.457600 ms)

Prepare: number of updated asset objects reloaded= 0
========================================================================
Received Import Request.
  Time since last request: 8.716900 seconds.
  path: Assets/Game/Scripts/Frame/Player/Player.cs
  artifactKey: Guid(4657a819fc8eadf459113d07b3e42875) Importer(815301076,1909f56bfc062723c751e8b465ee728b)
Start importing Assets/Game/Scripts/Frame/Player/Player.cs using Guid(4657a819fc8eadf459113d07b3e42875) Importer(815301076,1909f56bfc062723c751e8b465ee728b) (PreviewImporter) -> (artifact id: '4576b5a8741baf282a9df07a43dc8c95') in 0.0004713 seconds
Number of updated asset objects reloaded before import = 0Number of asset objects unloaded after import = 0

========================================================================
Received Prepare
Refreshing native plugins compatible for Editor in 0.90 ms, found 4 plugins.
Preloading 0 native plugins for Editor in 0.00 ms.
Unloading 25 Unused Serialized files (Serialized files now loaded: 0)
Unloading 7260 unused Assets / (6.8 MB). Loaded Objects now: 8041.
Memory consumption went from 182.3 MB to 175.4 MB.
Total: 23.704500 ms (FindLiveObjects: 0.732800 ms CreateObjectMapping: 0.810900 ms MarkObjects: 18.521400 ms  DeleteObjects: 3.637000 ms)

Prepare: number of updated asset objects reloaded= 0
========================================================================
Received Prepare
Refreshing native plugins compatible for Editor in 0.62 ms, found 4 plugins.
Preloading 0 native plugins for Editor in 0.00 ms.
Unloading 25 Unused Serialized files (Serialized files now loaded: 0)
Unloading 7260 unused Assets / (6.7 MB). Loaded Objects now: 8041.
Memory consumption went from 182.4 MB to 175.8 MB.
Total: 19.272900 ms (FindLiveObjects: 0.566100 ms CreateObjectMapping: 0.511600 ms MarkObjects: 15.807300 ms  DeleteObjects: 2.386300 ms)

Prepare: number of updated asset objects reloaded= 0
========================================================================
Received Prepare
Refreshing native plugins compatible for Editor in 0.81 ms, found 4 plugins.
Preloading 0 native plugins for Editor in 0.00 ms.
Unloading 25 Unused Serialized files (Serialized files now loaded: 0)
Unloading 7260 unused Assets / (6.5 MB). Loaded Objects now: 8041.
Memory consumption went from 182.6 MB to 176.0 MB.
Total: 21.128600 ms (FindLiveObjects: 0.679900 ms CreateObjectMapping: 0.551100 ms MarkObjects: 17.036500 ms  DeleteObjects: 2.859400 ms)

Prepare: number of updated asset objects reloaded= 0
========================================================================
Received Prepare
Refreshing native plugins compatible for Editor in 0.75 ms, found 4 plugins.
Preloading 0 native plugins for Editor in 0.00 ms.
Unloading 25 Unused Serialized files (Serialized files now loaded: 0)
Unloading 7260 unused Assets / (6.6 MB). Loaded Objects now: 8041.
Memory consumption went from 182.7 MB to 176.1 MB.
Total: 22.130600 ms (FindLiveObjects: 0.707800 ms CreateObjectMapping: 0.951100 ms MarkObjects: 18.109000 ms  DeleteObjects: 2.360400 ms)

Prepare: number of updated asset objects reloaded= 0
========================================================================
Received Prepare
Refreshing native plugins compatible for Editor in 0.88 ms, found 4 plugins.
Preloading 0 native plugins for Editor in 0.00 ms.
Unloading 25 Unused Serialized files (Serialized files now loaded: 0)
Unloading 7260 unused Assets / (6.9 MB). Loaded Objects now: 8041.
Memory consumption went from 183.1 MB to 176.3 MB.
Total: 21.629800 ms (FindLiveObjects: 0.723800 ms CreateObjectMapping: 0.572600 ms MarkObjects: 17.264400 ms  DeleteObjects: 3.067000 ms)

Prepare: number of updated asset objects reloaded= 0
========================================================================
Received Prepare
Refreshing native plugins compatible for Editor in 0.69 ms, found 4 plugins.
Preloading 0 native plugins for Editor in 0.00 ms.
Unloading 25 Unused Serialized files (Serialized files now loaded: 0)
Unloading 7261 unused Assets / (6.6 MB). Loaded Objects now: 8042.
Memory consumption went from 183.3 MB to 176.7 MB.
Total: 17.310700 ms (FindLiveObjects: 0.511600 ms CreateObjectMapping: 1.040700 ms MarkObjects: 13.417300 ms  DeleteObjects: 2.340100 ms)

Prepare: number of updated asset objects reloaded= 0
========================================================================
Received Import Request.
  Time since last request: 14820.815293 seconds.
  path: Assets/Game/Scripts/Frame/Player/ItemBase.cs
  artifactKey: Guid(e471343787d4e8a4f8d008b9b1415db7) Importer(815301076,1909f56bfc062723c751e8b465ee728b)
Start importing Assets/Game/Scripts/Frame/Player/ItemBase.cs using Guid(e471343787d4e8a4f8d008b9b1415db7) Importer(815301076,1909f56bfc062723c751e8b465ee728b) (PreviewImporter) -> (artifact id: '8f067e31a952dfc58f72d1be86b2a328') in 0.0015171 seconds
Number of updated asset objects reloaded before import = 0Number of asset objects unloaded after import = 0

========================================================================
Received Prepare
Refreshing native plugins compatible for Editor in 1.01 ms, found 4 plugins.
Preloading 0 native plugins for Editor in 0.00 ms.
Unloading 25 Unused Serialized files (Serialized files now loaded: 0)
Unloading 7261 unused Assets / (6.6 MB). Loaded Objects now: 8042.
Memory consumption went from 183.5 MB to 176.9 MB.
Total: 24.743600 ms (FindLiveObjects: 0.817400 ms CreateObjectMapping: 0.922600 ms MarkObjects: 19.161300 ms  DeleteObjects: 3.839800 ms)

Prepare: number of updated asset objects reloaded= 0
========================================================================
Received Prepare
Refreshing native plugins compatible for Editor in 0.78 ms, found 4 plugins.
Preloading 0 native plugins for Editor in 0.00 ms.
Unloading 25 Unused Serialized files (Serialized files now loaded: 0)
Unloading 7265 unused Assets / (6.3 MB). Loaded Objects now: 8046.
Memory consumption went from 183.6 MB to 177.3 MB.
Total: 19.927600 ms (FindLiveObjects: 0.623400 ms CreateObjectMapping: 0.622700 ms MarkObjects: 16.204500 ms  DeleteObjects: 2.475200 ms)

Prepare: number of updated asset objects reloaded= 0
========================================================================
Received Import Request.
  Time since last request: 1533.601269 seconds.
  path: Assets/Game/Scripts/Frame/Player/ItemBase.cs
  artifactKey: Guid(e471343787d4e8a4f8d008b9b1415db7) Importer(815301076,1909f56bfc062723c751e8b465ee728b)
Start importing Assets/Game/Scripts/Frame/Player/ItemBase.cs using Guid(e471343787d4e8a4f8d008b9b1415db7) Importer(815301076,1909f56bfc062723c751e8b465ee728b) (PreviewImporter) -> (artifact id: '258ca50953f60143e4d25f38edcd81bf') in 0.0007955 seconds
Number of updated asset objects reloaded before import = 0Number of asset objects unloaded after import = 0

========================================================================
Received Import Request.
  Time since last request: 4.049359 seconds.
  path: Assets/Game/Scripts/Frame/Player/Exdata.cs
  artifactKey: Guid(bb232c75d0d1e554eb006318624b9387) Importer(815301076,1909f56bfc062723c751e8b465ee728b)
Start importing Assets/Game/Scripts/Frame/Player/Exdata.cs using Guid(bb232c75d0d1e554eb006318624b9387) Importer(815301076,1909f56bfc062723c751e8b465ee728b) (PreviewImporter) -> (artifact id: 'd92c47be8dd5c2c92844e78155c7260e') in 0.0004755 seconds
Number of updated asset objects reloaded before import = 0Number of asset objects unloaded after import = 0

========================================================================
Received Prepare
Refreshing native plugins compatible for Editor in 1.05 ms, found 4 plugins.
Preloading 0 native plugins for Editor in 0.00 ms.
Unloading 25 Unused Serialized files (Serialized files now loaded: 0)
Unloading 7265 unused Assets / (6.2 MB). Loaded Objects now: 8046.
Memory consumption went from 183.8 MB to 177.5 MB.
Total: 19.858200 ms (FindLiveObjects: 0.820600 ms CreateObjectMapping: 1.082900 ms MarkObjects: 15.554000 ms  DeleteObjects: 2.398300 ms)

Prepare: number of updated asset objects reloaded= 0
========================================================================
Received Prepare
Begin MonoManager ReloadAssembly
Symbol file data-0000018021B16010 doesn't match image G:\Unity6\ClientFrame\Assets\ThirdParty\Sirenix\Assemblies\Sirenix.OdinInspector.Editor.dll
Symbol file LoadedFromMemory is not a mono symbol file
- Loaded All Assemblies, in  0.689 seconds
Refreshing native plugins compatible for Editor in 0.51 ms, found 4 plugins.
Assertion failed on expression: 'pred(*previous, *i)'
Assertion failed on expression: 'pred(*previous, *i)'
Assertion failed on expression: 'pred(*previous, *i)'
Native extension for iOS target not found
Native extension for Android target not found
Native extension for WindowsStandalone target not found
Native extension for WebGL target not found
Mono: successfully reloaded assembly
- Finished resetting the current domain, in  0.991 seconds
Domain Reload Profiling: 1683ms
	BeginReloadAssembly (205ms)
		ExecutionOrderSort (0ms)
		DisableScriptedObjects (12ms)
		BackupInstance (0ms)
		ReleaseScriptingObjects (0ms)
		CreateAndSetChildDomain (74ms)
	RebuildCommonClasses (24ms)
	RebuildNativeTypeToScriptingClass (9ms)
	initialDomainReloadingComplete (23ms)
	LoadAllAssembliesAndSetupDomain (431ms)
		LoadAssemblies (332ms)
		RebuildTransferFunctionScriptingTraits (0ms)
		AnalyzeDomain (172ms)
			TypeCache.Refresh (11ms)
				TypeCache.ScanAssembly (2ms)
			BuildScriptInfoCaches (147ms)
			ResolveRequiredComponents (10ms)
	FinalizeReload (991ms)
		ReleaseScriptCaches (0ms)
		RebuildScriptCaches (0ms)
		SetupLoadedEditorAssemblies (846ms)
			LogAssemblyErrors (0ms)
			InitializePlatformSupportModulesInManaged (11ms)
			SetLoadedEditorAssemblies (5ms)
			BeforeProcessingInitializeOnLoad (135ms)
			ProcessInitializeOnLoadAttributes (532ms)
			ProcessInitializeOnLoadMethodAttributes (161ms)
			AfterProcessingInitializeOnLoad (1ms)
			EditorAssembliesLoaded (0ms)
		ExecutionOrderSort2 (0ms)
		AwakeInstancesAfterBackupRestoration (8ms)
Refreshing native plugins compatible for Editor in 0.56 ms, found 4 plugins.
Preloading 0 native plugins for Editor in 0.00 ms.
Unloading 25 Unused Serialized files (Serialized files now loaded: 0)
Unloading 7276 unused Assets / (6.6 MB). Loaded Objects now: 8049.
Memory consumption went from 187.3 MB to 180.7 MB.
Total: 17.015500 ms (FindLiveObjects: 0.616900 ms CreateObjectMapping: 0.604300 ms MarkObjects: 13.137700 ms  DeleteObjects: 2.655800 ms)

Prepare: number of updated asset objects reloaded= 0
========================================================================
Received Import Request.
  Time since last request: 691.122492 seconds.
  path: Assets/Game/Scripts/Frame/Player/ExData.cs
  artifactKey: Guid(bb232c75d0d1e554eb006318624b9387) Importer(815301076,1909f56bfc062723c751e8b465ee728b)
Start importing Assets/Game/Scripts/Frame/Player/ExData.cs using Guid(bb232c75d0d1e554eb006318624b9387) Importer(815301076,1909f56bfc062723c751e8b465ee728b) (PreviewImporter) -> (artifact id: '50a6e53705cdbb05fc656978ee4f5de5') in 0.0014457 seconds
Number of updated asset objects reloaded before import = 0Number of asset objects unloaded after import = 0

========================================================================
Received Import Request.
  Time since last request: 3.279720 seconds.
  path: Assets/Game/Scripts/Frame/Player/ExtendData.cs
  artifactKey: Guid(bb232c75d0d1e554eb006318624b9387) Importer(815301076,1909f56bfc062723c751e8b465ee728b)
Start importing Assets/Game/Scripts/Frame/Player/ExtendData.cs using Guid(bb232c75d0d1e554eb006318624b9387) Importer(815301076,1909f56bfc062723c751e8b465ee728b) (PreviewImporter) -> (artifact id: '14c47a25c77506693797897f7ee40a26') in 0.0005682 seconds
Number of updated asset objects reloaded before import = 0Number of asset objects unloaded after import = 0

========================================================================
Received Prepare
Begin MonoManager ReloadAssembly
Symbol file data-00000180210E8030 doesn't match image G:\Unity6\ClientFrame\Assets\ThirdParty\Sirenix\Assemblies\Sirenix.OdinInspector.Editor.dll
Symbol file LoadedFromMemory is not a mono symbol file
- Loaded All Assemblies, in  0.613 seconds
Refreshing native plugins compatible for Editor in 0.66 ms, found 4 plugins.
Assertion failed on expression: 'pred(*previous, *i)'
Assertion failed on expression: 'pred(*previous, *i)'
Assertion failed on expression: 'pred(*previous, *i)'
Native extension for iOS target not found
Native extension for Android target not found
Native extension for WindowsStandalone target not found
Native extension for WebGL target not found
Mono: successfully reloaded assembly
- Finished resetting the current domain, in  0.981 seconds
Domain Reload Profiling: 1597ms
	BeginReloadAssembly (157ms)
		ExecutionOrderSort (0ms)
		DisableScriptedObjects (10ms)
		BackupInstance (0ms)
		ReleaseScriptingObjects (0ms)
		CreateAndSetChildDomain (52ms)
	RebuildCommonClasses (23ms)
	RebuildNativeTypeToScriptingClass (9ms)
	initialDomainReloadingComplete (18ms)
	LoadAllAssembliesAndSetupDomain (408ms)
		LoadAssemblies (298ms)
		RebuildTransferFunctionScriptingTraits (0ms)
		AnalyzeDomain (175ms)
			TypeCache.Refresh (11ms)
				TypeCache.ScanAssembly (2ms)
			BuildScriptInfoCaches (150ms)
			ResolveRequiredComponents (11ms)
	FinalizeReload (982ms)
		ReleaseScriptCaches (0ms)
		RebuildScriptCaches (0ms)
		SetupLoadedEditorAssemblies (838ms)
			LogAssemblyErrors (0ms)
			InitializePlatformSupportModulesInManaged (10ms)
			SetLoadedEditorAssemblies (6ms)
			BeforeProcessingInitializeOnLoad (136ms)
			ProcessInitializeOnLoadAttributes (525ms)
			ProcessInitializeOnLoadMethodAttributes (160ms)
			AfterProcessingInitializeOnLoad (1ms)
			EditorAssembliesLoaded (0ms)
		ExecutionOrderSort2 (0ms)
		AwakeInstancesAfterBackupRestoration (8ms)
Refreshing native plugins compatible for Editor in 0.63 ms, found 4 plugins.
Preloading 0 native plugins for Editor in 0.00 ms.
Unloading 25 Unused Serialized files (Serialized files now loaded: 0)
Unloading 7276 unused Assets / (6.5 MB). Loaded Objects now: 8051.
Memory consumption went from 187.4 MB to 180.9 MB.
Total: 16.477400 ms (FindLiveObjects: 0.531300 ms CreateObjectMapping: 0.578900 ms MarkObjects: 13.236600 ms  DeleteObjects: 2.130000 ms)

Prepare: number of updated asset objects reloaded= 0
========================================================================
Received Import Request.
  Time since last request: 8.383478 seconds.
  path: Assets/Game/Scripts/Frame/Player/Exdata64.cs
  artifactKey: Guid(21e7f81e9631f40419efd696466023eb) Importer(815301076,1909f56bfc062723c751e8b465ee728b)
Start importing Assets/Game/Scripts/Frame/Player/Exdata64.cs using Guid(21e7f81e9631f40419efd696466023eb) Importer(815301076,1909f56bfc062723c751e8b465ee728b) (PreviewImporter) -> (artifact id: '666afb6aaac89c7e61bc2880d887fa52') in 0.0017549 seconds
Number of updated asset objects reloaded before import = 0Number of asset objects unloaded after import = 0

========================================================================
Received Prepare
Begin MonoManager ReloadAssembly
Symbol file data-0000017FEC7F9020 doesn't match image G:\Unity6\ClientFrame\Assets\ThirdParty\Sirenix\Assemblies\Sirenix.OdinInspector.Editor.dll
Symbol file LoadedFromMemory is not a mono symbol file
- Loaded All Assemblies, in  0.629 seconds
Refreshing native plugins compatible for Editor in 0.65 ms, found 4 plugins.
Assertion failed on expression: 'pred(*previous, *i)'
Assertion failed on expression: 'pred(*previous, *i)'
Assertion failed on expression: 'pred(*previous, *i)'
Native extension for iOS target not found
Native extension for Android target not found
Native extension for WindowsStandalone target not found
Native extension for WebGL target not found
Mono: successfully reloaded assembly
- Finished resetting the current domain, in  1.002 seconds
Domain Reload Profiling: 1634ms
	BeginReloadAssembly (171ms)
		ExecutionOrderSort (0ms)
		DisableScriptedObjects (12ms)
		BackupInstance (0ms)
		ReleaseScriptingObjects (0ms)
		CreateAndSetChildDomain (56ms)
	RebuildCommonClasses (24ms)
	RebuildNativeTypeToScriptingClass (9ms)
	initialDomainReloadingComplete (18ms)
	LoadAllAssembliesAndSetupDomain (410ms)
		LoadAssemblies (305ms)
		RebuildTransferFunctionScriptingTraits (0ms)
		AnalyzeDomain (174ms)
			TypeCache.Refresh (12ms)
				TypeCache.ScanAssembly (2ms)
			BuildScriptInfoCaches (148ms)
			ResolveRequiredComponents (10ms)
	FinalizeReload (1002ms)
		ReleaseScriptCaches (0ms)
		RebuildScriptCaches (0ms)
		SetupLoadedEditorAssemblies (858ms)
			LogAssemblyErrors (0ms)
			InitializePlatformSupportModulesInManaged (11ms)
			SetLoadedEditorAssemblies (6ms)
			BeforeProcessingInitializeOnLoad (136ms)
			ProcessInitializeOnLoadAttributes (524ms)
			ProcessInitializeOnLoadMethodAttributes (179ms)
			AfterProcessingInitializeOnLoad (1ms)
			EditorAssembliesLoaded (0ms)
		ExecutionOrderSort2 (0ms)
		AwakeInstancesAfterBackupRestoration (8ms)
Refreshing native plugins compatible for Editor in 0.81 ms, found 4 plugins.
Preloading 0 native plugins for Editor in 0.00 ms.
Unloading 25 Unused Serialized files (Serialized files now loaded: 0)
Unloading 7276 unused Assets / (6.5 MB). Loaded Objects now: 8053.
Memory consumption went from 187.6 MB to 181.1 MB.
Total: 17.402900 ms (FindLiveObjects: 0.938500 ms CreateObjectMapping: 0.839500 ms MarkObjects: 13.212700 ms  DeleteObjects: 2.410700 ms)

Prepare: number of updated asset objects reloaded= 0
========================================================================
Received Prepare
Begin MonoManager ReloadAssembly
Symbol file data-0000018010C4F010 doesn't match image G:\Unity6\ClientFrame\Assets\ThirdParty\Sirenix\Assemblies\Sirenix.OdinInspector.Editor.dll
Symbol file LoadedFromMemory is not a mono symbol file
- Loaded All Assemblies, in  0.631 seconds
Refreshing native plugins compatible for Editor in 0.56 ms, found 4 plugins.
Assertion failed on expression: 'pred(*previous, *i)'
Assertion failed on expression: 'pred(*previous, *i)'
Assertion failed on expression: 'pred(*previous, *i)'
Native extension for iOS target not found
Native extension for Android target not found
Native extension for WindowsStandalone target not found
Native extension for WebGL target not found
Mono: successfully reloaded assembly
- Finished resetting the current domain, in  1.087 seconds
Domain Reload Profiling: 1721ms
	BeginReloadAssembly (176ms)
		ExecutionOrderSort (0ms)
		DisableScriptedObjects (12ms)
		BackupInstance (0ms)
		ReleaseScriptingObjects (0ms)
		CreateAndSetChildDomain (57ms)
	RebuildCommonClasses (24ms)
	RebuildNativeTypeToScriptingClass (9ms)
	initialDomainReloadingComplete (18ms)
	LoadAllAssembliesAndSetupDomain (407ms)
		LoadAssemblies (306ms)
		RebuildTransferFunctionScriptingTraits (0ms)
		AnalyzeDomain (175ms)
			TypeCache.Refresh (11ms)
				TypeCache.ScanAssembly (2ms)
			BuildScriptInfoCaches (150ms)
			ResolveRequiredComponents (10ms)
	FinalizeReload (1087ms)
		ReleaseScriptCaches (0ms)
		RebuildScriptCaches (0ms)
		SetupLoadedEditorAssemblies (928ms)
			LogAssemblyErrors (0ms)
			InitializePlatformSupportModulesInManaged (11ms)
			SetLoadedEditorAssemblies (5ms)
			BeforeProcessingInitializeOnLoad (134ms)
			ProcessInitializeOnLoadAttributes (613ms)
			ProcessInitializeOnLoadMethodAttributes (163ms)
			AfterProcessingInitializeOnLoad (2ms)
			EditorAssembliesLoaded (0ms)
		ExecutionOrderSort2 (0ms)
		AwakeInstancesAfterBackupRestoration (14ms)
Refreshing native plugins compatible for Editor in 0.65 ms, found 4 plugins.
Preloading 0 native plugins for Editor in 0.00 ms.
Unloading 25 Unused Serialized files (Serialized files now loaded: 0)
Unloading 7276 unused Assets / (6.6 MB). Loaded Objects now: 8055.
Memory consumption went from 187.7 MB to 181.1 MB.
Total: 17.159700 ms (FindLiveObjects: 0.750100 ms CreateObjectMapping: 0.490500 ms MarkObjects: 13.631800 ms  DeleteObjects: 2.285500 ms)

Prepare: number of updated asset objects reloaded= 0
========================================================================
Received Prepare
Begin MonoManager ReloadAssembly
Symbol file data-0000018010C4F010 doesn't match image G:\Unity6\ClientFrame\Assets\ThirdParty\Sirenix\Assemblies\Sirenix.OdinInspector.Editor.dll
Symbol file LoadedFromMemory is not a mono symbol file
- Loaded All Assemblies, in  0.634 seconds
Refreshing native plugins compatible for Editor in 0.61 ms, found 4 plugins.
Assertion failed on expression: 'pred(*previous, *i)'
Assertion failed on expression: 'pred(*previous, *i)'
Assertion failed on expression: 'pred(*previous, *i)'
Native extension for iOS target not found
Native extension for Android target not found
Native extension for WindowsStandalone target not found
Native extension for WebGL target not found
Mono: successfully reloaded assembly
- Finished resetting the current domain, in  1.011 seconds
Domain Reload Profiling: 1647ms
	BeginReloadAssembly (163ms)
		ExecutionOrderSort (0ms)
		DisableScriptedObjects (11ms)
		BackupInstance (0ms)
		ReleaseScriptingObjects (0ms)
		CreateAndSetChildDomain (54ms)
	RebuildCommonClasses (23ms)
	RebuildNativeTypeToScriptingClass (9ms)
	initialDomainReloadingComplete (19ms)
	LoadAllAssembliesAndSetupDomain (422ms)
		LoadAssemblies (309ms)
		RebuildTransferFunctionScriptingTraits (0ms)
		AnalyzeDomain (177ms)
			TypeCache.Refresh (12ms)
				TypeCache.ScanAssembly (2ms)
			BuildScriptInfoCaches (152ms)
			ResolveRequiredComponents (11ms)
	FinalizeReload (1011ms)
		ReleaseScriptCaches (0ms)
		RebuildScriptCaches (0ms)
		SetupLoadedEditorAssemblies (854ms)
			LogAssemblyErrors (0ms)
			InitializePlatformSupportModulesInManaged (11ms)
			SetLoadedEditorAssemblies (6ms)
			BeforeProcessingInitializeOnLoad (135ms)
			ProcessInitializeOnLoadAttributes (556ms)
			ProcessInitializeOnLoadMethodAttributes (143ms)
			AfterProcessingInitializeOnLoad (1ms)
			EditorAssembliesLoaded (0ms)
		ExecutionOrderSort2 (0ms)
		AwakeInstancesAfterBackupRestoration (9ms)
Refreshing native plugins compatible for Editor in 0.59 ms, found 4 plugins.
Preloading 0 native plugins for Editor in 0.00 ms.
Unloading 25 Unused Serialized files (Serialized files now loaded: 0)
Unloading 7276 unused Assets / (6.7 MB). Loaded Objects now: 8057.
Memory consumption went from 187.8 MB to 181.2 MB.
Total: 17.647800 ms (FindLiveObjects: 0.596300 ms CreateObjectMapping: 0.727100 ms MarkObjects: 13.629400 ms  DeleteObjects: 2.693400 ms)

Prepare: number of updated asset objects reloaded= 0
========================================================================
Received Import Request.
  Time since last request: 2325.704637 seconds.
  path: Assets/Game/Scripts/Test.cs
  artifactKey: Guid(04fafdae5e94f92408c955563f5bb92c) Importer(815301076,1909f56bfc062723c751e8b465ee728b)
Start importing Assets/Game/Scripts/Test.cs using Guid(04fafdae5e94f92408c955563f5bb92c) Importer(815301076,1909f56bfc062723c751e8b465ee728b) (PreviewImporter) -> (artifact id: 'ae5ba80f323ac0451179cc8df431ef60') in 0.0017774 seconds
Number of updated asset objects reloaded before import = 0Number of asset objects unloaded after import = 0

========================================================================
Received Prepare
Begin MonoManager ReloadAssembly
Symbol file data-0000018010C4F010 doesn't match image G:\Unity6\ClientFrame\Assets\ThirdParty\Sirenix\Assemblies\Sirenix.OdinInspector.Editor.dll
Symbol file LoadedFromMemory is not a mono symbol file
- Loaded All Assemblies, in  0.628 seconds
Refreshing native plugins compatible for Editor in 0.60 ms, found 4 plugins.
Assertion failed on expression: 'pred(*previous, *i)'
Assertion failed on expression: 'pred(*previous, *i)'
Assertion failed on expression: 'pred(*previous, *i)'
Native extension for iOS target not found
Native extension for Android target not found
Native extension for WindowsStandalone target not found
Native extension for WebGL target not found
Mono: successfully reloaded assembly
- Finished resetting the current domain, in  0.956 seconds
Domain Reload Profiling: 1587ms
	BeginReloadAssembly (168ms)
		ExecutionOrderSort (0ms)
		DisableScriptedObjects (11ms)
		BackupInstance (0ms)
		ReleaseScriptingObjects (0ms)
		CreateAndSetChildDomain (52ms)
	RebuildCommonClasses (24ms)
	RebuildNativeTypeToScriptingClass (9ms)
	initialDomainReloadingComplete (18ms)
	LoadAllAssembliesAndSetupDomain (412ms)
		LoadAssemblies (305ms)
		RebuildTransferFunctionScriptingTraits (0ms)
		AnalyzeDomain (180ms)
			TypeCache.Refresh (11ms)
				TypeCache.ScanAssembly (2ms)
			BuildScriptInfoCaches (155ms)
			ResolveRequiredComponents (11ms)
	FinalizeReload (957ms)
		ReleaseScriptCaches (0ms)
		RebuildScriptCaches (0ms)
		SetupLoadedEditorAssemblies (805ms)
			LogAssemblyErrors (0ms)
			InitializePlatformSupportModulesInManaged (11ms)
			SetLoadedEditorAssemblies (6ms)
			BeforeProcessingInitializeOnLoad (132ms)
			ProcessInitializeOnLoadAttributes (519ms)
			ProcessInitializeOnLoadMethodAttributes (137ms)
			AfterProcessingInitializeOnLoad (1ms)
			EditorAssembliesLoaded (0ms)
		ExecutionOrderSort2 (0ms)
		AwakeInstancesAfterBackupRestoration (11ms)
Refreshing native plugins compatible for Editor in 0.69 ms, found 4 plugins.
Preloading 0 native plugins for Editor in 0.00 ms.
Unloading 25 Unused Serialized files (Serialized files now loaded: 0)
Unloading 7276 unused Assets / (6.6 MB). Loaded Objects now: 8059.
Memory consumption went from 188.0 MB to 181.4 MB.
Total: 18.253300 ms (FindLiveObjects: 0.549000 ms CreateObjectMapping: 0.971600 ms MarkObjects: 14.125200 ms  DeleteObjects: 2.606000 ms)

Prepare: number of updated asset objects reloaded= 0
========================================================================
Received Prepare
Begin MonoManager ReloadAssembly
Symbol file data-0000017FECFD2A90 doesn't match image G:\Unity6\ClientFrame\Assets\ThirdParty\Sirenix\Assemblies\Sirenix.OdinInspector.Editor.dll
Symbol file LoadedFromMemory is not a mono symbol file
- Loaded All Assemblies, in  0.607 seconds
Refreshing native plugins compatible for Editor in 0.69 ms, found 4 plugins.
Assertion failed on expression: 'pred(*previous, *i)'
Assertion failed on expression: 'pred(*previous, *i)'
Assertion failed on expression: 'pred(*previous, *i)'
Native extension for iOS target not found
Native extension for Android target not found
Native extension for WindowsStandalone target not found
Native extension for WebGL target not found
Mono: successfully reloaded assembly
- Finished resetting the current domain, in  0.996 seconds
Domain Reload Profiling: 1607ms
	BeginReloadAssembly (167ms)
		ExecutionOrderSort (0ms)
		DisableScriptedObjects (10ms)
		BackupInstance (0ms)
		ReleaseScriptingObjects (0ms)
		CreateAndSetChildDomain (54ms)
	RebuildCommonClasses (23ms)
	RebuildNativeTypeToScriptingClass (8ms)
	initialDomainReloadingComplete (17ms)
	LoadAllAssembliesAndSetupDomain (395ms)
		LoadAssemblies (287ms)
		RebuildTransferFunctionScriptingTraits (0ms)
		AnalyzeDomain (172ms)
			TypeCache.Refresh (7ms)
				TypeCache.ScanAssembly (0ms)
			BuildScriptInfoCaches (150ms)
			ResolveRequiredComponents (11ms)
	FinalizeReload (997ms)
		ReleaseScriptCaches (0ms)
		RebuildScriptCaches (0ms)
		SetupLoadedEditorAssemblies (846ms)
			LogAssemblyErrors (0ms)
			InitializePlatformSupportModulesInManaged (11ms)
			SetLoadedEditorAssemblies (5ms)
			BeforeProcessingInitializeOnLoad (148ms)
			ProcessInitializeOnLoadAttributes (536ms)
			ProcessInitializeOnLoadMethodAttributes (145ms)
			AfterProcessingInitializeOnLoad (1ms)
			EditorAssembliesLoaded (0ms)
		ExecutionOrderSort2 (0ms)
		AwakeInstancesAfterBackupRestoration (10ms)
Refreshing native plugins compatible for Editor in 0.90 ms, found 4 plugins.
Preloading 0 native plugins for Editor in 0.00 ms.
Unloading 25 Unused Serialized files (Serialized files now loaded: 0)
Unloading 7276 unused Assets / (6.6 MB). Loaded Objects now: 8061.
Memory consumption went from 188.2 MB to 181.6 MB.
Total: 18.904600 ms (FindLiveObjects: 0.610900 ms CreateObjectMapping: 0.547800 ms MarkObjects: 14.634100 ms  DeleteObjects: 3.110200 ms)

Prepare: number of updated asset objects reloaded= 0
========================================================================
Received Prepare
Begin MonoManager ReloadAssembly
Symbol file data-0000018010C4F010 doesn't match image G:\Unity6\ClientFrame\Assets\ThirdParty\Sirenix\Assemblies\Sirenix.OdinInspector.Editor.dll
Symbol file LoadedFromMemory is not a mono symbol file
- Loaded All Assemblies, in  0.630 seconds
Refreshing native plugins compatible for Editor in 0.74 ms, found 4 plugins.
Assertion failed on expression: 'pred(*previous, *i)'
Assertion failed on expression: 'pred(*previous, *i)'
Assertion failed on expression: 'pred(*previous, *i)'
Native extension for iOS target not found
Native extension for Android target not found
Native extension for WindowsStandalone target not found
Native extension for WebGL target not found
Mono: successfully reloaded assembly
- Finished resetting the current domain, in  0.973 seconds
Domain Reload Profiling: 1606ms
	BeginReloadAssembly (175ms)
		ExecutionOrderSort (0ms)
		DisableScriptedObjects (13ms)
		BackupInstance (0ms)
		ReleaseScriptingObjects (0ms)
		CreateAndSetChildDomain (55ms)
	RebuildCommonClasses (25ms)
	RebuildNativeTypeToScriptingClass (9ms)
	initialDomainReloadingComplete (20ms)
	LoadAllAssembliesAndSetupDomain (404ms)
		LoadAssemblies (305ms)
		RebuildTransferFunctionScriptingTraits (0ms)
		AnalyzeDomain (172ms)
			TypeCache.Refresh (8ms)
				TypeCache.ScanAssembly (0ms)
			BuildScriptInfoCaches (151ms)
			ResolveRequiredComponents (11ms)
	FinalizeReload (973ms)
		ReleaseScriptCaches (0ms)
		RebuildScriptCaches (0ms)
		SetupLoadedEditorAssemblies (824ms)
			LogAssemblyErrors (0ms)
			InitializePlatformSupportModulesInManaged (11ms)
			SetLoadedEditorAssemblies (6ms)
			BeforeProcessingInitializeOnLoad (138ms)
			ProcessInitializeOnLoadAttributes (525ms)
			ProcessInitializeOnLoadMethodAttributes (143ms)
			AfterProcessingInitializeOnLoad (1ms)
			EditorAssembliesLoaded (0ms)
		ExecutionOrderSort2 (0ms)
		AwakeInstancesAfterBackupRestoration (11ms)
Refreshing native plugins compatible for Editor in 0.77 ms, found 4 plugins.
Preloading 0 native plugins for Editor in 0.00 ms.
Unloading 25 Unused Serialized files (Serialized files now loaded: 0)
Unloading 7276 unused Assets / (6.8 MB). Loaded Objects now: 8063.
Memory consumption went from 188.3 MB to 181.5 MB.
Total: 19.426300 ms (FindLiveObjects: 0.601900 ms CreateObjectMapping: 0.586900 ms MarkObjects: 14.891100 ms  DeleteObjects: 3.345100 ms)

Prepare: number of updated asset objects reloaded= 0
========================================================================
Received Prepare
Begin MonoManager ReloadAssembly
Symbol file data-000001809107D020 doesn't match image G:\Unity6\ClientFrame\Assets\ThirdParty\Sirenix\Assemblies\Sirenix.OdinInspector.Editor.dll
Symbol file LoadedFromMemory is not a mono symbol file
- Loaded All Assemblies, in  0.623 seconds
Refreshing native plugins compatible for Editor in 0.59 ms, found 4 plugins.
Assertion failed on expression: 'pred(*previous, *i)'
Assertion failed on expression: 'pred(*previous, *i)'
Assertion failed on expression: 'pred(*previous, *i)'
Native extension for iOS target not found
Native extension for Android target not found
Native extension for WindowsStandalone target not found
Native extension for WebGL target not found
Mono: successfully reloaded assembly
- Finished resetting the current domain, in  1.014 seconds
Domain Reload Profiling: 1640ms
	BeginReloadAssembly (166ms)
		ExecutionOrderSort (0ms)
		DisableScriptedObjects (11ms)
		BackupInstance (0ms)
		ReleaseScriptingObjects (0ms)
		CreateAndSetChildDomain (53ms)
	RebuildCommonClasses (24ms)
	RebuildNativeTypeToScriptingClass (9ms)
	initialDomainReloadingComplete (18ms)
	LoadAllAssembliesAndSetupDomain (410ms)
		LoadAssemblies (302ms)
		RebuildTransferFunctionScriptingTraits (0ms)
		AnalyzeDomain (174ms)
			TypeCache.Refresh (11ms)
				TypeCache.ScanAssembly (2ms)
			BuildScriptInfoCaches (149ms)
			ResolveRequiredComponents (10ms)
	FinalizeReload (1014ms)
		ReleaseScriptCaches (0ms)
		RebuildScriptCaches (0ms)
		SetupLoadedEditorAssemblies (854ms)
			LogAssemblyErrors (0ms)
			InitializePlatformSupportModulesInManaged (11ms)
			SetLoadedEditorAssemblies (6ms)
			BeforeProcessingInitializeOnLoad (128ms)
			ProcessInitializeOnLoadAttributes (558ms)
			ProcessInitializeOnLoadMethodAttributes (150ms)
			AfterProcessingInitializeOnLoad (1ms)
			EditorAssembliesLoaded (0ms)
		ExecutionOrderSort2 (0ms)
		AwakeInstancesAfterBackupRestoration (9ms)
Refreshing native plugins compatible for Editor in 0.85 ms, found 4 plugins.
Preloading 0 native plugins for Editor in 0.00 ms.
Unloading 25 Unused Serialized files (Serialized files now loaded: 0)
Unloading 7276 unused Assets / (6.7 MB). Loaded Objects now: 8065.
Memory consumption went from 188.5 MB to 181.8 MB.
Total: 17.272800 ms (FindLiveObjects: 0.554700 ms CreateObjectMapping: 0.555600 ms MarkObjects: 13.545600 ms  DeleteObjects: 2.615200 ms)

Prepare: number of updated asset objects reloaded= 0
========================================================================
Received Prepare
Begin MonoManager ReloadAssembly
Symbol file data-00000180212F9010 doesn't match image G:\Unity6\ClientFrame\Assets\ThirdParty\Sirenix\Assemblies\Sirenix.OdinInspector.Editor.dll
Symbol file LoadedFromMemory is not a mono symbol file
- Loaded All Assemblies, in  0.601 seconds
Refreshing native plugins compatible for Editor in 0.61 ms, found 4 plugins.
Assertion failed on expression: 'pred(*previous, *i)'
Assertion failed on expression: 'pred(*previous, *i)'
Assertion failed on expression: 'pred(*previous, *i)'
Native extension for iOS target not found
Native extension for Android target not found
Native extension for WindowsStandalone target not found
Native extension for WebGL target not found
Mono: successfully reloaded assembly
- Finished resetting the current domain, in  1.004 seconds
Domain Reload Profiling: 1608ms
	BeginReloadAssembly (162ms)
		ExecutionOrderSort (0ms)
		DisableScriptedObjects (10ms)
		BackupInstance (0ms)
		ReleaseScriptingObjects (0ms)
		CreateAndSetChildDomain (48ms)
	RebuildCommonClasses (25ms)
	RebuildNativeTypeToScriptingClass (8ms)
	initialDomainReloadingComplete (18ms)
	LoadAllAssembliesAndSetupDomain (391ms)
		LoadAssemblies (290ms)
		RebuildTransferFunctionScriptingTraits (0ms)
		AnalyzeDomain (172ms)
			TypeCache.Refresh (7ms)
				TypeCache.ScanAssembly (0ms)
			BuildScriptInfoCaches (151ms)
			ResolveRequiredComponents (10ms)
	FinalizeReload (1004ms)
		ReleaseScriptCaches (0ms)
		RebuildScriptCaches (0ms)
		SetupLoadedEditorAssemblies (850ms)
			LogAssemblyErrors (0ms)
			InitializePlatformSupportModulesInManaged (11ms)
			SetLoadedEditorAssemblies (5ms)
			BeforeProcessingInitializeOnLoad (123ms)
			ProcessInitializeOnLoadAttributes (561ms)
			ProcessInitializeOnLoadMethodAttributes (148ms)
			AfterProcessingInitializeOnLoad (1ms)
			EditorAssembliesLoaded (0ms)
		ExecutionOrderSort2 (0ms)
		AwakeInstancesAfterBackupRestoration (11ms)
Refreshing native plugins compatible for Editor in 0.63 ms, found 4 plugins.
Preloading 0 native plugins for Editor in 0.00 ms.
Unloading 25 Unused Serialized files (Serialized files now loaded: 0)
Unloading 7276 unused Assets / (6.5 MB). Loaded Objects now: 8067.
Memory consumption went from 188.6 MB to 182.1 MB.
Total: 18.551600 ms (FindLiveObjects: 0.703600 ms CreateObjectMapping: 0.491000 ms MarkObjects: 14.480200 ms  DeleteObjects: 2.875300 ms)

Prepare: number of updated asset objects reloaded= 0
========================================================================
Received Prepare
Begin MonoManager ReloadAssembly
Symbol file data-00000180913F4020 doesn't match image G:\Unity6\ClientFrame\Assets\ThirdParty\Sirenix\Assemblies\Sirenix.OdinInspector.Editor.dll
Symbol file LoadedFromMemory is not a mono symbol file
- Loaded All Assemblies, in  0.601 seconds
Refreshing native plugins compatible for Editor in 0.56 ms, found 4 plugins.
Assertion failed on expression: 'pred(*previous, *i)'
Assertion failed on expression: 'pred(*previous, *i)'
Assertion failed on expression: 'pred(*previous, *i)'
Native extension for iOS target not found
Native extension for Android target not found
Native extension for WindowsStandalone target not found
Native extension for WebGL target not found
Mono: successfully reloaded assembly
- Finished resetting the current domain, in  0.991 seconds
Domain Reload Profiling: 1595ms
	BeginReloadAssembly (160ms)
		ExecutionOrderSort (0ms)
		DisableScriptedObjects (11ms)
		BackupInstance (0ms)
		ReleaseScriptingObjects (0ms)
		CreateAndSetChildDomain (54ms)
	RebuildCommonClasses (24ms)
	RebuildNativeTypeToScriptingClass (9ms)
	initialDomainReloadingComplete (20ms)
	LoadAllAssembliesAndSetupDomain (392ms)
		LoadAssemblies (286ms)
		RebuildTransferFunctionScriptingTraits (0ms)
		AnalyzeDomain (170ms)
			TypeCache.Refresh (8ms)
				TypeCache.ScanAssembly (0ms)
			BuildScriptInfoCaches (149ms)
			ResolveRequiredComponents (11ms)
	FinalizeReload (991ms)
		ReleaseScriptCaches (0ms)
		RebuildScriptCaches (0ms)
		SetupLoadedEditorAssemblies (840ms)
			LogAssemblyErrors (0ms)
			InitializePlatformSupportModulesInManaged (11ms)
			SetLoadedEditorAssemblies (5ms)
			BeforeProcessingInitializeOnLoad (130ms)
			ProcessInitializeOnLoadAttributes (548ms)
			ProcessInitializeOnLoadMethodAttributes (144ms)
			AfterProcessingInitializeOnLoad (1ms)
			EditorAssembliesLoaded (0ms)
		ExecutionOrderSort2 (0ms)
		AwakeInstancesAfterBackupRestoration (10ms)
Refreshing native plugins compatible for Editor in 0.70 ms, found 4 plugins.
Preloading 0 native plugins for Editor in 0.00 ms.
Unloading 25 Unused Serialized files (Serialized files now loaded: 0)
Unloading 7276 unused Assets / (6.9 MB). Loaded Objects now: 8069.
Memory consumption went from 189.4 MB to 182.5 MB.
Total: 20.476200 ms (FindLiveObjects: 0.712700 ms CreateObjectMapping: 0.552100 ms MarkObjects: 15.713700 ms  DeleteObjects: 3.496300 ms)

Prepare: number of updated asset objects reloaded= 0
========================================================================
Received Prepare
Begin MonoManager ReloadAssembly
Symbol file data-00000180913F4020 doesn't match image G:\Unity6\ClientFrame\Assets\ThirdParty\Sirenix\Assemblies\Sirenix.OdinInspector.Editor.dll
Symbol file LoadedFromMemory is not a mono symbol file
- Loaded All Assemblies, in  0.634 seconds
Refreshing native plugins compatible for Editor in 0.58 ms, found 4 plugins.
Assertion failed on expression: 'pred(*previous, *i)'
Assertion failed on expression: 'pred(*previous, *i)'
Assertion failed on expression: 'pred(*previous, *i)'
Native extension for iOS target not found
Native extension for Android target not found
Native extension for WindowsStandalone target not found
Native extension for WebGL target not found
Mono: successfully reloaded assembly
- Finished resetting the current domain, in  1.002 seconds
Domain Reload Profiling: 1639ms
	BeginReloadAssembly (167ms)
		ExecutionOrderSort (0ms)
		DisableScriptedObjects (10ms)
		BackupInstance (0ms)
		ReleaseScriptingObjects (0ms)
		CreateAndSetChildDomain (55ms)
	RebuildCommonClasses (24ms)
	RebuildNativeTypeToScriptingClass (9ms)
	initialDomainReloadingComplete (18ms)
	LoadAllAssembliesAndSetupDomain (418ms)
		LoadAssemblies (306ms)
		RebuildTransferFunctionScriptingTraits (0ms)
		AnalyzeDomain (181ms)
			TypeCache.Refresh (13ms)
				TypeCache.ScanAssembly (2ms)
			BuildScriptInfoCaches (153ms)
			ResolveRequiredComponents (12ms)
	FinalizeReload (1003ms)
		ReleaseScriptCaches (0ms)
		RebuildScriptCaches (0ms)
		SetupLoadedEditorAssemblies (853ms)
			LogAssemblyErrors (0ms)
			InitializePlatformSupportModulesInManaged (11ms)
			SetLoadedEditorAssemblies (7ms)
			BeforeProcessingInitializeOnLoad (130ms)
			ProcessInitializeOnLoadAttributes (577ms)
			ProcessInitializeOnLoadMethodAttributes (126ms)
			AfterProcessingInitializeOnLoad (1ms)
			EditorAssembliesLoaded (0ms)
		ExecutionOrderSort2 (0ms)
		AwakeInstancesAfterBackupRestoration (8ms)
Refreshing native plugins compatible for Editor in 0.61 ms, found 4 plugins.
Preloading 0 native plugins for Editor in 0.00 ms.
Unloading 25 Unused Serialized files (Serialized files now loaded: 0)
Unloading 7276 unused Assets / (6.6 MB). Loaded Objects now: 8071.
Memory consumption went from 189.5 MB to 183.0 MB.
Total: 17.253400 ms (FindLiveObjects: 0.614200 ms CreateObjectMapping: 0.537600 ms MarkObjects: 13.873900 ms  DeleteObjects: 2.226300 ms)

Prepare: number of updated asset objects reloaded= 0
========================================================================
Received Prepare
Begin MonoManager ReloadAssembly
Symbol file data-00000180913F4020 doesn't match image G:\Unity6\ClientFrame\Assets\ThirdParty\Sirenix\Assemblies\Sirenix.OdinInspector.Editor.dll
Symbol file LoadedFromMemory is not a mono symbol file
- Loaded All Assemblies, in  0.629 seconds
Refreshing native plugins compatible for Editor in 0.62 ms, found 4 plugins.
Assertion failed on expression: 'pred(*previous, *i)'
Assertion failed on expression: 'pred(*previous, *i)'
Assertion failed on expression: 'pred(*previous, *i)'
Native extension for iOS target not found
Native extension for Android target not found
Native extension for WindowsStandalone target not found
Native extension for WebGL target not found
Mono: successfully reloaded assembly
- Finished resetting the current domain, in  0.998 seconds
Domain Reload Profiling: 1630ms
	BeginReloadAssembly (163ms)
		ExecutionOrderSort (0ms)
		DisableScriptedObjects (10ms)
		BackupInstance (0ms)
		ReleaseScriptingObjects (0ms)
		CreateAndSetChildDomain (53ms)
	RebuildCommonClasses (24ms)
	RebuildNativeTypeToScriptingClass (8ms)
	initialDomainReloadingComplete (18ms)
	LoadAllAssembliesAndSetupDomain (418ms)
		LoadAssemblies (299ms)
		RebuildTransferFunctionScriptingTraits (0ms)
		AnalyzeDomain (186ms)
			TypeCache.Refresh (12ms)
				TypeCache.ScanAssembly (2ms)
			BuildScriptInfoCaches (150ms)
			ResolveRequiredComponents (21ms)
	FinalizeReload (998ms)
		ReleaseScriptCaches (0ms)
		RebuildScriptCaches (0ms)
		SetupLoadedEditorAssemblies (830ms)
			LogAssemblyErrors (0ms)
			InitializePlatformSupportModulesInManaged (14ms)
			SetLoadedEditorAssemblies (6ms)
			BeforeProcessingInitializeOnLoad (129ms)
			ProcessInitializeOnLoadAttributes (524ms)
			ProcessInitializeOnLoadMethodAttributes (156ms)
			AfterProcessingInitializeOnLoad (1ms)
			EditorAssembliesLoaded (0ms)
		ExecutionOrderSort2 (0ms)
		AwakeInstancesAfterBackupRestoration (9ms)
Refreshing native plugins compatible for Editor in 0.75 ms, found 4 plugins.
Preloading 0 native plugins for Editor in 0.00 ms.
Unloading 25 Unused Serialized files (Serialized files now loaded: 0)
Unloading 7276 unused Assets / (6.5 MB). Loaded Objects now: 8073.
Memory consumption went from 189.7 MB to 183.2 MB.
Total: 16.908400 ms (FindLiveObjects: 0.650000 ms CreateObjectMapping: 0.568900 ms MarkObjects: 13.389700 ms  DeleteObjects: 2.298800 ms)

Prepare: number of updated asset objects reloaded= 0
========================================================================
Received Prepare
Begin MonoManager ReloadAssembly
Symbol file data-00000180913F4020 doesn't match image G:\Unity6\ClientFrame\Assets\ThirdParty\Sirenix\Assemblies\Sirenix.OdinInspector.Editor.dll
Symbol file LoadedFromMemory is not a mono symbol file
- Loaded All Assemblies, in  0.601 seconds
Refreshing native plugins compatible for Editor in 0.58 ms, found 4 plugins.
Assertion failed on expression: 'pred(*previous, *i)'
Assertion failed on expression: 'pred(*previous, *i)'
Assertion failed on expression: 'pred(*previous, *i)'
Native extension for iOS target not found
Native extension for Android target not found
Native extension for WindowsStandalone target not found
Native extension for WebGL target not found
Mono: successfully reloaded assembly
- Finished resetting the current domain, in  1.010 seconds
Domain Reload Profiling: 1615ms
	BeginReloadAssembly (157ms)
		ExecutionOrderSort (0ms)
		DisableScriptedObjects (10ms)
		BackupInstance (0ms)
		ReleaseScriptingObjects (0ms)
		CreateAndSetChildDomain (49ms)
	RebuildCommonClasses (23ms)
	RebuildNativeTypeToScriptingClass (9ms)
	initialDomainReloadingComplete (17ms)
	LoadAllAssembliesAndSetupDomain (397ms)
		LoadAssemblies (290ms)
		RebuildTransferFunctionScriptingTraits (0ms)
		AnalyzeDomain (173ms)
			TypeCache.Refresh (7ms)
				TypeCache.ScanAssembly (0ms)
			BuildScriptInfoCaches (151ms)
			ResolveRequiredComponents (12ms)
	FinalizeReload (1011ms)
		ReleaseScriptCaches (0ms)
		RebuildScriptCaches (0ms)
		SetupLoadedEditorAssemblies (847ms)
			LogAssemblyErrors (0ms)
			InitializePlatformSupportModulesInManaged (11ms)
			SetLoadedEditorAssemblies (6ms)
			BeforeProcessingInitializeOnLoad (126ms)
			ProcessInitializeOnLoadAttributes (551ms)
			ProcessInitializeOnLoadMethodAttributes (151ms)
			AfterProcessingInitializeOnLoad (1ms)
			EditorAssembliesLoaded (0ms)
		ExecutionOrderSort2 (0ms)
		AwakeInstancesAfterBackupRestoration (10ms)
Refreshing native plugins compatible for Editor in 0.81 ms, found 4 plugins.
Preloading 0 native plugins for Editor in 0.00 ms.
Unloading 25 Unused Serialized files (Serialized files now loaded: 0)
Unloading 7276 unused Assets / (6.5 MB). Loaded Objects now: 8075.
Memory consumption went from 189.8 MB to 183.3 MB.
Total: 18.869500 ms (FindLiveObjects: 0.618500 ms CreateObjectMapping: 0.622700 ms MarkObjects: 15.168700 ms  DeleteObjects: 2.457600 ms)

Prepare: number of updated asset objects reloaded= 0
========================================================================
Received Prepare
Refreshing native plugins compatible for Editor in 0.80 ms, found 4 plugins.
Preloading 0 native plugins for Editor in 0.00 ms.
Unloading 25 Unused Serialized files (Serialized files now loaded: 0)
Unloading 7265 unused Assets / (6.6 MB). Loaded Objects now: 8075.
Memory consumption went from 190.1 MB to 183.6 MB.
Total: 21.324400 ms (FindLiveObjects: 0.688400 ms CreateObjectMapping: 0.956900 ms MarkObjects: 16.711900 ms  DeleteObjects: 2.966100 ms)

Prepare: number of updated asset objects reloaded= 0
========================================================================
Received Prepare
Begin MonoManager ReloadAssembly
Symbol file data-0000018093C09010 doesn't match image G:\Unity6\ClientFrame\Assets\ThirdParty\Sirenix\Assemblies\Sirenix.OdinInspector.Editor.dll
Symbol file LoadedFromMemory is not a mono symbol file
- Loaded All Assemblies, in  0.608 seconds
Refreshing native plugins compatible for Editor in 0.52 ms, found 4 plugins.
Assertion failed on expression: 'pred(*previous, *i)'
Assertion failed on expression: 'pred(*previous, *i)'
Assertion failed on expression: 'pred(*previous, *i)'
Native extension for iOS target not found
Native extension for Android target not found
Native extension for WindowsStandalone target not found
Native extension for WebGL target not found
Mono: successfully reloaded assembly
- Finished resetting the current domain, in  0.971 seconds
Domain Reload Profiling: 1582ms
	BeginReloadAssembly (158ms)
		ExecutionOrderSort (0ms)
		DisableScriptedObjects (11ms)
		BackupInstance (0ms)
		ReleaseScriptingObjects (0ms)
		CreateAndSetChildDomain (51ms)
	RebuildCommonClasses (25ms)
	RebuildNativeTypeToScriptingClass (9ms)
	initialDomainReloadingComplete (18ms)
	LoadAllAssembliesAndSetupDomain (400ms)
		LoadAssemblies (289ms)
		RebuildTransferFunctionScriptingTraits (0ms)
		AnalyzeDomain (175ms)
			TypeCache.Refresh (13ms)
				TypeCache.ScanAssembly (3ms)
			BuildScriptInfoCaches (148ms)
			ResolveRequiredComponents (10ms)
	FinalizeReload (972ms)
		ReleaseScriptCaches (0ms)
		RebuildScriptCaches (0ms)
		SetupLoadedEditorAssemblies (821ms)
			LogAssemblyErrors (0ms)
			InitializePlatformSupportModulesInManaged (12ms)
			SetLoadedEditorAssemblies (6ms)
			BeforeProcessingInitializeOnLoad (134ms)
			ProcessInitializeOnLoadAttributes (538ms)
			ProcessInitializeOnLoadMethodAttributes (129ms)
			AfterProcessingInitializeOnLoad (1ms)
			EditorAssembliesLoaded (0ms)
		ExecutionOrderSort2 (0ms)
		AwakeInstancesAfterBackupRestoration (9ms)
Refreshing native plugins compatible for Editor in 0.60 ms, found 4 plugins.
Preloading 0 native plugins for Editor in 0.00 ms.
Unloading 25 Unused Serialized files (Serialized files now loaded: 0)
Unloading 7276 unused Assets / (6.3 MB). Loaded Objects now: 8077.
Memory consumption went from 190.1 MB to 183.9 MB.
Total: 15.977700 ms (FindLiveObjects: 0.509400 ms CreateObjectMapping: 0.500600 ms MarkObjects: 13.040000 ms  DeleteObjects: 1.927000 ms)

Prepare: number of updated asset objects reloaded= 0
========================================================================
Received Prepare
Begin MonoManager ReloadAssembly
Symbol file data-0000018093C09010 doesn't match image G:\Unity6\ClientFrame\Assets\ThirdParty\Sirenix\Assemblies\Sirenix.OdinInspector.Editor.dll
Symbol file LoadedFromMemory is not a mono symbol file
- Loaded All Assemblies, in  0.621 seconds
Refreshing native plugins compatible for Editor in 0.64 ms, found 4 plugins.
Assertion failed on expression: 'pred(*previous, *i)'
Assertion failed on expression: 'pred(*previous, *i)'
Assertion failed on expression: 'pred(*previous, *i)'
Native extension for iOS target not found
Native extension for Android target not found
Native extension for WindowsStandalone target not found
Native extension for WebGL target not found
Mono: successfully reloaded assembly
- Finished resetting the current domain, in  0.999 seconds
Domain Reload Profiling: 1623ms
	BeginReloadAssembly (176ms)
		ExecutionOrderSort (0ms)
		DisableScriptedObjects (10ms)
		BackupInstance (0ms)
		ReleaseScriptingObjects (0ms)
		CreateAndSetChildDomain (52ms)
	RebuildCommonClasses (23ms)
	RebuildNativeTypeToScriptingClass (9ms)
	initialDomainReloadingComplete (18ms)
	LoadAllAssembliesAndSetupDomain (398ms)
		LoadAssemblies (302ms)
		RebuildTransferFunctionScriptingTraits (0ms)
		AnalyzeDomain (177ms)
			TypeCache.Refresh (7ms)
				TypeCache.ScanAssembly (0ms)
			BuildScriptInfoCaches (155ms)
			ResolveRequiredComponents (12ms)
	FinalizeReload (999ms)
		ReleaseScriptCaches (0ms)
		RebuildScriptCaches (0ms)
		SetupLoadedEditorAssemblies (840ms)
			LogAssemblyErrors (0ms)
			InitializePlatformSupportModulesInManaged (11ms)
			SetLoadedEditorAssemblies (6ms)
			BeforeProcessingInitializeOnLoad (134ms)
			ProcessInitializeOnLoadAttributes (545ms)
			ProcessInitializeOnLoadMethodAttributes (144ms)
			AfterProcessingInitializeOnLoad (1ms)
			EditorAssembliesLoaded (0ms)
		ExecutionOrderSort2 (0ms)
		AwakeInstancesAfterBackupRestoration (9ms)
Refreshing native plugins compatible for Editor in 1.13 ms, found 4 plugins.
Preloading 0 native plugins for Editor in 0.00 ms.
Unloading 25 Unused Serialized files (Serialized files now loaded: 0)
Unloading 7276 unused Assets / (6.5 MB). Loaded Objects now: 8079.
Memory consumption went from 190.3 MB to 183.8 MB.
Total: 18.100000 ms (FindLiveObjects: 0.638400 ms CreateObjectMapping: 0.612800 ms MarkObjects: 14.535400 ms  DeleteObjects: 2.312000 ms)

Prepare: number of updated asset objects reloaded= 0
========================================================================
Received Prepare
Begin MonoManager ReloadAssembly
Symbol file data-0000018093C09010 doesn't match image G:\Unity6\ClientFrame\Assets\ThirdParty\Sirenix\Assemblies\Sirenix.OdinInspector.Editor.dll
Symbol file LoadedFromMemory is not a mono symbol file
- Loaded All Assemblies, in  0.582 seconds
Refreshing native plugins compatible for Editor in 0.92 ms, found 4 plugins.
Assertion failed on expression: 'pred(*previous, *i)'
Assertion failed on expression: 'pred(*previous, *i)'
Assertion failed on expression: 'pred(*previous, *i)'
Native extension for iOS target not found
Native extension for Android target not found
Native extension for WindowsStandalone target not found
Native extension for WebGL target not found
Mono: successfully reloaded assembly
- Finished resetting the current domain, in  0.966 seconds
Domain Reload Profiling: 1551ms
	BeginReloadAssembly (152ms)
		ExecutionOrderSort (0ms)
		DisableScriptedObjects (10ms)
		BackupInstance (0ms)
		ReleaseScriptingObjects (0ms)
		CreateAndSetChildDomain (46ms)
	RebuildCommonClasses (23ms)
	RebuildNativeTypeToScriptingClass (8ms)
	initialDomainReloadingComplete (17ms)
	LoadAllAssembliesAndSetupDomain (384ms)
		LoadAssemblies (276ms)
		RebuildTransferFunctionScriptingTraits (0ms)
		AnalyzeDomain (172ms)
			TypeCache.Refresh (8ms)
				TypeCache.ScanAssembly (0ms)
			BuildScriptInfoCaches (151ms)
			ResolveRequiredComponents (10ms)
	FinalizeReload (966ms)
		ReleaseScriptCaches (0ms)
		RebuildScriptCaches (0ms)
		SetupLoadedEditorAssemblies (814ms)
			LogAssemblyErrors (0ms)
			InitializePlatformSupportModulesInManaged (10ms)
			SetLoadedEditorAssemblies (6ms)
			BeforeProcessingInitializeOnLoad (126ms)
			ProcessInitializeOnLoadAttributes (530ms)
			ProcessInitializeOnLoadMethodAttributes (140ms)
			AfterProcessingInitializeOnLoad (1ms)
			EditorAssembliesLoaded (0ms)
		ExecutionOrderSort2 (0ms)
		AwakeInstancesAfterBackupRestoration (12ms)
Refreshing native plugins compatible for Editor in 0.78 ms, found 4 plugins.
Preloading 0 native plugins for Editor in 0.00 ms.
Unloading 25 Unused Serialized files (Serialized files now loaded: 0)
Unloading 7276 unused Assets / (6.2 MB). Loaded Objects now: 8081.
Memory consumption went from 190.5 MB to 184.3 MB.
Total: 18.534100 ms (FindLiveObjects: 0.611000 ms CreateObjectMapping: 0.672100 ms MarkObjects: 14.559700 ms  DeleteObjects: 2.690200 ms)

Prepare: number of updated asset objects reloaded= 0
========================================================================
Received Prepare
Begin MonoManager ReloadAssembly
Symbol file data-0000018093C09010 doesn't match image G:\Unity6\ClientFrame\Assets\ThirdParty\Sirenix\Assemblies\Sirenix.OdinInspector.Editor.dll
Symbol file LoadedFromMemory is not a mono symbol file
- Loaded All Assemblies, in  0.649 seconds
Refreshing native plugins compatible for Editor in 0.89 ms, found 4 plugins.
Assertion failed on expression: 'pred(*previous, *i)'
Assertion failed on expression: 'pred(*previous, *i)'
Assertion failed on expression: 'pred(*previous, *i)'
Native extension for iOS target not found
Native extension for Android target not found
Native extension for WindowsStandalone target not found
Native extension for WebGL target not found
Mono: successfully reloaded assembly
- Finished resetting the current domain, in  0.961 seconds
Domain Reload Profiling: 1613ms
	BeginReloadAssembly (173ms)
		ExecutionOrderSort (0ms)
		DisableScriptedObjects (11ms)
		BackupInstance (0ms)
		ReleaseScriptingObjects (0ms)
		CreateAndSetChildDomain (59ms)
	RebuildCommonClasses (25ms)
	RebuildNativeTypeToScriptingClass (9ms)
	initialDomainReloadingComplete (22ms)
	LoadAllAssembliesAndSetupDomain (423ms)
		LoadAssemblies (317ms)
		RebuildTransferFunctionScriptingTraits (0ms)
		AnalyzeDomain (175ms)
			TypeCache.Refresh (12ms)
				TypeCache.ScanAssembly (2ms)
			BuildScriptInfoCaches (150ms)
			ResolveRequiredComponents (10ms)
	FinalizeReload (962ms)
		ReleaseScriptCaches (0ms)
		RebuildScriptCaches (0ms)
		SetupLoadedEditorAssemblies (810ms)
			LogAssemblyErrors (0ms)
			InitializePlatformSupportModulesInManaged (10ms)
			SetLoadedEditorAssemblies (6ms)
			BeforeProcessingInitializeOnLoad (125ms)
			ProcessInitializeOnLoadAttributes (534ms)
			ProcessInitializeOnLoadMethodAttributes (134ms)
			AfterProcessingInitializeOnLoad (1ms)
			EditorAssembliesLoaded (0ms)
		ExecutionOrderSort2 (0ms)
		AwakeInstancesAfterBackupRestoration (10ms)
Refreshing native plugins compatible for Editor in 0.99 ms, found 4 plugins.
Preloading 0 native plugins for Editor in 0.00 ms.
Unloading 25 Unused Serialized files (Serialized files now loaded: 0)
Unloading 7276 unused Assets / (6.9 MB). Loaded Objects now: 8083.
Memory consumption went from 190.6 MB to 183.7 MB.
Total: 18.435800 ms (FindLiveObjects: 0.570300 ms CreateObjectMapping: 0.504100 ms MarkObjects: 14.306900 ms  DeleteObjects: 3.053200 ms)

Prepare: number of updated asset objects reloaded= 0
========================================================================
Received Prepare
Begin MonoManager ReloadAssembly
Symbol file data-0000018093C09010 doesn't match image G:\Unity6\ClientFrame\Assets\ThirdParty\Sirenix\Assemblies\Sirenix.OdinInspector.Editor.dll
Symbol file LoadedFromMemory is not a mono symbol file
- Loaded All Assemblies, in  0.596 seconds
Refreshing native plugins compatible for Editor in 0.61 ms, found 4 plugins.
Assertion failed on expression: 'pred(*previous, *i)'
Assertion failed on expression: 'pred(*previous, *i)'
Assertion failed on expression: 'pred(*previous, *i)'
Native extension for iOS target not found
Native extension for Android target not found
Native extension for WindowsStandalone target not found
Native extension for WebGL target not found
Mono: successfully reloaded assembly
- Finished resetting the current domain, in  0.990 seconds
Domain Reload Profiling: 1589ms
	BeginReloadAssembly (159ms)
		ExecutionOrderSort (0ms)
		DisableScriptedObjects (11ms)
		BackupInstance (0ms)
		ReleaseScriptingObjects (0ms)
		CreateAndSetChildDomain (50ms)
	RebuildCommonClasses (22ms)
	RebuildNativeTypeToScriptingClass (8ms)
	initialDomainReloadingComplete (18ms)
	LoadAllAssembliesAndSetupDomain (391ms)
		LoadAssemblies (285ms)
		RebuildTransferFunctionScriptingTraits (0ms)
		AnalyzeDomain (172ms)
			TypeCache.Refresh (8ms)
				TypeCache.ScanAssembly (0ms)
			BuildScriptInfoCaches (150ms)
			ResolveRequiredComponents (11ms)
	FinalizeReload (990ms)
		ReleaseScriptCaches (0ms)
		RebuildScriptCaches (0ms)
		SetupLoadedEditorAssemblies (841ms)
			LogAssemblyErrors (0ms)
			InitializePlatformSupportModulesInManaged (11ms)
			SetLoadedEditorAssemblies (6ms)
			BeforeProcessingInitializeOnLoad (130ms)
			ProcessInitializeOnLoadAttributes (541ms)
			ProcessInitializeOnLoadMethodAttributes (152ms)
			AfterProcessingInitializeOnLoad (1ms)
			EditorAssembliesLoaded (0ms)
		ExecutionOrderSort2 (0ms)
		AwakeInstancesAfterBackupRestoration (12ms)
Refreshing native plugins compatible for Editor in 1.26 ms, found 4 plugins.
Preloading 0 native plugins for Editor in 0.00 ms.
Unloading 25 Unused Serialized files (Serialized files now loaded: 0)
Unloading 7276 unused Assets / (6.5 MB). Loaded Objects now: 8085.
Memory consumption went from 190.8 MB to 184.2 MB.
Total: 18.374400 ms (FindLiveObjects: 0.587600 ms CreateObjectMapping: 0.702200 ms MarkObjects: 14.384100 ms  DeleteObjects: 2.699500 ms)

Prepare: number of updated asset objects reloaded= 0
========================================================================
Received Prepare
Begin MonoManager ReloadAssembly
Symbol file data-0000018093C09010 doesn't match image G:\Unity6\ClientFrame\Assets\ThirdParty\Sirenix\Assemblies\Sirenix.OdinInspector.Editor.dll
Symbol file LoadedFromMemory is not a mono symbol file
- Loaded All Assemblies, in  0.605 seconds
Refreshing native plugins compatible for Editor in 1.19 ms, found 4 plugins.
Assertion failed on expression: 'pred(*previous, *i)'
Assertion failed on expression: 'pred(*previous, *i)'
Assertion failed on expression: 'pred(*previous, *i)'
Native extension for iOS target not found
Native extension for Android target not found
Native extension for WindowsStandalone target not found
Native extension for WebGL target not found
Mono: successfully reloaded assembly
- Finished resetting the current domain, in  0.978 seconds
Domain Reload Profiling: 1586ms
	BeginReloadAssembly (156ms)
		ExecutionOrderSort (0ms)
		DisableScriptedObjects (10ms)
		BackupInstance (0ms)
		ReleaseScriptingObjects (0ms)
		CreateAndSetChildDomain (47ms)
	RebuildCommonClasses (24ms)
	RebuildNativeTypeToScriptingClass (8ms)
	initialDomainReloadingComplete (18ms)
	LoadAllAssembliesAndSetupDomain (401ms)
		LoadAssemblies (287ms)
		RebuildTransferFunctionScriptingTraits (0ms)
		AnalyzeDomain (179ms)
			TypeCache.Refresh (7ms)
				TypeCache.ScanAssembly (0ms)
			BuildScriptInfoCaches (158ms)
			ResolveRequiredComponents (11ms)
	FinalizeReload (978ms)
		ReleaseScriptCaches (0ms)
		RebuildScriptCaches (0ms)
		SetupLoadedEditorAssemblies (827ms)
			LogAssemblyErrors (0ms)
			InitializePlatformSupportModulesInManaged (11ms)
			SetLoadedEditorAssemblies (5ms)
			BeforeProcessingInitializeOnLoad (128ms)
			ProcessInitializeOnLoadAttributes (537ms)
			ProcessInitializeOnLoadMethodAttributes (144ms)
			AfterProcessingInitializeOnLoad (1ms)
			EditorAssembliesLoaded (0ms)
		ExecutionOrderSort2 (0ms)
		AwakeInstancesAfterBackupRestoration (11ms)
Refreshing native plugins compatible for Editor in 0.73 ms, found 4 plugins.
Preloading 0 native plugins for Editor in 0.00 ms.
Unloading 25 Unused Serialized files (Serialized files now loaded: 0)
Unloading 7276 unused Assets / (6.7 MB). Loaded Objects now: 8087.
Memory consumption went from 190.9 MB to 184.2 MB.
Total: 18.927600 ms (FindLiveObjects: 0.771400 ms CreateObjectMapping: 0.523900 ms MarkObjects: 14.831300 ms  DeleteObjects: 2.800100 ms)

Prepare: number of updated asset objects reloaded= 0
========================================================================
Received Prepare
Refreshing native plugins compatible for Editor in 1.01 ms, found 4 plugins.
Preloading 0 native plugins for Editor in 0.00 ms.
Unloading 25 Unused Serialized files (Serialized files now loaded: 0)
Unloading 7266 unused Assets / (6.7 MB). Loaded Objects now: 8088.
Memory consumption went from 191.2 MB to 184.5 MB.
Total: 17.720500 ms (FindLiveObjects: 0.556300 ms CreateObjectMapping: 0.489900 ms MarkObjects: 13.561400 ms  DeleteObjects: 3.112100 ms)

Prepare: number of updated asset objects reloaded= 0
========================================================================
Received Prepare
Begin MonoManager ReloadAssembly
Symbol file data-0000018096165EB0 doesn't match image G:\Unity6\ClientFrame\Assets\ThirdParty\Sirenix\Assemblies\Sirenix.OdinInspector.Editor.dll
Symbol file LoadedFromMemory is not a mono symbol file
- Loaded All Assemblies, in  0.600 seconds
Refreshing native plugins compatible for Editor in 0.56 ms, found 4 plugins.
Assertion failed on expression: 'pred(*previous, *i)'
Assertion failed on expression: 'pred(*previous, *i)'
Assertion failed on expression: 'pred(*previous, *i)'
Assertion failed on expression: 'pred(*previous, *i)'
Native extension for iOS target not found
Native extension for Android target not found
Native extension for WindowsStandalone target not found
Native extension for WebGL target not found
Mono: successfully reloaded assembly
- Finished resetting the current domain, in  0.954 seconds
Domain Reload Profiling: 1557ms
	BeginReloadAssembly (153ms)
		ExecutionOrderSort (0ms)
		DisableScriptedObjects (10ms)
		BackupInstance (0ms)
		ReleaseScriptingObjects (0ms)
		CreateAndSetChildDomain (48ms)
	RebuildCommonClasses (23ms)
	RebuildNativeTypeToScriptingClass (9ms)
	initialDomainReloadingComplete (19ms)
	LoadAllAssembliesAndSetupDomain (399ms)
		LoadAssemblies (276ms)
		RebuildTransferFunctionScriptingTraits (0ms)
		AnalyzeDomain (187ms)
			TypeCache.Refresh (12ms)
				TypeCache.ScanAssembly (2ms)
			BuildScriptInfoCaches (159ms)
			ResolveRequiredComponents (12ms)
	FinalizeReload (955ms)
		ReleaseScriptCaches (0ms)
		RebuildScriptCaches (0ms)
		SetupLoadedEditorAssemblies (807ms)
			LogAssemblyErrors (0ms)
			InitializePlatformSupportModulesInManaged (11ms)
			SetLoadedEditorAssemblies (6ms)
			BeforeProcessingInitializeOnLoad (126ms)
			ProcessInitializeOnLoadAttributes (528ms)
			ProcessInitializeOnLoadMethodAttributes (135ms)
			AfterProcessingInitializeOnLoad (1ms)
			EditorAssembliesLoaded (0ms)
		ExecutionOrderSort2 (0ms)
		AwakeInstancesAfterBackupRestoration (9ms)
Refreshing native plugins compatible for Editor in 0.61 ms, found 4 plugins.
Preloading 0 native plugins for Editor in 0.00 ms.
Unloading 25 Unused Serialized files (Serialized files now loaded: 0)
Unloading 7277 unused Assets / (6.5 MB). Loaded Objects now: 8090.
Memory consumption went from 191.2 MB to 184.8 MB.
Total: 16.749000 ms (FindLiveObjects: 0.580500 ms CreateObjectMapping: 0.483000 ms MarkObjects: 13.422800 ms  DeleteObjects: 2.262000 ms)

Prepare: number of updated asset objects reloaded= 0
========================================================================
Received Import Request.
  Time since last request: 2831.245720 seconds.
  path: Assets/Res/UI/Prefabs/Home/ViewTestData.prefab
  artifactKey: Guid(c63598603df1fa6478439b92324be1bf) Importer(815301076,1909f56bfc062723c751e8b465ee728b)
Start importing Assets/Res/UI/Prefabs/Home/ViewTestData.prefab using Guid(c63598603df1fa6478439b92324be1bf) Importer(815301076,1909f56bfc062723c751e8b465ee728b) (PreviewImporter) -> (artifact id: '5a093218cc2f1d476382f2e05ee77279') in 0.0400747 seconds
Number of updated asset objects reloaded before import = 0Number of asset objects unloaded after import = 28

========================================================================
Received Import Request.
  Time since last request: 75135.435737 seconds.
  path: Assets/Res/UI/Prefabs/Home/LayerGame.prefab
  artifactKey: Guid(7eb8f0d19ae733949abdb1620ee9ace3) Importer(815301076,1909f56bfc062723c751e8b465ee728b)
Start importing Assets/Res/UI/Prefabs/Home/LayerGame.prefab using Guid(7eb8f0d19ae733949abdb1620ee9ace3) Importer(815301076,1909f56bfc062723c751e8b465ee728b) (PreviewImporter) -> (artifact id: '7df3ce4d170a4e1976c40ea253c38981') in 0.0725328 seconds
Number of updated asset objects reloaded before import = 0Number of asset objects unloaded after import = 30

========================================================================
Received Prepare
Begin MonoManager ReloadAssembly
Symbol file data-0000018093C09010 doesn't match image G:\Unity6\ClientFrame\Assets\ThirdParty\Sirenix\Assemblies\Sirenix.OdinInspector.Editor.dll
Symbol file LoadedFromMemory is not a mono symbol file
- Loaded All Assemblies, in  1.135 seconds
Refreshing native plugins compatible for Editor in 0.65 ms, found 4 plugins.
Assertion failed on expression: 'pred(*previous, *i)'
Assertion failed on expression: 'pred(*previous, *i)'
Assertion failed on expression: 'pred(*previous, *i)'
Assertion failed on expression: 'pred(*previous, *i)'
Native extension for iOS target not found
Native extension for Android target not found
Native extension for WindowsStandalone target not found
Native extension for WebGL target not found
Mono: successfully reloaded assembly
- Finished resetting the current domain, in  1.125 seconds
Domain Reload Profiling: 2264ms
	BeginReloadAssembly (408ms)
		ExecutionOrderSort (0ms)
		DisableScriptedObjects (49ms)
		BackupInstance (0ms)
		ReleaseScriptingObjects (1ms)
		CreateAndSetChildDomain (161ms)
	RebuildCommonClasses (26ms)
	RebuildNativeTypeToScriptingClass (9ms)
	initialDomainReloadingComplete (25ms)
	LoadAllAssembliesAndSetupDomain (672ms)
		LoadAssemblies (572ms)
		RebuildTransferFunctionScriptingTraits (0ms)
		AnalyzeDomain (211ms)
			TypeCache.Refresh (11ms)
				TypeCache.ScanAssembly (0ms)
			BuildScriptInfoCaches (185ms)
			ResolveRequiredComponents (12ms)
	FinalizeReload (1125ms)
		ReleaseScriptCaches (0ms)
		RebuildScriptCaches (0ms)
		SetupLoadedEditorAssemblies (949ms)
			LogAssemblyErrors (0ms)
			InitializePlatformSupportModulesInManaged (12ms)
			SetLoadedEditorAssemblies (7ms)
			BeforeProcessingInitializeOnLoad (144ms)
			ProcessInitializeOnLoadAttributes (622ms)
			ProcessInitializeOnLoadMethodAttributes (162ms)
			AfterProcessingInitializeOnLoad (1ms)
			EditorAssembliesLoaded (0ms)
		ExecutionOrderSort2 (0ms)
		AwakeInstancesAfterBackupRestoration (11ms)
Refreshing native plugins compatible for Editor in 0.66 ms, found 4 plugins.
Preloading 0 native plugins for Editor in 0.00 ms.
Unloading 25 Unused Serialized files (Serialized files now loaded: 0)
Unloading 7277 unused Assets / (6.3 MB). Loaded Objects now: 8095.
Memory consumption went from 191.5 MB to 185.2 MB.
Total: 18.928300 ms (FindLiveObjects: 0.658000 ms CreateObjectMapping: 0.597100 ms MarkObjects: 15.372700 ms  DeleteObjects: 2.298800 ms)

Prepare: number of updated asset objects reloaded= 0
========================================================================
Received Import Request.
  Time since last request: 5959.894808 seconds.
  path: Assets/Res/UI/Prefabs/Home/ViewTestData.prefab
  artifactKey: Guid(c63598603df1fa6478439b92324be1bf) Importer(815301076,1909f56bfc062723c751e8b465ee728b)
Start importing Assets/Res/UI/Prefabs/Home/ViewTestData.prefab using Guid(c63598603df1fa6478439b92324be1bf) Importer(815301076,1909f56bfc062723c751e8b465ee728b) (PreviewImporter) -> (artifact id: 'c5e777cb09883ee185c7f1ced5d77aef') in 0.0419049 seconds
Number of updated asset objects reloaded before import = 0Number of asset objects unloaded after import = 28

========================================================================
Received Import Request.
  Time since last request: 23.924627 seconds.
  path: Assets/ThirdParty/TextMesh Pro/Resources/Fonts & Materials/LiberationSans SDF - Fallback.asset
  artifactKey: Guid(2e498d1c8094910479dc3e1b768306a4) Importer(815301076,1909f56bfc062723c751e8b465ee728b)
Start importing Assets/ThirdParty/TextMesh Pro/Resources/Fonts & Materials/LiberationSans SDF - Fallback.asset using Guid(2e498d1c8094910479dc3e1b768306a4) Importer(815301076,1909f56bfc062723c751e8b465ee728b) (PreviewImporter) -> (artifact id: '498280938cddefe63d009a64b874f6dc') in 0.430383 seconds
Number of updated asset objects reloaded before import = 0Number of asset objects unloaded after import = 6

========================================================================
Received Import Request.
  Time since last request: 3.728061 seconds.
  path: Assets/EditorUtils/Res/PrefabTemplate/ViewTemplate.prefab
  artifactKey: Guid(ffa8b8042536d6640a6e0d79474d2bf8) Importer(815301076,1909f56bfc062723c751e8b465ee728b)
Start importing Assets/EditorUtils/Res/PrefabTemplate/ViewTemplate.prefab using Guid(ffa8b8042536d6640a6e0d79474d2bf8) Importer(815301076,1909f56bfc062723c751e8b465ee728b) (PreviewImporter) -> (artifact id: '96b506aa740f4f89fad3c6f31e956cf3') in 0.0047893 seconds
Number of updated asset objects reloaded before import = 0Number of asset objects unloaded after import = 27

========================================================================
Received Import Request.
  Time since last request: 6.414649 seconds.
  path: Assets/EditorUtils/Res/PrefabTemplate/LayerTemplate.prefab
  artifactKey: Guid(b8c98f86f952ace4fa3ebe236e6708be) Importer(815301076,1909f56bfc062723c751e8b465ee728b)
Start importing Assets/EditorUtils/Res/PrefabTemplate/LayerTemplate.prefab using Guid(b8c98f86f952ace4fa3ebe236e6708be) Importer(815301076,1909f56bfc062723c751e8b465ee728b) (PreviewImporter) -> (artifact id: 'f2d2230893298244616b03b2654f0511') in 0.0056995 seconds
Number of updated asset objects reloaded before import = 0Number of asset objects unloaded after import = 29

========================================================================
Received Import Request.
  Time since last request: 12.474148 seconds.
  path: Assets/Res/UI/Prefabs/Home/ViewTestData.prefab
  artifactKey: Guid(c63598603df1fa6478439b92324be1bf) Importer(815301076,1909f56bfc062723c751e8b465ee728b)
Start importing Assets/Res/UI/Prefabs/Home/ViewTestData.prefab using Guid(c63598603df1fa6478439b92324be1bf) Importer(815301076,1909f56bfc062723c751e8b465ee728b) (PreviewImporter) -> (artifact id: 'bab73df272d7f8647ee26d644ee789d3') in 0.1341353 seconds
Number of updated asset objects reloaded before import = 0Number of asset objects unloaded after import = 26

========================================================================
Received Import Request.
  Time since last request: 8.152272 seconds.
  path: Assets/Res/UI/Image/HomeTabBar/BtnActive.png
  artifactKey: Guid(d7f6690743f53fd43a91c2000a155db1) Importer(815301076,1909f56bfc062723c751e8b465ee728b)
Start importing Assets/Res/UI/Image/HomeTabBar/BtnActive.png using Guid(d7f6690743f53fd43a91c2000a155db1) Importer(815301076,1909f56bfc062723c751e8b465ee728b) (PreviewImporter) -> (artifact id: '51706eb5673e4b262df629f9834fb87b') in 0.0614964 seconds
Number of updated asset objects reloaded before import = 0Number of asset objects unloaded after import = 31

========================================================================
Received Import Request.
  Time since last request: 0.000030 seconds.
  path: Assets/Art/Image/pop/close_btn.png
  artifactKey: Guid(414f519364c7ed249bdc75af8c9c01a9) Importer(815301076,1909f56bfc062723c751e8b465ee728b)
Start importing Assets/Art/Image/pop/close_btn.png using Guid(414f519364c7ed249bdc75af8c9c01a9) Importer(815301076,1909f56bfc062723c751e8b465ee728b) (PreviewImporter) -> (artifact id: 'a723c74b5b857a622cee65c7a72186bc') in 0.008471 seconds
Number of updated asset objects reloaded before import = 0Number of asset objects unloaded after import = 3

========================================================================
Received Import Request.
  Time since last request: 0.000031 seconds.
  path: Assets/Art/Image/pop/cancel_btn.png
  artifactKey: Guid(41f69e7d3cf8ffa4c801d426734755ee) Importer(815301076,1909f56bfc062723c751e8b465ee728b)
Start importing Assets/Art/Image/pop/cancel_btn.png using Guid(41f69e7d3cf8ffa4c801d426734755ee) Importer(815301076,1909f56bfc062723c751e8b465ee728b) (PreviewImporter) -> (artifact id: 'b2bce0e5d97827370b30d4521bd67398') in 0.0082736 seconds
Number of updated asset objects reloaded before import = 0Number of asset objects unloaded after import = 3

========================================================================
Received Import Request.
  Time since last request: 0.000022 seconds.
  path: Assets/Art/Image/btnWhite.png
  artifactKey: Guid(7ae9b4e60edd96542b7c4eb15bb2606b) Importer(815301076,1909f56bfc062723c751e8b465ee728b)
Start importing Assets/Art/Image/btnWhite.png using Guid(7ae9b4e60edd96542b7c4eb15bb2606b) Importer(815301076,1909f56bfc062723c751e8b465ee728b) (PreviewImporter) -> (artifact id: '255860a2f8f67864661dbd70c3bca7f7') in 0.0074457 seconds
Number of updated asset objects reloaded before import = 0Number of asset objects unloaded after import = 3

========================================================================
Received Import Request.
  Time since last request: 24.011580 seconds.
  path: Assets/Res/UI/Image/HomeTabBar/event1.png
  artifactKey: Guid(03527e4590a88104b96e701a0a37cd91) Importer(815301076,1909f56bfc062723c751e8b465ee728b)
Start importing Assets/Res/UI/Image/HomeTabBar/event1.png using Guid(03527e4590a88104b96e701a0a37cd91) Importer(815301076,1909f56bfc062723c751e8b465ee728b) (PreviewImporter) -> (artifact id: 'bab38235869b6fc4ff6fd3dce6d11ae2') in 0.0186102 seconds
Number of updated asset objects reloaded before import = 0Number of asset objects unloaded after import = 31

========================================================================
Received Import Request.
  Time since last request: 0.683586 seconds.
  path: Assets/Res/UI/Image/HomeTabBar/game1.png
  artifactKey: Guid(36d35517cdbb24e499db5c7f5041b277) Importer(815301076,1909f56bfc062723c751e8b465ee728b)
Start importing Assets/Res/UI/Image/HomeTabBar/game1.png using Guid(36d35517cdbb24e499db5c7f5041b277) Importer(815301076,1909f56bfc062723c751e8b465ee728b) (PreviewImporter) -> (artifact id: 'e5729be9d2ba27abd65c70cee78c210a') in 0.0161358 seconds
Number of updated asset objects reloaded before import = 0Number of asset objects unloaded after import = 31

========================================================================
Received Import Request.
  Time since last request: 0.064948 seconds.
  path: Assets/Art/Image1/heroList/HeroEmotionContainer.png
  artifactKey: Guid(436b5af29e3918d44883c9045936e478) Importer(815301076,1909f56bfc062723c751e8b465ee728b)
Start importing Assets/Art/Image1/heroList/HeroEmotionContainer.png using Guid(436b5af29e3918d44883c9045936e478) Importer(815301076,1909f56bfc062723c751e8b465ee728b) (PreviewImporter) -> (artifact id: '8e7606326a5779c436ed17f9cc693af2') in 0.0101042 seconds
Number of updated asset objects reloaded before import = 0Number of asset objects unloaded after import = 3

========================================================================
Received Import Request.
  Time since last request: 0.462068 seconds.
  path: Assets/Art/Image1/heroList/HeroHPIcon.png
  artifactKey: Guid(fb33ef1ee26b76c44885b49ae3b69276) Importer(815301076,1909f56bfc062723c751e8b465ee728b)
Start importing Assets/Art/Image1/heroList/HeroHPIcon.png using Guid(fb33ef1ee26b76c44885b49ae3b69276) Importer(815301076,1909f56bfc062723c751e8b465ee728b) (PreviewImporter) -> (artifact id: '9b7955dce888b7f2a91b8d55b3fe3d03') in 0.0088804 seconds
Number of updated asset objects reloaded before import = 0Number of asset objects unloaded after import = 3

========================================================================
Received Import Request.
  Time since last request: 0.149929 seconds.
  path: Assets/Art/Image1/heroList/HeroStatisticsDecSlash.png
  artifactKey: Guid(3784195d1834bbe4c850296132dae9eb) Importer(815301076,1909f56bfc062723c751e8b465ee728b)
Start importing Assets/Art/Image1/heroList/HeroStatisticsDecSlash.png using Guid(3784195d1834bbe4c850296132dae9eb) Importer(815301076,1909f56bfc062723c751e8b465ee728b) (PreviewImporter) -> (artifact id: '2587a09f067a0a01266522d90b9dc0bd') in 0.0215094 seconds
Number of updated asset objects reloaded before import = 0Number of asset objects unloaded after import = 8

========================================================================
Received Import Request.
  Time since last request: 3.948822 seconds.
  path: Assets/Art/Image1/Item1/Item_A_63.png
  artifactKey: Guid(00769ee48a69f674d921843117107051) Importer(815301076,1909f56bfc062723c751e8b465ee728b)
Start importing Assets/Art/Image1/Item1/Item_A_63.png using Guid(00769ee48a69f674d921843117107051) Importer(815301076,1909f56bfc062723c751e8b465ee728b) (PreviewImporter) -> (artifact id: '51e926d19011a0b9629ee7452a93824c') in 0.0125977 seconds
Number of updated asset objects reloaded before import = 0Number of asset objects unloaded after import = 3

========================================================================
Received Import Request.
  Time since last request: 0.041603 seconds.
  path: Assets/Art/Image1/Item1/Item_B_64.png
  artifactKey: Guid(c385c9b2b38c9834ba4fd2ae67115054) Importer(815301076,1909f56bfc062723c751e8b465ee728b)
Start importing Assets/Art/Image1/Item1/Item_B_64.png using Guid(c385c9b2b38c9834ba4fd2ae67115054) Importer(815301076,1909f56bfc062723c751e8b465ee728b) (PreviewImporter) -> (artifact id: 'cd0d44c849976d73f85577b85b31a518') in 0.0138378 seconds
Number of updated asset objects reloaded before import = 0Number of asset objects unloaded after import = 3

========================================================================
Received Import Request.
  Time since last request: 0.424453 seconds.
  path: Assets/Art/Image1/Item1/Item_E_02.png
  artifactKey: Guid(ab5b9c0e10c9fc545afbc15aa668caa2) Importer(815301076,1909f56bfc062723c751e8b465ee728b)
Start importing Assets/Art/Image1/Item1/Item_E_02.png using Guid(ab5b9c0e10c9fc545afbc15aa668caa2) Importer(815301076,1909f56bfc062723c751e8b465ee728b) (PreviewImporter) -> (artifact id: '8de398bff2304b142ffa9117d684b266') in 0.016652 seconds
Number of updated asset objects reloaded before import = 0Number of asset objects unloaded after import = 3

========================================================================
Received Import Request.
  Time since last request: 0.000028 seconds.
  path: Assets/Art/Image1/Item1/Item_E_05.png
  artifactKey: Guid(e34bccd71d76ce44085f10d3bedbbf9d) Importer(815301076,1909f56bfc062723c751e8b465ee728b)
Start importing Assets/Art/Image1/Item1/Item_E_05.png using Guid(e34bccd71d76ce44085f10d3bedbbf9d) Importer(815301076,1909f56bfc062723c751e8b465ee728b) (PreviewImporter) -> (artifact id: '794025b85af40b136f0f459fb2022750') in 0.0125998 seconds
Number of updated asset objects reloaded before import = 0Number of asset objects unloaded after import = 3

========================================================================
Received Import Request.
  Time since last request: 0.009551 seconds.
  path: Assets/Art/Image1/Item1/Item_F_02.png
  artifactKey: Guid(363b0aaa03a9d794e9721449b6a2154d) Importer(815301076,1909f56bfc062723c751e8b465ee728b)
Start importing Assets/Art/Image1/Item1/Item_F_02.png using Guid(363b0aaa03a9d794e9721449b6a2154d) Importer(815301076,1909f56bfc062723c751e8b465ee728b) (PreviewImporter) -> (artifact id: '78b18a573be8e039d0811a428e03b379') in 0.0125793 seconds
Number of updated asset objects reloaded before import = 0Number of asset objects unloaded after import = 3

========================================================================
Received Import Request.
  Time since last request: 0.023115 seconds.
  path: Assets/Art/Image1/Player/JOKCE_03.png
  artifactKey: Guid(d1bbd0115e1bbb04386d693871cc62b6) Importer(815301076,1909f56bfc062723c751e8b465ee728b)
Start importing Assets/Art/Image1/Player/JOKCE_03.png using Guid(d1bbd0115e1bbb04386d693871cc62b6) Importer(815301076,1909f56bfc062723c751e8b465ee728b) (PreviewImporter) -> (artifact id: '920daf4dbf292d2f230a89b755f6ab83') in 0.0180321 seconds
Number of updated asset objects reloaded before import = 0Number of asset objects unloaded after import = 3

========================================================================
Received Import Request.
  Time since last request: 0.000022 seconds.
  path: Assets/Art/Image1/Player/JOKCE_bg_blue.png
  artifactKey: Guid(672fe7a93f10bf443903f4e6488b810c) Importer(815301076,1909f56bfc062723c751e8b465ee728b)
Start importing Assets/Art/Image1/Player/JOKCE_bg_blue.png using Guid(672fe7a93f10bf443903f4e6488b810c) Importer(815301076,1909f56bfc062723c751e8b465ee728b) (PreviewImporter) -> (artifact id: '27aa939e9a0e74150bb5ca1ab69efa0a') in 0.0112443 seconds
Number of updated asset objects reloaded before import = 0Number of asset objects unloaded after import = 3

Editor requested this worker to shutdown with reason: Scaling down because of idle timeout
AssetImportWorker is now disconnected from the server
Process exiting
Exiting without the bug reporter. Application will terminate with return code 0