Using pre-set license
Built from '6000.0/staging' branch; Version is '6000.0.30f1 (62b05ba0686a) revision 6467675'; Using compiler version '193933523'; Build Type 'Release'
OS: 'Windows 11  (10.0.22631) 64bit Professional' Language: 'zh' Physical Memory: 65306 MB
BatchMode: 1, IsHumanControllingUs: 0, StartBugReporterOnCrash: 0, Is64bit: 1, IsPro: 1

COMMAND LINE ARGUMENTS:
D:\DevelopTools\Unity\Unity_2121\6000.0.30f1\Editor\Unity.exe
-adb2
-batchMode
-noUpm
-name
AssetImportWorker4
-projectPath
G:/Unity6/ClientFrame
-logFile
Logs/AssetImportWorker4.log
-srvPort
49842
-job-worker-count
11
-background-job-worker-count
8
-asset-garbage-collectors
1
Successfully changed project path to: G:/Unity6/ClientFrame
G:/Unity6/ClientFrame
[UnityMemory] Configuration Parameters - Can be set up in boot.config
    "memorysetup-bucket-allocator-granularity=16"
    "memorysetup-bucket-allocator-bucket-count=8"
    "memorysetup-bucket-allocator-block-size=33554432"
    "memorysetup-bucket-allocator-block-count=8"
    "memorysetup-main-allocator-block-size=16777216"
    "memorysetup-thread-allocator-block-size=16777216"
    "memorysetup-gfx-main-allocator-block-size=16777216"
    "memorysetup-gfx-thread-allocator-block-size=16777216"
    "memorysetup-cache-allocator-block-size=4194304"
    "memorysetup-typetree-allocator-block-size=2097152"
    "memorysetup-profiler-bucket-allocator-granularity=16"
    "memorysetup-profiler-bucket-allocator-bucket-count=8"
    "memorysetup-profiler-bucket-allocator-block-size=33554432"
    "memorysetup-profiler-bucket-allocator-block-count=8"
    "memorysetup-profiler-allocator-block-size=16777216"
    "memorysetup-profiler-editor-allocator-block-size=1048576"
    "memorysetup-temp-allocator-size-main=16777216"
    "memorysetup-job-temp-allocator-block-size=2097152"
    "memorysetup-job-temp-allocator-block-size-background=1048576"
    "memorysetup-job-temp-allocator-reduction-small-platforms=262144"
    "memorysetup-allocator-temp-initial-block-size-main=262144"
    "memorysetup-allocator-temp-initial-block-size-worker=262144"
    "memorysetup-temp-allocator-size-background-worker=32768"
    "memorysetup-temp-allocator-size-job-worker=262144"
    "memorysetup-temp-allocator-size-preload-manager=33554432"
    "memorysetup-temp-allocator-size-nav-mesh-worker=65536"
    "memorysetup-temp-allocator-size-audio-worker=65536"
    "memorysetup-temp-allocator-size-cloud-worker=32768"
    "memorysetup-temp-allocator-size-gi-baking-worker=262144"
    "memorysetup-temp-allocator-size-gi-baking-worker=262144"
    "memorysetup-temp-allocator-size-gi-baking-worker=262144"
    "memorysetup-temp-allocator-size-gi-baking-worker=262144"
    "memorysetup-temp-allocator-size-gi-baking-worker=262144"
    "memorysetup-temp-allocator-size-gfx=262144"
Player connection [45076]  Target information:

Player connection [45076]  * "[IP] 172.16.31.73 [Port] 0 [Flags] 2 [Guid] 2476473531 [EditorId] 2476473531 [Version] 1048832 [Id] WindowsEditor(7,DESKTOP-5L87Q4O) [Debug] 1 [PackageName] WindowsEditor [ProjectName] Editor" 

Player connection [45076] Host joined multi-casting on [225.0.0.222:54997]...
Player connection [45076] Host joined alternative multi-casting on [225.0.0.222:34997]...
JobSystem: Creating JobQueue using job-worker-count value 11
[Physics::Module] Initialized fallback backend.
[Physics::Module] Id: 0xdecafbad
Library Redirect Path: Library/
[Physics::Module] Selected backend.
[Physics::Module] Name: PhysX
[Physics::Module] Id: 0xf2b8ea05
[Physics::Module] SDK Version: 4.1.2
[Physics::Module] Integration Version: 1.0.0
[Physics::Module] Threading Mode: Multi-Threaded
Refreshing native plugins compatible for Editor in 1.02 ms, found 4 plugins.
Preloading 0 native plugins for Editor in 0.00 ms.
Initialize engine version: 6000.0.30f1 (62b05ba0686a)
[Subsystems] Discovering subsystems at path D:/DevelopTools/Unity/Unity_2121/6000.0.30f1/Editor/Data/Resources/UnitySubsystems
[Subsystems] Discovering subsystems at path G:/Unity6/ClientFrame/Assets
GfxDevice: creating device client; kGfxThreadingModeNonThreaded
Direct3D:
    Version:  Direct3D 11.0 [level 11.1]
    Renderer: NVIDIA GeForce RTX 3070 (ID=0x2488)
    Vendor:   NVIDIA
    VRAM:     8018 MB
    Driver:   32.0.15.6094
Initialize mono
Mono path[0] = 'D:/DevelopTools/Unity/Unity_2121/6000.0.30f1/Editor/Data/Managed'
Mono path[1] = 'D:/DevelopTools/Unity/Unity_2121/6000.0.30f1/Editor/Data/MonoBleedingEdge/lib/mono/unityjit-win32'
Mono config path = 'D:/DevelopTools/Unity/Unity_2121/6000.0.30f1/Editor/Data/MonoBleedingEdge/etc'
Using monoOptions --debugger-agent=transport=dt_socket,embedding=1,server=y,suspend=n,address=127.0.0.1:56388
Begin MonoManager ReloadAssembly
Registering precompiled unity dll's ...
Register platform support module: D:/DevelopTools/Unity/Unity_2121/6000.0.30f1/Editor/Data/PlaybackEngines/WebGLSupport/UnityEditor.WebGL.Extensions.dll
Register platform support module: D:/DevelopTools/Unity/Unity_2121/6000.0.30f1/Editor/Data/PlaybackEngines/WindowsStandaloneSupport/UnityEditor.WindowsStandalone.Extensions.dll
Register platform support module: D:/DevelopTools/Unity/Unity_2121/6000.0.30f1/Editor/Data/PlaybackEngines/AndroidPlayer/UnityEditor.Android.Extensions.dll
Register platform support module: D:/DevelopTools/Unity/Unity_2121/6000.0.30f1/Editor/Data/PlaybackEngines/iOSSupport/UnityEditor.iOS.Extensions.dll
Registered in 0.002474 seconds.
- Loaded All Assemblies, in  0.338 seconds
[usbmuxd] Start listen thread
[usbmuxd] Listen thread started
Native extension for iOS target not found
Native extension for Android target not found
Android Extension - Scanning For ADB Devices 256 ms
Native extension for WindowsStandalone target not found
Native extension for WebGL target not found
Mono: successfully reloaded assembly
- Finished resetting the current domain, in  0.547 seconds
Domain Reload Profiling: 885ms
	BeginReloadAssembly (105ms)
		ExecutionOrderSort (0ms)
		DisableScriptedObjects (0ms)
		BackupInstance (0ms)
		ReleaseScriptingObjects (0ms)
		CreateAndSetChildDomain (1ms)
	RebuildCommonClasses (28ms)
	RebuildNativeTypeToScriptingClass (12ms)
	initialDomainReloadingComplete (40ms)
	LoadAllAssembliesAndSetupDomain (153ms)
		LoadAssemblies (105ms)
		RebuildTransferFunctionScriptingTraits (0ms)
		AnalyzeDomain (150ms)
			TypeCache.Refresh (148ms)
				TypeCache.ScanAssembly (132ms)
			BuildScriptInfoCaches (0ms)
			ResolveRequiredComponents (1ms)
	FinalizeReload (548ms)
		ReleaseScriptCaches (0ms)
		RebuildScriptCaches (0ms)
		SetupLoadedEditorAssemblies (506ms)
			LogAssemblyErrors (0ms)
			InitializePlatformSupportModulesInManaged (328ms)
			SetLoadedEditorAssemblies (4ms)
			BeforeProcessingInitializeOnLoad (48ms)
			ProcessInitializeOnLoadAttributes (90ms)
			ProcessInitializeOnLoadMethodAttributes (37ms)
			AfterProcessingInitializeOnLoad (0ms)
			EditorAssembliesLoaded (0ms)
		ExecutionOrderSort2 (0ms)
		AwakeInstancesAfterBackupRestoration (0ms)
========================================================================
Worker process is ready to serve import requests
Import Worker Mode flag is 0x00
Begin MonoManager ReloadAssembly
Symbol file data-000002C420A562C0 doesn't match image G:\Unity6\ClientFrame\Assets\ThirdParty\Sirenix\Assemblies\Sirenix.OdinInspector.Editor.dll
Symbol file LoadedFromMemory is not a mono symbol file
- Loaded All Assemblies, in  0.722 seconds
Refreshing native plugins compatible for Editor in 0.55 ms, found 4 plugins.
Native extension for iOS target not found
Native extension for Android target not found
Native extension for WindowsStandalone target not found
Native extension for WebGL target not found
Launched and connected shader compiler UnityShaderCompiler.exe after 0.01 seconds
Mono: successfully reloaded assembly
- Finished resetting the current domain, in  1.079 seconds
Domain Reload Profiling: 1801ms
	BeginReloadAssembly (126ms)
		ExecutionOrderSort (0ms)
		DisableScriptedObjects (4ms)
		BackupInstance (0ms)
		ReleaseScriptingObjects (0ms)
		CreateAndSetChildDomain (24ms)
	RebuildCommonClasses (28ms)
	RebuildNativeTypeToScriptingClass (8ms)
	initialDomainReloadingComplete (25ms)
	LoadAllAssembliesAndSetupDomain (535ms)
		LoadAssemblies (353ms)
		RebuildTransferFunctionScriptingTraits (0ms)
		AnalyzeDomain (260ms)
			TypeCache.Refresh (180ms)
				TypeCache.ScanAssembly (165ms)
			BuildScriptInfoCaches (54ms)
			ResolveRequiredComponents (22ms)
	FinalizeReload (1080ms)
		ReleaseScriptCaches (0ms)
		RebuildScriptCaches (0ms)
		SetupLoadedEditorAssemblies (960ms)
			LogAssemblyErrors (0ms)
			InitializePlatformSupportModulesInManaged (11ms)
			SetLoadedEditorAssemblies (5ms)
			BeforeProcessingInitializeOnLoad (129ms)
			ProcessInitializeOnLoadAttributes (576ms)
			ProcessInitializeOnLoadMethodAttributes (238ms)
			AfterProcessingInitializeOnLoad (1ms)
			EditorAssembliesLoaded (0ms)
		ExecutionOrderSort2 (0ms)
		AwakeInstancesAfterBackupRestoration (4ms)
Refreshing native plugins compatible for Editor in 1.14 ms, found 4 plugins.
Preloading 0 native plugins for Editor in 0.00 ms.
Unloading 266 Unused Serialized files (Serialized files now loaded: 0)
Unloading 7224 unused Assets / (7.1 MB). Loaded Objects now: 7990.
Memory consumption went from 217.5 MB to 210.4 MB.
Total: 30.354400 ms (FindLiveObjects: 0.951900 ms CreateObjectMapping: 1.516500 ms MarkObjects: 22.703800 ms  DeleteObjects: 5.178500 ms)

========================================================================
Received Import Request.
  Time since last request: 188252.925182 seconds.
  path: Assets/Res/UI/Prefabs/Home/HomeTabCell.prefab
  artifactKey: Guid(db242da044e2789498ebddf793e12ad4) Importer(815301076,1909f56bfc062723c751e8b465ee728b)
Start importing Assets/Res/UI/Prefabs/Home/HomeTabCell.prefab using Guid(db242da044e2789498ebddf793e12ad4) Importer(815301076,1909f56bfc062723c751e8b465ee728b) (PreviewImporter) -> (artifact id: '6d62c83ed8d321df666b7242c4cad54b') in 0.0303694 seconds
Number of updated asset objects reloaded before import = 0Number of asset objects unloaded after import = 4

========================================================================
Received Import Request.
  Time since last request: 166.165090 seconds.
  path: Assets/Art/Image/Common/NewPokerUI_Button_Gray.png
  artifactKey: Guid(055ffd8f4c5c4c94ea04e008b833f236) Importer(815301076,1909f56bfc062723c751e8b465ee728b)
Start importing Assets/Art/Image/Common/NewPokerUI_Button_Gray.png using Guid(055ffd8f4c5c4c94ea04e008b833f236) Importer(815301076,1909f56bfc062723c751e8b465ee728b) (PreviewImporter) -> (artifact id: 'e1228c16d26808b1892d1435200f84bb') in 0.0535739 seconds
Number of updated asset objects reloaded before import = 0Number of asset objects unloaded after import = 3

========================================================================
Received Import Request.
  Time since last request: 523.141243 seconds.
  path: Assets/Art/Image/Number/Map
  artifactKey: Guid(e8c8fa4ccc7062c42bf7c5bebb28662e) Importer(815301076,1909f56bfc062723c751e8b465ee728b)
Start importing Assets/Art/Image/Number/Map using Guid(e8c8fa4ccc7062c42bf7c5bebb28662e) Importer(815301076,1909f56bfc062723c751e8b465ee728b) (PreviewImporter) -> (artifact id: '7ea91741b551fd16f63462edb5149477') in 0.0010012 seconds
Number of updated asset objects reloaded before import = 0Number of asset objects unloaded after import = 0

========================================================================
Received Import Request.
  Time since last request: 449.168809 seconds.
  path: Assets/Art/Image/Img/BtnActive.png
  artifactKey: Guid(d7f6690743f53fd43a91c2000a155db1) Importer(815301076,1909f56bfc062723c751e8b465ee728b)
Start importing Assets/Art/Image/Img/BtnActive.png using Guid(d7f6690743f53fd43a91c2000a155db1) Importer(815301076,1909f56bfc062723c751e8b465ee728b) (PreviewImporter) -> (artifact id: '86fe83c47c4587866ab44bbade6292e8') in 0.0128269 seconds
Number of updated asset objects reloaded before import = 0Number of asset objects unloaded after import = 3

========================================================================
Received Import Request.
  Time since last request: 0.797824 seconds.
  path: Assets/Art/Image/Img/BtnInactive.png
  artifactKey: Guid(4dc96d8dfee4b0b4489c151446a373c1) Importer(815301076,1909f56bfc062723c751e8b465ee728b)
Start importing Assets/Art/Image/Img/BtnInactive.png using Guid(4dc96d8dfee4b0b4489c151446a373c1) Importer(815301076,1909f56bfc062723c751e8b465ee728b) (PreviewImporter) -> (artifact id: '5d624039bc6e673734da298878ad1dc2') in 0.0098805 seconds
Number of updated asset objects reloaded before import = 0Number of asset objects unloaded after import = 3

========================================================================
Received Import Request.
  Time since last request: 59.542996 seconds.
  path: Assets/Art/Image/Img/back.png
  artifactKey: Guid(5bb6bc983dc5c2347a4f7fc67738385d) Importer(815301076,1909f56bfc062723c751e8b465ee728b)
Start importing Assets/Art/Image/Img/back.png using Guid(5bb6bc983dc5c2347a4f7fc67738385d) Importer(815301076,1909f56bfc062723c751e8b465ee728b) (PreviewImporter) -> (artifact id: 'f72fbf1cd473ea0804f50439e8e8e6f9') in 0.0099182 seconds
Number of updated asset objects reloaded before import = 0Number of asset objects unloaded after import = 3

========================================================================
Received Import Request.
  Time since last request: 3.200142 seconds.
  path: Assets/Art/Image/Img/aperture_H2_OuterGlow.png
  artifactKey: Guid(dd6d3671f49ac1c43a7cf905660e6920) Importer(815301076,1909f56bfc062723c751e8b465ee728b)
Start importing Assets/Art/Image/Img/aperture_H2_OuterGlow.png using Guid(dd6d3671f49ac1c43a7cf905660e6920) Importer(815301076,1909f56bfc062723c751e8b465ee728b) (PreviewImporter) -> (artifact id: 'e1d5c5479a0cb69053b68064037806fe') in 0.0121136 seconds
Number of updated asset objects reloaded before import = 0Number of asset objects unloaded after import = 3

========================================================================
Received Import Request.
  Time since last request: 73.357657 seconds.
  path: Assets/Game/Scripts/GameClient/UI/Home/ViewTabBar.cs
  artifactKey: Guid(9de8b42004fbc214e83c2bebda92ec7a) Importer(815301076,1909f56bfc062723c751e8b465ee728b)
Start importing Assets/Game/Scripts/GameClient/UI/Home/ViewTabBar.cs using Guid(9de8b42004fbc214e83c2bebda92ec7a) Importer(815301076,1909f56bfc062723c751e8b465ee728b) (PreviewImporter) -> (artifact id: '9ad5b43da957230dca72bc7498413907') in 0.0005046 seconds
Number of updated asset objects reloaded before import = 0Number of asset objects unloaded after import = 0

========================================================================
Received Import Request.
  Time since last request: 69.950382 seconds.
  path: Assets/Art/Image/Img/AvatarCheck.png
  artifactKey: Guid(24feb956eb789794bbc098e78dd82290) Importer(815301076,1909f56bfc062723c751e8b465ee728b)
Start importing Assets/Art/Image/Img/AvatarCheck.png using Guid(24feb956eb789794bbc098e78dd82290) Importer(815301076,1909f56bfc062723c751e8b465ee728b) (PreviewImporter) -> (artifact id: '6a68bcf31f6e1f14fd947bf24ce57e63') in 0.0106711 seconds
Number of updated asset objects reloaded before import = 0Number of asset objects unloaded after import = 3

========================================================================
Received Import Request.
  Time since last request: 2.271147 seconds.
  path: Assets/Art/Image/Img/BgHeroOnFieldCard.png
  artifactKey: Guid(5d19a7e45b78f77439ea5d631512a180) Importer(815301076,1909f56bfc062723c751e8b465ee728b)
Start importing Assets/Art/Image/Img/BgHeroOnFieldCard.png using Guid(5d19a7e45b78f77439ea5d631512a180) Importer(815301076,1909f56bfc062723c751e8b465ee728b) (PreviewImporter) -> (artifact id: '4776264366cdaf467d6e463196addaef') in 0.0166873 seconds
Number of updated asset objects reloaded before import = 0Number of asset objects unloaded after import = 3

========================================================================
Received Import Request.
  Time since last request: 0.361845 seconds.
  path: Assets/Art/Image/Img/boss_icon.png
  artifactKey: Guid(b57f76f00e9c47d4181cf72446d8ef50) Importer(815301076,1909f56bfc062723c751e8b465ee728b)
Start importing Assets/Art/Image/Img/boss_icon.png using Guid(b57f76f00e9c47d4181cf72446d8ef50) Importer(815301076,1909f56bfc062723c751e8b465ee728b) (PreviewImporter) -> (artifact id: 'cd1064f87b8ba03da6e0fe98ccf6eb93') in 0.0121881 seconds
Number of updated asset objects reloaded before import = 0Number of asset objects unloaded after import = 3

========================================================================
Received Import Request.
  Time since last request: 2.763785 seconds.
  path: Assets/Art/Image/Img/BuyPopup_bg2.png
  artifactKey: Guid(7b682c5fbf5f71242b7a04febb172891) Importer(815301076,1909f56bfc062723c751e8b465ee728b)
Start importing Assets/Art/Image/Img/BuyPopup_bg2.png using Guid(7b682c5fbf5f71242b7a04febb172891) Importer(815301076,1909f56bfc062723c751e8b465ee728b) (PreviewImporter) -> (artifact id: '83bd54f7ae666ad3e13de7d80526377b') in 0.0088328 seconds
Number of updated asset objects reloaded before import = 0Number of asset objects unloaded after import = 3

========================================================================
Received Import Request.
  Time since last request: 18.306776 seconds.
  path: Assets/Art/Image/Img/TrianglePointer.png
  artifactKey: Guid(08ef244384cf5df4e86c823fec794b1a) Importer(815301076,1909f56bfc062723c751e8b465ee728b)
Start importing Assets/Art/Image/Img/TrianglePointer.png using Guid(08ef244384cf5df4e86c823fec794b1a) Importer(815301076,1909f56bfc062723c751e8b465ee728b) (PreviewImporter) -> (artifact id: '3021e480b6f978daf2c590d90d6ac19b') in 0.0092734 seconds
Number of updated asset objects reloaded before import = 0Number of asset objects unloaded after import = 3

========================================================================
Received Import Request.
  Time since last request: 1.770198 seconds.
  path: Assets/Art/Image/Img/PopBoxDot.png
  artifactKey: Guid(21c93d43b3625e54ca5d3d00f6c11f72) Importer(815301076,1909f56bfc062723c751e8b465ee728b)
Start importing Assets/Art/Image/Img/PopBoxDot.png using Guid(21c93d43b3625e54ca5d3d00f6c11f72) Importer(815301076,1909f56bfc062723c751e8b465ee728b) (PreviewImporter) -> (artifact id: 'da84b18233dc8324c526c9c5b9fc01af') in 0.0094948 seconds
Number of updated asset objects reloaded before import = 0Number of asset objects unloaded after import = 3

========================================================================
Received Import Request.
  Time since last request: 2.198570 seconds.
  path: Assets/Art/Image/Img/效果图.png
  artifactKey: Guid(f2a0435b44de081489d690564daafcb1) Importer(815301076,1909f56bfc062723c751e8b465ee728b)
Start importing Assets/Art/Image/Img/效果图.png using Guid(f2a0435b44de081489d690564daafcb1) Importer(815301076,1909f56bfc062723c751e8b465ee728b) (PreviewImporter) -> (artifact id: '8c5f5014984b246fcebd44a97bfe9f1a') in 0.0279953 seconds
Number of updated asset objects reloaded before import = 0Number of asset objects unloaded after import = 3

========================================================================
Received Import Request.
  Time since last request: 4.611364 seconds.
  path: Assets/Art/Image/Img/close_btn.png
  artifactKey: Guid(e12f7641b9177fd40bd95e6d4db580b9) Importer(815301076,1909f56bfc062723c751e8b465ee728b)
Start importing Assets/Art/Image/Img/close_btn.png using Guid(e12f7641b9177fd40bd95e6d4db580b9) Importer(815301076,1909f56bfc062723c751e8b465ee728b) (PreviewImporter) -> (artifact id: '9cef0bcab453d8ca22dde593d9cba351') in 0.0075262 seconds
Number of updated asset objects reloaded before import = 0Number of asset objects unloaded after import = 3

========================================================================
Received Import Request.
  Time since last request: 4.517380 seconds.
  path: Assets/Art/Image/Img/close_btn.png
  artifactKey: Guid(e12f7641b9177fd40bd95e6d4db580b9) Importer(815301076,1909f56bfc062723c751e8b465ee728b)
Start importing Assets/Art/Image/Img/close_btn.png using Guid(e12f7641b9177fd40bd95e6d4db580b9) Importer(815301076,1909f56bfc062723c751e8b465ee728b) (PreviewImporter) -> (artifact id: 'c0de554b0a653818d1754675c4310671') in 0.011842 seconds
Number of updated asset objects reloaded before import = 0Number of asset objects unloaded after import = 3

========================================================================
Received Import Request.
  Time since last request: 1.255600 seconds.
  path: Assets/Art/Image/Img/arrow.png
  artifactKey: Guid(1a202a53798b88e49899ec1253909dcd) Importer(815301076,1909f56bfc062723c751e8b465ee728b)
Start importing Assets/Art/Image/Img/arrow.png using Guid(1a202a53798b88e49899ec1253909dcd) Importer(815301076,1909f56bfc062723c751e8b465ee728b) (PreviewImporter) -> (artifact id: '843f0530eab0eb7ae526e2e7cd43354b') in 0.0090538 seconds
Number of updated asset objects reloaded before import = 0Number of asset objects unloaded after import = 3

========================================================================
Received Import Request.
  Time since last request: 0.960584 seconds.
  path: Assets/Art/Image/Img/AttackBlockExpand.png
  artifactKey: Guid(2ebb1795de158c94f81f54149b9e45db) Importer(815301076,1909f56bfc062723c751e8b465ee728b)
Start importing Assets/Art/Image/Img/AttackBlockExpand.png using Guid(2ebb1795de158c94f81f54149b9e45db) Importer(815301076,1909f56bfc062723c751e8b465ee728b) (PreviewImporter) -> (artifact id: '9a3b4e337dc9ebc62965ebc937331cbb') in 0.0109817 seconds
Number of updated asset objects reloaded before import = 0Number of asset objects unloaded after import = 3

========================================================================
Received Import Request.
  Time since last request: 186.418387 seconds.
  path: Assets/Art/Image/HomeTabBar
  artifactKey: Guid(bdf05698f1124824fa30069bb10ab005) Importer(815301076,1909f56bfc062723c751e8b465ee728b)
Start importing Assets/Art/Image/HomeTabBar using Guid(bdf05698f1124824fa30069bb10ab005) Importer(815301076,1909f56bfc062723c751e8b465ee728b) (PreviewImporter) -> (artifact id: 'ca5e11d7169417cb9306ad8338ce9e7e') in 0.0004829 seconds
Number of updated asset objects reloaded before import = 0Number of asset objects unloaded after import = 0

========================================================================
Received Import Request.
  Time since last request: 58.830186 seconds.
  path: Assets/Art/Image/Img/BtnActive.png
  artifactKey: Guid(d7f6690743f53fd43a91c2000a155db1) Importer(815301076,1909f56bfc062723c751e8b465ee728b)
Start importing Assets/Art/Image/Img/BtnActive.png using Guid(d7f6690743f53fd43a91c2000a155db1) Importer(815301076,1909f56bfc062723c751e8b465ee728b) (PreviewImporter) -> (artifact id: '19d788f685ed7ce5eb9503fbd9525034') in 0.0088808 seconds
Number of updated asset objects reloaded before import = 0Number of asset objects unloaded after import = 3

========================================================================
Received Import Request.
  Time since last request: 0.661384 seconds.
  path: Assets/Art/Image/Img/BtnInactive.png
  artifactKey: Guid(4dc96d8dfee4b0b4489c151446a373c1) Importer(815301076,1909f56bfc062723c751e8b465ee728b)
Start importing Assets/Art/Image/Img/BtnInactive.png using Guid(4dc96d8dfee4b0b4489c151446a373c1) Importer(815301076,1909f56bfc062723c751e8b465ee728b) (PreviewImporter) -> (artifact id: '808de035163fcedb423166464f771eb7') in 0.0107313 seconds
Number of updated asset objects reloaded before import = 0Number of asset objects unloaded after import = 3

========================================================================
Received Import Request.
  Time since last request: 8.093363 seconds.
  path: Assets/Art/Image/Img/GemPackIcon_680.png
  artifactKey: Guid(e99cd9375a0f8ea499e7d3469061bda8) Importer(815301076,1909f56bfc062723c751e8b465ee728b)
Start importing Assets/Art/Image/Img/GemPackIcon_680.png using Guid(e99cd9375a0f8ea499e7d3469061bda8) Importer(815301076,1909f56bfc062723c751e8b465ee728b) (PreviewImporter) -> (artifact id: '7691f9e1441ddc7bc7939f2117774126') in 0.0076201 seconds
Number of updated asset objects reloaded before import = 0Number of asset objects unloaded after import = 3

========================================================================
Received Import Request.
  Time since last request: 0.470975 seconds.
  path: Assets/Art/Image/Img/GemPackIcon_300.png
  artifactKey: Guid(37bda6c1a2c8be94b87f4ff465bbbc28) Importer(815301076,1909f56bfc062723c751e8b465ee728b)
Start importing Assets/Art/Image/Img/GemPackIcon_300.png using Guid(37bda6c1a2c8be94b87f4ff465bbbc28) Importer(815301076,1909f56bfc062723c751e8b465ee728b) (PreviewImporter) -> (artifact id: 'cea76ad9d60b5f5675ba11531c5e0740') in 0.0082835 seconds
Number of updated asset objects reloaded before import = 0Number of asset objects unloaded after import = 3

========================================================================
Received Import Request.
  Time since last request: 0.985142 seconds.
  path: Assets/Art/Image/Img/FeedbackRobot.png
  artifactKey: Guid(4ad1721fdbef64a4e90deae00931534c) Importer(815301076,1909f56bfc062723c751e8b465ee728b)
Start importing Assets/Art/Image/Img/FeedbackRobot.png using Guid(4ad1721fdbef64a4e90deae00931534c) Importer(815301076,1909f56bfc062723c751e8b465ee728b) (PreviewImporter) -> (artifact id: '0b6b959ebaff884d38ae57850436e4af') in 0.0079606 seconds
Number of updated asset objects reloaded before import = 0Number of asset objects unloaded after import = 3

========================================================================
Received Import Request.
  Time since last request: 2.317462 seconds.
  path: Assets/Art/Image/Img/efficacy_circle_particle_4.png
  artifactKey: Guid(3e5ba97188c110042aac7a6bfc0d494b) Importer(815301076,1909f56bfc062723c751e8b465ee728b)
Start importing Assets/Art/Image/Img/efficacy_circle_particle_4.png using Guid(3e5ba97188c110042aac7a6bfc0d494b) Importer(815301076,1909f56bfc062723c751e8b465ee728b) (PreviewImporter) -> (artifact id: '253c7a7f2efb44714a5c96c063e8c9cc') in 0.0086109 seconds
Number of updated asset objects reloaded before import = 0Number of asset objects unloaded after import = 3

========================================================================
Received Import Request.
  Time since last request: 0.585889 seconds.
  path: Assets/Art/Image/Img/efficacy_circle_particle_6.png
  artifactKey: Guid(2250bdc433648204695852e77a3c798b) Importer(815301076,1909f56bfc062723c751e8b465ee728b)
Start importing Assets/Art/Image/Img/efficacy_circle_particle_6.png using Guid(2250bdc433648204695852e77a3c798b) Importer(815301076,1909f56bfc062723c751e8b465ee728b) (PreviewImporter) -> (artifact id: 'ee43e3006a9717f228a95976f496cf1d') in 0.0107183 seconds
Number of updated asset objects reloaded before import = 0Number of asset objects unloaded after import = 3

========================================================================
Received Import Request.
  Time since last request: 0.761495 seconds.
  path: Assets/Art/Image/Img/efficacy_circle_particle_7.png
  artifactKey: Guid(a5abcf396f37f6b40899416c24039044) Importer(815301076,1909f56bfc062723c751e8b465ee728b)
Start importing Assets/Art/Image/Img/efficacy_circle_particle_7.png using Guid(a5abcf396f37f6b40899416c24039044) Importer(815301076,1909f56bfc062723c751e8b465ee728b) (PreviewImporter) -> (artifact id: '34ff345e99bfda6715e45ea7a7178fde') in 0.0112105 seconds
Number of updated asset objects reloaded before import = 0Number of asset objects unloaded after import = 3

========================================================================
Received Import Request.
  Time since last request: 0.631047 seconds.
  path: Assets/Art/Image/Img/energy_icon.png
  artifactKey: Guid(8a82b51a62158b04681e43ca2d2827bf) Importer(815301076,1909f56bfc062723c751e8b465ee728b)
Start importing Assets/Art/Image/Img/energy_icon.png using Guid(8a82b51a62158b04681e43ca2d2827bf) Importer(815301076,1909f56bfc062723c751e8b465ee728b) (PreviewImporter) -> (artifact id: '1ee106d2fdb6fc9f69e130f51b023373') in 0.010013 seconds
Number of updated asset objects reloaded before import = 0Number of asset objects unloaded after import = 3

========================================================================
Received Import Request.
  Time since last request: 2.381697 seconds.
  path: Assets/Art/Image/Img/efficacy_circle_2.png
  artifactKey: Guid(ecd2fc595b17e664fb6f2c76e0fa1569) Importer(815301076,1909f56bfc062723c751e8b465ee728b)
Start importing Assets/Art/Image/Img/efficacy_circle_2.png using Guid(ecd2fc595b17e664fb6f2c76e0fa1569) Importer(815301076,1909f56bfc062723c751e8b465ee728b) (PreviewImporter) -> (artifact id: '29b1673484378657ea01c873c26dc61c') in 0.0128934 seconds
Number of updated asset objects reloaded before import = 0Number of asset objects unloaded after import = 3

========================================================================
Received Import Request.
  Time since last request: 2.523749 seconds.
  path: Assets/Art/Image/Img/GemPackIcon_6480.png
  artifactKey: Guid(10da440023b218544b48c04e11add262) Importer(815301076,1909f56bfc062723c751e8b465ee728b)
Start importing Assets/Art/Image/Img/GemPackIcon_6480.png using Guid(10da440023b218544b48c04e11add262) Importer(815301076,1909f56bfc062723c751e8b465ee728b) (PreviewImporter) -> (artifact id: 'ce41ba40d1dd4f74ca2431d34cc908ce') in 0.0109849 seconds
Number of updated asset objects reloaded before import = 0Number of asset objects unloaded after import = 3

========================================================================
Received Import Request.
  Time since last request: 0.394814 seconds.
  path: Assets/Art/Image/Img/hand_dec.png
  artifactKey: Guid(d40415198a315604392c47b91e6a67b5) Importer(815301076,1909f56bfc062723c751e8b465ee728b)
Start importing Assets/Art/Image/Img/hand_dec.png using Guid(d40415198a315604392c47b91e6a67b5) Importer(815301076,1909f56bfc062723c751e8b465ee728b) (PreviewImporter) -> (artifact id: 'cfe14b7559716b5f5479e2cc25a2e267') in 0.0113741 seconds
Number of updated asset objects reloaded before import = 0Number of asset objects unloaded after import = 3

========================================================================
Received Import Request.
  Time since last request: 1.290073 seconds.
  path: Assets/Art/Image/Img/Go_btn.png
  artifactKey: Guid(4cbec1d6c0ea6404da048e5c5fded383) Importer(815301076,1909f56bfc062723c751e8b465ee728b)
Start importing Assets/Art/Image/Img/Go_btn.png using Guid(4cbec1d6c0ea6404da048e5c5fded383) Importer(815301076,1909f56bfc062723c751e8b465ee728b) (PreviewImporter) -> (artifact id: '13abecbe580c2262ec34c16ea62e5cd5') in 0.0096759 seconds
Number of updated asset objects reloaded before import = 0Number of asset objects unloaded after import = 3

========================================================================
Received Import Request.
  Time since last request: 0.386008 seconds.
  path: Assets/Art/Image/Img/GetReady.png
  artifactKey: Guid(6cbeecd0bd537a44b9e3fe4e8da6e861) Importer(815301076,1909f56bfc062723c751e8b465ee728b)
Start importing Assets/Art/Image/Img/GetReady.png using Guid(6cbeecd0bd537a44b9e3fe4e8da6e861) Importer(815301076,1909f56bfc062723c751e8b465ee728b) (PreviewImporter) -> (artifact id: 'f7c1c7f5e7d33a925995547ee2cca14f') in 0.0096889 seconds
Number of updated asset objects reloaded before import = 0Number of asset objects unloaded after import = 3

========================================================================
Received Import Request.
  Time since last request: 3.040210 seconds.
  path: Assets/Art/Image/Img/hero_circle.png
  artifactKey: Guid(df3e0d1e21824ba4986a8677bfd19324) Importer(815301076,1909f56bfc062723c751e8b465ee728b)
Start importing Assets/Art/Image/Img/hero_circle.png using Guid(df3e0d1e21824ba4986a8677bfd19324) Importer(815301076,1909f56bfc062723c751e8b465ee728b) (PreviewImporter) -> (artifact id: '95161dbd84b6c5832b0f60c24002a8ee') in 0.0123398 seconds
Number of updated asset objects reloaded before import = 0Number of asset objects unloaded after import = 3

========================================================================
Received Import Request.
  Time since last request: 0.669302 seconds.
  path: Assets/Art/Image/Img/HeroActive.png
  artifactKey: Guid(178364f9775e9f74e90a596ac72e76d1) Importer(815301076,1909f56bfc062723c751e8b465ee728b)
Start importing Assets/Art/Image/Img/HeroActive.png using Guid(178364f9775e9f74e90a596ac72e76d1) Importer(815301076,1909f56bfc062723c751e8b465ee728b) (PreviewImporter) -> (artifact id: 'b47f9a688ddd8df0be51f2108c612de9') in 0.0118495 seconds
Number of updated asset objects reloaded before import = 0Number of asset objects unloaded after import = 3

========================================================================
Received Import Request.
  Time since last request: 0.730387 seconds.
  path: Assets/Art/Image/Img/HeroAtkIcon.png
  artifactKey: Guid(984e2e566076ae84386eb936841864d0) Importer(815301076,1909f56bfc062723c751e8b465ee728b)
Start importing Assets/Art/Image/Img/HeroAtkIcon.png using Guid(984e2e566076ae84386eb936841864d0) Importer(815301076,1909f56bfc062723c751e8b465ee728b) (PreviewImporter) -> (artifact id: '7f2df4815fc45dadeafb23759881f9ed') in 0.0096804 seconds
Number of updated asset objects reloaded before import = 0Number of asset objects unloaded after import = 3

========================================================================
Received Import Request.
  Time since last request: 1.338591 seconds.
  path: Assets/Art/Image/Img/HeroCardBase_Ada.png
  artifactKey: Guid(b9922e0b5c62c8e4395ad3b0842cce4b) Importer(815301076,1909f56bfc062723c751e8b465ee728b)
Start importing Assets/Art/Image/Img/HeroCardBase_Ada.png using Guid(b9922e0b5c62c8e4395ad3b0842cce4b) Importer(815301076,1909f56bfc062723c751e8b465ee728b) (PreviewImporter) -> (artifact id: '53ea8a02ab28ae0860891185b883b589') in 0.010762 seconds
Number of updated asset objects reloaded before import = 0Number of asset objects unloaded after import = 3

========================================================================
Received Import Request.
  Time since last request: 6.015344 seconds.
  path: Assets/Art/Image/Img/HeroCardBg.png
  artifactKey: Guid(b98915c3e96b3a84d949a0ebf23b8b09) Importer(815301076,1909f56bfc062723c751e8b465ee728b)
Start importing Assets/Art/Image/Img/HeroCardBg.png using Guid(b98915c3e96b3a84d949a0ebf23b8b09) Importer(815301076,1909f56bfc062723c751e8b465ee728b) (PreviewImporter) -> (artifact id: '23feeb3f6faf8de7071942fac2ac1be7') in 0.0105247 seconds
Number of updated asset objects reloaded before import = 0Number of asset objects unloaded after import = 3

========================================================================
Received Import Request.
  Time since last request: 0.771980 seconds.
  path: Assets/Art/Image/Img/HeroEmotionContainer.png
  artifactKey: Guid(e4d59333daeef8e4fad9f4a5cc3e0a82) Importer(815301076,1909f56bfc062723c751e8b465ee728b)
Start importing Assets/Art/Image/Img/HeroEmotionContainer.png using Guid(e4d59333daeef8e4fad9f4a5cc3e0a82) Importer(815301076,1909f56bfc062723c751e8b465ee728b) (PreviewImporter) -> (artifact id: '0b1608b4be1594804bafb24b361201a9') in 0.0122465 seconds
Number of updated asset objects reloaded before import = 0Number of asset objects unloaded after import = 3

========================================================================
Received Import Request.
  Time since last request: 0.643001 seconds.
  path: Assets/Art/Image/Img/HeroEnergyIcon.png
  artifactKey: Guid(a987033a01988304ebda603404788871) Importer(815301076,1909f56bfc062723c751e8b465ee728b)
Start importing Assets/Art/Image/Img/HeroEnergyIcon.png using Guid(a987033a01988304ebda603404788871) Importer(815301076,1909f56bfc062723c751e8b465ee728b) (PreviewImporter) -> (artifact id: 'b3519e4325fbde0d52c68476f4a441d3') in 0.0065398 seconds
Number of updated asset objects reloaded before import = 0Number of asset objects unloaded after import = 3

========================================================================
Received Import Request.
  Time since last request: 0.719175 seconds.
  path: Assets/Art/Image/Img/HeroEnergyRestoreIcon.png
  artifactKey: Guid(940650c1dd31c8f4b9aab8bbbfeb7231) Importer(815301076,1909f56bfc062723c751e8b465ee728b)
Start importing Assets/Art/Image/Img/HeroEnergyRestoreIcon.png using Guid(940650c1dd31c8f4b9aab8bbbfeb7231) Importer(815301076,1909f56bfc062723c751e8b465ee728b) (PreviewImporter) -> (artifact id: '604f296e3781ad695aa6997c31b80a60') in 0.0083227 seconds
Number of updated asset objects reloaded before import = 0Number of asset objects unloaded after import = 3

========================================================================
Received Import Request.
  Time since last request: 1.180400 seconds.
  path: Assets/Art/Image/Img/HeroHPIcon.png
  artifactKey: Guid(4abca60d6304201469c1cec9cb5cb9f7) Importer(815301076,1909f56bfc062723c751e8b465ee728b)
Start importing Assets/Art/Image/Img/HeroHPIcon.png using Guid(4abca60d6304201469c1cec9cb5cb9f7) Importer(815301076,1909f56bfc062723c751e8b465ee728b) (PreviewImporter) -> (artifact id: '6d913ea5645132c26fe8051e781127ca') in 0.007148 seconds
Number of updated asset objects reloaded before import = 0Number of asset objects unloaded after import = 3

========================================================================
Received Import Request.
  Time since last request: 0.777682 seconds.
  path: Assets/Art/Image/Img/HeroInactive.png
  artifactKey: Guid(3676efc07aff7554eacfb9307780a57b) Importer(815301076,1909f56bfc062723c751e8b465ee728b)
Start importing Assets/Art/Image/Img/HeroInactive.png using Guid(3676efc07aff7554eacfb9307780a57b) Importer(815301076,1909f56bfc062723c751e8b465ee728b) (PreviewImporter) -> (artifact id: '12c4e9a9206ffc3258904c45d78fdc5d') in 0.0074229 seconds
Number of updated asset objects reloaded before import = 0Number of asset objects unloaded after import = 3

========================================================================
Received Import Request.
  Time since last request: 1.381307 seconds.
  path: Assets/Art/Image/Img/HeroOnFieldBox.png
  artifactKey: Guid(f6b67480bbfffd742a0ba5eabfa80db6) Importer(815301076,1909f56bfc062723c751e8b465ee728b)
Start importing Assets/Art/Image/Img/HeroOnFieldBox.png using Guid(f6b67480bbfffd742a0ba5eabfa80db6) Importer(815301076,1909f56bfc062723c751e8b465ee728b) (PreviewImporter) -> (artifact id: '1d7a46c6695cf551de14038c1aee32d7') in 0.0101896 seconds
Number of updated asset objects reloaded before import = 0Number of asset objects unloaded after import = 3

========================================================================
Received Import Request.
  Time since last request: 2.401256 seconds.
  path: Assets/Art/Image/Img/HeroOnFieldPuller.png
  artifactKey: Guid(a1ff9e6f51a8d29459990e237e0f04b7) Importer(815301076,1909f56bfc062723c751e8b465ee728b)
Start importing Assets/Art/Image/Img/HeroOnFieldPuller.png using Guid(a1ff9e6f51a8d29459990e237e0f04b7) Importer(815301076,1909f56bfc062723c751e8b465ee728b) (PreviewImporter) -> (artifact id: '1b4a218cbaf30df07c544ae45906bdc6') in 0.0097828 seconds
Number of updated asset objects reloaded before import = 0Number of asset objects unloaded after import = 3

========================================================================
Received Import Request.
  Time since last request: 0.567368 seconds.
  path: Assets/Art/Image/Img/hit_pad.png
  artifactKey: Guid(df4688ff157af1c4ab8b0027f799b992) Importer(815301076,1909f56bfc062723c751e8b465ee728b)
Start importing Assets/Art/Image/Img/hit_pad.png using Guid(df4688ff157af1c4ab8b0027f799b992) Importer(815301076,1909f56bfc062723c751e8b465ee728b) (PreviewImporter) -> (artifact id: '01bbe14ee265c537c9bccdf505d4bb08') in 0.0130318 seconds
Number of updated asset objects reloaded before import = 0Number of asset objects unloaded after import = 3

========================================================================
Received Import Request.
  Time since last request: 2.874088 seconds.
  path: Assets/Art/Image/Img/IdEditIcon1.png
  artifactKey: Guid(9850283dced4ccf41a9e92d93c23f633) Importer(815301076,1909f56bfc062723c751e8b465ee728b)
Start importing Assets/Art/Image/Img/IdEditIcon1.png using Guid(9850283dced4ccf41a9e92d93c23f633) Importer(815301076,1909f56bfc062723c751e8b465ee728b) (PreviewImporter) -> (artifact id: 'f2dcbe0f1fe7b78ec0d4876bb23b1352') in 0.0123608 seconds
Number of updated asset objects reloaded before import = 0Number of asset objects unloaded after import = 3

========================================================================
Received Import Request.
  Time since last request: 0.839771 seconds.
  path: Assets/Art/Image/Img/IdEditIcon2.png
  artifactKey: Guid(56dcc640eb63d53469f041a2e8c989db) Importer(815301076,1909f56bfc062723c751e8b465ee728b)
Start importing Assets/Art/Image/Img/IdEditIcon2.png using Guid(56dcc640eb63d53469f041a2e8c989db) Importer(815301076,1909f56bfc062723c751e8b465ee728b) (PreviewImporter) -> (artifact id: 'aecaf7e5ada57aceb8f72200aabac6b2') in 0.0100475 seconds
Number of updated asset objects reloaded before import = 0Number of asset objects unloaded after import = 3

========================================================================
Received Import Request.
  Time since last request: 1.284272 seconds.
  path: Assets/Art/Image/Img/ItemIconChest.png
  artifactKey: Guid(0a83baf2aaf69ea47baad79c2392cea1) Importer(815301076,1909f56bfc062723c751e8b465ee728b)
Start importing Assets/Art/Image/Img/ItemIconChest.png using Guid(0a83baf2aaf69ea47baad79c2392cea1) Importer(815301076,1909f56bfc062723c751e8b465ee728b) (PreviewImporter) -> (artifact id: '3687bf007e51f1ed1e7af0db74eeb061') in 0.0120201 seconds
Number of updated asset objects reloaded before import = 0Number of asset objects unloaded after import = 3

========================================================================
Received Import Request.
  Time since last request: 0.671230 seconds.
  path: Assets/Art/Image/Img/IdLine.png
  artifactKey: Guid(12e8aed239d034d40969c11af837d094) Importer(815301076,1909f56bfc062723c751e8b465ee728b)
Start importing Assets/Art/Image/Img/IdLine.png using Guid(12e8aed239d034d40969c11af837d094) Importer(815301076,1909f56bfc062723c751e8b465ee728b) (PreviewImporter) -> (artifact id: '4063386d186c045cf9668254d3c5e087') in 0.0104544 seconds
Number of updated asset objects reloaded before import = 0Number of asset objects unloaded after import = 3

========================================================================
Received Import Request.
  Time since last request: 0.622244 seconds.
  path: Assets/Art/Image/Img/ItemIconGem.png
  artifactKey: Guid(6862cefadf8aa7e4993af09ffbb3d13d) Importer(815301076,1909f56bfc062723c751e8b465ee728b)
Start importing Assets/Art/Image/Img/ItemIconGem.png using Guid(6862cefadf8aa7e4993af09ffbb3d13d) Importer(815301076,1909f56bfc062723c751e8b465ee728b) (PreviewImporter) -> (artifact id: 'ab8486a7813024b19ae1d9b4c52eb7aa') in 0.0096371 seconds
Number of updated asset objects reloaded before import = 0Number of asset objects unloaded after import = 3

========================================================================
Received Import Request.
  Time since last request: 0.624974 seconds.
  path: Assets/Art/Image/Img/label_bg.png
  artifactKey: Guid(bfb7bee3c26f4934c91e2d59030e530c) Importer(815301076,1909f56bfc062723c751e8b465ee728b)
Start importing Assets/Art/Image/Img/label_bg.png using Guid(bfb7bee3c26f4934c91e2d59030e530c) Importer(815301076,1909f56bfc062723c751e8b465ee728b) (PreviewImporter) -> (artifact id: '4e14810d6c44794945b4c341a7137113') in 0.0074877 seconds
Number of updated asset objects reloaded before import = 0Number of asset objects unloaded after import = 3

========================================================================
Received Import Request.
  Time since last request: 0.417059 seconds.
  path: Assets/Art/Image/Img/ItemIconGold.png
  artifactKey: Guid(733452f3de4c7bc4ebf2b3614c878238) Importer(815301076,1909f56bfc062723c751e8b465ee728b)
Start importing Assets/Art/Image/Img/ItemIconGold.png using Guid(733452f3de4c7bc4ebf2b3614c878238) Importer(815301076,1909f56bfc062723c751e8b465ee728b) (PreviewImporter) -> (artifact id: 'e8258a05982ee3ac170942ced468b1f3') in 0.0117712 seconds
Number of updated asset objects reloaded before import = 0Number of asset objects unloaded after import = 3

========================================================================
Received Import Request.
  Time since last request: 31.318941 seconds.
  path: Assets/Art/Image/Img/levelAreaDescDec.png
  artifactKey: Guid(d2d1dde5355b63949983ff22479fa05d) Importer(815301076,1909f56bfc062723c751e8b465ee728b)
Start importing Assets/Art/Image/Img/levelAreaDescDec.png using Guid(d2d1dde5355b63949983ff22479fa05d) Importer(815301076,1909f56bfc062723c751e8b465ee728b) (PreviewImporter) -> (artifact id: '1145ff3cdd558095a668c74383c293e1') in 0.0074776 seconds
Number of updated asset objects reloaded before import = 0Number of asset objects unloaded after import = 3

========================================================================
Received Import Request.
  Time since last request: 1.338318 seconds.
  path: Assets/Art/Image/Img/loading1.png
  artifactKey: Guid(fa540d78965bc824bae73107ec2a54b8) Importer(815301076,1909f56bfc062723c751e8b465ee728b)
Start importing Assets/Art/Image/Img/loading1.png using Guid(fa540d78965bc824bae73107ec2a54b8) Importer(815301076,1909f56bfc062723c751e8b465ee728b) (PreviewImporter) -> (artifact id: '0dbfaab8d1cee47ed25c8b4abe42b459') in 0.0100857 seconds
Number of updated asset objects reloaded before import = 0Number of asset objects unloaded after import = 3

========================================================================
Received Import Request.
  Time since last request: 7.095355 seconds.
  path: Assets/Art/Image/Img/loading4_2.png
  artifactKey: Guid(6adbc9789b3957c4ebe5e62c307198cd) Importer(815301076,1909f56bfc062723c751e8b465ee728b)
Start importing Assets/Art/Image/Img/loading4_2.png using Guid(6adbc9789b3957c4ebe5e62c307198cd) Importer(815301076,1909f56bfc062723c751e8b465ee728b) (PreviewImporter) -> (artifact id: 'a01e4eadd4897122a54d6a1b6ab1e1c0') in 0.0092216 seconds
Number of updated asset objects reloaded before import = 0Number of asset objects unloaded after import = 3

========================================================================
Received Import Request.
  Time since last request: 1.322689 seconds.
  path: Assets/Art/Image/Img/loading_popup_2.png
  artifactKey: Guid(056892af4ef4d1b469dfd5020ed1e5f7) Importer(815301076,1909f56bfc062723c751e8b465ee728b)
Start importing Assets/Art/Image/Img/loading_popup_2.png using Guid(056892af4ef4d1b469dfd5020ed1e5f7) Importer(815301076,1909f56bfc062723c751e8b465ee728b) (PreviewImporter) -> (artifact id: '0b1033c3b14d3ea667cc2bf2f0be37a8') in 0.0101014 seconds
Number of updated asset objects reloaded before import = 0Number of asset objects unloaded after import = 3

========================================================================
Received Import Request.
  Time since last request: 0.462932 seconds.
  path: Assets/Art/Image/Img/loading_popup_3.png
  artifactKey: Guid(9748795560ec451429a9a17ff4247c71) Importer(815301076,1909f56bfc062723c751e8b465ee728b)
Start importing Assets/Art/Image/Img/loading_popup_3.png using Guid(9748795560ec451429a9a17ff4247c71) Importer(815301076,1909f56bfc062723c751e8b465ee728b) (PreviewImporter) -> (artifact id: 'f21c38d2b757930201270cebb460fe1c') in 0.0098283 seconds
Number of updated asset objects reloaded before import = 0Number of asset objects unloaded after import = 3

========================================================================
Received Import Request.
  Time since last request: 4.016060 seconds.
  path: Assets/Art/Image/Img/ShowInactive.png
  artifactKey: Guid(48e8cb0336d1f944d883219692f7185b) Importer(815301076,1909f56bfc062723c751e8b465ee728b)
Start importing Assets/Art/Image/Img/ShowInactive.png using Guid(48e8cb0336d1f944d883219692f7185b) Importer(815301076,1909f56bfc062723c751e8b465ee728b) (PreviewImporter) -> (artifact id: 'acad7013211f86bad6db720380b2bbfe') in 0.010052 seconds
Number of updated asset objects reloaded before import = 0Number of asset objects unloaded after import = 3

========================================================================
Received Import Request.
  Time since last request: 0.641348 seconds.
  path: Assets/Art/Image/Img/ShowActive.png
  artifactKey: Guid(03891e3205810954a93f049c4e04b6ee) Importer(815301076,1909f56bfc062723c751e8b465ee728b)
Start importing Assets/Art/Image/Img/ShowActive.png using Guid(03891e3205810954a93f049c4e04b6ee) Importer(815301076,1909f56bfc062723c751e8b465ee728b) (PreviewImporter) -> (artifact id: 'a8409aab7be12ab7da967cd01e8fe21e') in 0.0101487 seconds
Number of updated asset objects reloaded before import = 0Number of asset objects unloaded after import = 3

========================================================================
Received Import Request.
  Time since last request: 4.031594 seconds.
  path: Assets/Art/Image/Img/SetSoundBg2.png
  artifactKey: Guid(8757d0feb43651449a55d9ef5b779206) Importer(815301076,1909f56bfc062723c751e8b465ee728b)
Start importing Assets/Art/Image/Img/SetSoundBg2.png using Guid(8757d0feb43651449a55d9ef5b779206) Importer(815301076,1909f56bfc062723c751e8b465ee728b) (PreviewImporter) -> (artifact id: 'eb5585e5b5b4bde38faa090c4a563ccd') in 0.0099839 seconds
Number of updated asset objects reloaded before import = 0Number of asset objects unloaded after import = 3

========================================================================
Received Import Request.
  Time since last request: 0.991413 seconds.
  path: Assets/Art/Image/Img/SetSound.png
  artifactKey: Guid(be71e1f3e4dd36c4e96aa4fa4ad69fb4) Importer(815301076,1909f56bfc062723c751e8b465ee728b)
Start importing Assets/Art/Image/Img/SetSound.png using Guid(be71e1f3e4dd36c4e96aa4fa4ad69fb4) Importer(815301076,1909f56bfc062723c751e8b465ee728b) (PreviewImporter) -> (artifact id: 'e86d56ba09e8dcef250e3193d1dced64') in 0.0099734 seconds
Number of updated asset objects reloaded before import = 0Number of asset objects unloaded after import = 3

========================================================================
Received Import Request.
  Time since last request: 0.401559 seconds.
  path: Assets/Art/Image/Img/SepWhite.png
  artifactKey: Guid(4b4d761bb85cc5948be661ca60c646bb) Importer(815301076,1909f56bfc062723c751e8b465ee728b)
Start importing Assets/Art/Image/Img/SepWhite.png using Guid(4b4d761bb85cc5948be661ca60c646bb) Importer(815301076,1909f56bfc062723c751e8b465ee728b) (PreviewImporter) -> (artifact id: 'dc83900545dc9d0786c320d9a8b1ffc0') in 0.0104214 seconds
Number of updated asset objects reloaded before import = 0Number of asset objects unloaded after import = 3

========================================================================
Received Import Request.
  Time since last request: 0.309487 seconds.
  path: Assets/Art/Image/Img/PurchaseGlow2.png
  artifactKey: Guid(4a3da531acfeb234c81780b946039fed) Importer(815301076,1909f56bfc062723c751e8b465ee728b)
Start importing Assets/Art/Image/Img/PurchaseGlow2.png using Guid(4a3da531acfeb234c81780b946039fed) Importer(815301076,1909f56bfc062723c751e8b465ee728b) (PreviewImporter) -> (artifact id: 'ff29261bdf8df198e498bcf20ed4676d') in 0.0174118 seconds
Number of updated asset objects reloaded before import = 0Number of asset objects unloaded after import = 3

========================================================================
Received Import Request.
  Time since last request: 2.644707 seconds.
  path: Assets/Art/Image/Img/效果图.png
  artifactKey: Guid(f2a0435b44de081489d690564daafcb1) Importer(815301076,1909f56bfc062723c751e8b465ee728b)
Start importing Assets/Art/Image/Img/效果图.png using Guid(f2a0435b44de081489d690564daafcb1) Importer(815301076,1909f56bfc062723c751e8b465ee728b) (PreviewImporter) -> (artifact id: '28ab4ada79229a34f019020e0dad9588') in 0.0259353 seconds
Number of updated asset objects reloaded before import = 0Number of asset objects unloaded after import = 3

========================================================================
Received Import Request.
  Time since last request: 1.162195 seconds.
  path: Assets/Art/Image/Img/upper_ui_bg.png
  artifactKey: Guid(884197865dd95dc428c123c41366f948) Importer(815301076,1909f56bfc062723c751e8b465ee728b)
Start importing Assets/Art/Image/Img/upper_ui_bg.png using Guid(884197865dd95dc428c123c41366f948) Importer(815301076,1909f56bfc062723c751e8b465ee728b) (PreviewImporter) -> (artifact id: '82029098b8d112318711203188642763') in 0.0097159 seconds
Number of updated asset objects reloaded before import = 0Number of asset objects unloaded after import = 3

========================================================================
Received Import Request.
  Time since last request: 3.022576 seconds.
  path: Assets/Art/Image/Img/titleBG.png
  artifactKey: Guid(6eb7ef5771947864e9a6fc889a34f48c) Importer(815301076,1909f56bfc062723c751e8b465ee728b)
Start importing Assets/Art/Image/Img/titleBG.png using Guid(6eb7ef5771947864e9a6fc889a34f48c) Importer(815301076,1909f56bfc062723c751e8b465ee728b) (PreviewImporter) -> (artifact id: '6b993221522f479e9791cb6fa59303c5') in 0.0122912 seconds
Number of updated asset objects reloaded before import = 0Number of asset objects unloaded after import = 3

========================================================================
Received Import Request.
  Time since last request: 0.451913 seconds.
  path: Assets/Art/Image/Img/StageInctive.png
  artifactKey: Guid(faeac608505e63547b9cd9e7198d8cb0) Importer(815301076,1909f56bfc062723c751e8b465ee728b)
Start importing Assets/Art/Image/Img/StageInctive.png using Guid(faeac608505e63547b9cd9e7198d8cb0) Importer(815301076,1909f56bfc062723c751e8b465ee728b) (PreviewImporter) -> (artifact id: 'ae7ae0938bae8db714b2a3ab40c2a613') in 0.0101962 seconds
Number of updated asset objects reloaded before import = 0Number of asset objects unloaded after import = 3

========================================================================
Received Import Request.
  Time since last request: 1.405244 seconds.
  path: Assets/Art/Image/Img/StageActive.png
  artifactKey: Guid(36d35517cdbb24e499db5c7f5041b277) Importer(815301076,1909f56bfc062723c751e8b465ee728b)
Start importing Assets/Art/Image/Img/StageActive.png using Guid(36d35517cdbb24e499db5c7f5041b277) Importer(815301076,1909f56bfc062723c751e8b465ee728b) (PreviewImporter) -> (artifact id: '36fab2fa50fdbfc5bd120e9b40ca2768') in 0.0124703 seconds
Number of updated asset objects reloaded before import = 0Number of asset objects unloaded after import = 3

========================================================================
Received Import Request.
  Time since last request: 28.725273 seconds.
  path: Assets/Art/Image/Img/AdjustBtn.png
  artifactKey: Guid(12ba4a970ee256f4ea93ac5f983edf10) Importer(815301076,1909f56bfc062723c751e8b465ee728b)
Start importing Assets/Art/Image/Img/AdjustBtn.png using Guid(12ba4a970ee256f4ea93ac5f983edf10) Importer(815301076,1909f56bfc062723c751e8b465ee728b) (PreviewImporter) -> (artifact id: '7e1d76ca5b6ee1d1e2acc40295754287') in 0.0121455 seconds
Number of updated asset objects reloaded before import = 0Number of asset objects unloaded after import = 3

========================================================================
Received Import Request.
  Time since last request: 0.877060 seconds.
  path: Assets/Art/Image/Img/aperture_3.png
  artifactKey: Guid(f980eaf539ba9044d93f90646fd91990) Importer(815301076,1909f56bfc062723c751e8b465ee728b)
Start importing Assets/Art/Image/Img/aperture_3.png using Guid(f980eaf539ba9044d93f90646fd91990) Importer(815301076,1909f56bfc062723c751e8b465ee728b) (PreviewImporter) -> (artifact id: 'a482673c8342500414eae587d7d22b56') in 0.0097288 seconds
Number of updated asset objects reloaded before import = 0Number of asset objects unloaded after import = 3

========================================================================
Received Import Request.
  Time since last request: 1.652097 seconds.
  path: Assets/Art/Image/Img/apertureFill_Big.png
  artifactKey: Guid(c9419a966518d384db2e5e31decb6763) Importer(815301076,1909f56bfc062723c751e8b465ee728b)
Start importing Assets/Art/Image/Img/apertureFill_Big.png using Guid(c9419a966518d384db2e5e31decb6763) Importer(815301076,1909f56bfc062723c751e8b465ee728b) (PreviewImporter) -> (artifact id: 'cb156c9df68db46d40f38167980e2693') in 0.0107015 seconds
Number of updated asset objects reloaded before import = 0Number of asset objects unloaded after import = 3

========================================================================
Received Import Request.
  Time since last request: 0.378767 seconds.
  path: Assets/Art/Image/Img/apertureFill.png
  artifactKey: Guid(ea792796f6194514687e324e6e9598e9) Importer(815301076,1909f56bfc062723c751e8b465ee728b)
Start importing Assets/Art/Image/Img/apertureFill.png using Guid(ea792796f6194514687e324e6e9598e9) Importer(815301076,1909f56bfc062723c751e8b465ee728b) (PreviewImporter) -> (artifact id: 'e738a9cc4132ceca7fd71a0bf44cdf99') in 0.0098746 seconds
Number of updated asset objects reloaded before import = 0Number of asset objects unloaded after import = 3

========================================================================
Received Import Request.
  Time since last request: 0.439958 seconds.
  path: Assets/Art/Image/Img/apertureSmall.png
  artifactKey: Guid(0da6cad282b30954d8b6335aa46bd004) Importer(815301076,1909f56bfc062723c751e8b465ee728b)
Start importing Assets/Art/Image/Img/apertureSmall.png using Guid(0da6cad282b30954d8b6335aa46bd004) Importer(815301076,1909f56bfc062723c751e8b465ee728b) (PreviewImporter) -> (artifact id: '9ba8df2f48382086e227a22fbcff73f8') in 0.0080152 seconds
Number of updated asset objects reloaded before import = 0Number of asset objects unloaded after import = 3

========================================================================
Received Import Request.
  Time since last request: 0.563357 seconds.
  path: Assets/Art/Image/Img/AttackBlockExpand_1.png
  artifactKey: Guid(f086384741eedfc47957d957fd16a099) Importer(815301076,1909f56bfc062723c751e8b465ee728b)
Start importing Assets/Art/Image/Img/AttackBlockExpand_1.png using Guid(f086384741eedfc47957d957fd16a099) Importer(815301076,1909f56bfc062723c751e8b465ee728b) (PreviewImporter) -> (artifact id: 'efd899141bc46167e1a0fe6c728b6063') in 0.0103761 seconds
Number of updated asset objects reloaded before import = 0Number of asset objects unloaded after import = 3

========================================================================
Received Import Request.
  Time since last request: 0.576041 seconds.
  path: Assets/Art/Image/Img/bar_mask_right.png
  artifactKey: Guid(b8ef70aacbe6e5f48bd03fdde9f37c5c) Importer(815301076,1909f56bfc062723c751e8b465ee728b)
Start importing Assets/Art/Image/Img/bar_mask_right.png using Guid(b8ef70aacbe6e5f48bd03fdde9f37c5c) Importer(815301076,1909f56bfc062723c751e8b465ee728b) (PreviewImporter) -> (artifact id: '969e16f48f0c9e0b7b3d5d32d9a22fd5') in 0.0100952 seconds
Number of updated asset objects reloaded before import = 0Number of asset objects unloaded after import = 3

========================================================================
Received Import Request.
  Time since last request: 0.397085 seconds.
  path: Assets/Art/Image/Img/btnWhite.png
  artifactKey: Guid(a051e94fc9b52344b9533d496a9036dc) Importer(815301076,1909f56bfc062723c751e8b465ee728b)
Start importing Assets/Art/Image/Img/btnWhite.png using Guid(a051e94fc9b52344b9533d496a9036dc) Importer(815301076,1909f56bfc062723c751e8b465ee728b) (PreviewImporter) -> (artifact id: 'e8429f27076813506e02ca7dea6a75d1') in 0.0132258 seconds
Number of updated asset objects reloaded before import = 0Number of asset objects unloaded after import = 3

========================================================================
Received Import Request.
  Time since last request: 1.208270 seconds.
  path: Assets/Art/Image/Img/btnYellow.png
  artifactKey: Guid(9812d1fb762ff134aabf01aae7181ef7) Importer(815301076,1909f56bfc062723c751e8b465ee728b)
Start importing Assets/Art/Image/Img/btnYellow.png using Guid(9812d1fb762ff134aabf01aae7181ef7) Importer(815301076,1909f56bfc062723c751e8b465ee728b) (PreviewImporter) -> (artifact id: 'db60c460f689a183412e1886b14fac79') in 0.0077037 seconds
Number of updated asset objects reloaded before import = 0Number of asset objects unloaded after import = 3

========================================================================
Received Import Request.
  Time since last request: 0.826204 seconds.
  path: Assets/Art/Image/Img/BuyAddBtn.png
  artifactKey: Guid(94b520b9c7daa1448be7e12f17a06cc9) Importer(815301076,1909f56bfc062723c751e8b465ee728b)
Start importing Assets/Art/Image/Img/BuyAddBtn.png using Guid(94b520b9c7daa1448be7e12f17a06cc9) Importer(815301076,1909f56bfc062723c751e8b465ee728b) (PreviewImporter) -> (artifact id: '77cd98161176f4f7e43d1bf9ea3711d8') in 0.008681 seconds
Number of updated asset objects reloaded before import = 0Number of asset objects unloaded after import = 3

========================================================================
Received Import Request.
  Time since last request: 1.036222 seconds.
  path: Assets/Art/Image/Img/BuyPopup_bg1.png
  artifactKey: Guid(6e5c7c582b279f2408014b6f14d09ec9) Importer(815301076,1909f56bfc062723c751e8b465ee728b)
Start importing Assets/Art/Image/Img/BuyPopup_bg1.png using Guid(6e5c7c582b279f2408014b6f14d09ec9) Importer(815301076,1909f56bfc062723c751e8b465ee728b) (PreviewImporter) -> (artifact id: '033993258e80484906d551c4674592f4') in 0.0094776 seconds
Number of updated asset objects reloaded before import = 0Number of asset objects unloaded after import = 3

========================================================================
Received Import Request.
  Time since last request: 0.423830 seconds.
  path: Assets/Art/Image/Img/BuyPopup_bg2.png
  artifactKey: Guid(7b682c5fbf5f71242b7a04febb172891) Importer(815301076,1909f56bfc062723c751e8b465ee728b)
Start importing Assets/Art/Image/Img/BuyPopup_bg2.png using Guid(7b682c5fbf5f71242b7a04febb172891) Importer(815301076,1909f56bfc062723c751e8b465ee728b) (PreviewImporter) -> (artifact id: '7057d996b698a9a5d2162345540e3c3f') in 0.0073864 seconds
Number of updated asset objects reloaded before import = 0Number of asset objects unloaded after import = 3

========================================================================
Received Import Request.
  Time since last request: 1.611646 seconds.
  path: Assets/Art/Image/Img/BuyReduceBtn.png
  artifactKey: Guid(b3ab51117592e974e8d72c1746e527f9) Importer(815301076,1909f56bfc062723c751e8b465ee728b)
Start importing Assets/Art/Image/Img/BuyReduceBtn.png using Guid(b3ab51117592e974e8d72c1746e527f9) Importer(815301076,1909f56bfc062723c751e8b465ee728b) (PreviewImporter) -> (artifact id: 'ae9882b6b12c55e7dfcf588531c45c19') in 0.0099984 seconds
Number of updated asset objects reloaded before import = 0Number of asset objects unloaded after import = 3

========================================================================
Received Import Request.
  Time since last request: 0.631749 seconds.
  path: Assets/Art/Image/Img/calibration_btn_1.png
  artifactKey: Guid(d5866e265dd687c489bb2453f32c2a3e) Importer(815301076,1909f56bfc062723c751e8b465ee728b)
Start importing Assets/Art/Image/Img/calibration_btn_1.png using Guid(d5866e265dd687c489bb2453f32c2a3e) Importer(815301076,1909f56bfc062723c751e8b465ee728b) (PreviewImporter) -> (artifact id: '6884bfe6fc8da0180891de77b28cb3c6') in 0.0107826 seconds
Number of updated asset objects reloaded before import = 0Number of asset objects unloaded after import = 3

========================================================================
Received Import Request.
  Time since last request: 0.432748 seconds.
  path: Assets/Art/Image/Img/cancel_btn.png
  artifactKey: Guid(c91f202922d043647a7d3f559a3fee0c) Importer(815301076,1909f56bfc062723c751e8b465ee728b)
Start importing Assets/Art/Image/Img/cancel_btn.png using Guid(c91f202922d043647a7d3f559a3fee0c) Importer(815301076,1909f56bfc062723c751e8b465ee728b) (PreviewImporter) -> (artifact id: '52415afd3ebf84b945a6525db635699e') in 0.0109069 seconds
Number of updated asset objects reloaded before import = 0Number of asset objects unloaded after import = 3

========================================================================
Received Import Request.
  Time since last request: 1.477879 seconds.
  path: Assets/Art/Image/Img/CircleActive.png
  artifactKey: Guid(4c8847e4ce69e7c45b60f747d7fb24fd) Importer(815301076,1909f56bfc062723c751e8b465ee728b)
Start importing Assets/Art/Image/Img/CircleActive.png using Guid(4c8847e4ce69e7c45b60f747d7fb24fd) Importer(815301076,1909f56bfc062723c751e8b465ee728b) (PreviewImporter) -> (artifact id: '0c68a3925741d10f29bd5533f8707005') in 0.0113466 seconds
Number of updated asset objects reloaded before import = 0Number of asset objects unloaded after import = 3

========================================================================
Received Import Request.
  Time since last request: 0.918675 seconds.
  path: Assets/Art/Image/Img/CircleInactive.png
  artifactKey: Guid(39171a1233c00f746a5bb4324a9612c7) Importer(815301076,1909f56bfc062723c751e8b465ee728b)
Start importing Assets/Art/Image/Img/CircleInactive.png using Guid(39171a1233c00f746a5bb4324a9612c7) Importer(815301076,1909f56bfc062723c751e8b465ee728b) (PreviewImporter) -> (artifact id: '6c39a6c9cfdc62422a40fab21c031e64') in 0.0075843 seconds
Number of updated asset objects reloaded before import = 0Number of asset objects unloaded after import = 3

========================================================================
Received Import Request.
  Time since last request: 13.974260 seconds.
  path: Assets/Art/Image/Img/ConditionSvictory.png
  artifactKey: Guid(5bcc5c1c11cde2c46a518881d602fbe4) Importer(815301076,1909f56bfc062723c751e8b465ee728b)
Start importing Assets/Art/Image/Img/ConditionSvictory.png using Guid(5bcc5c1c11cde2c46a518881d602fbe4) Importer(815301076,1909f56bfc062723c751e8b465ee728b) (PreviewImporter) -> (artifact id: 'fee445ee524455f97093b7f9c73ddc10') in 0.0090264 seconds
Number of updated asset objects reloaded before import = 0Number of asset objects unloaded after import = 3

========================================================================
Received Import Request.
  Time since last request: 0.731552 seconds.
  path: Assets/Art/Image/Img/diamonds_icon.png
  artifactKey: Guid(3007866f480a0274ab0301354b7da35f) Importer(815301076,1909f56bfc062723c751e8b465ee728b)
Start importing Assets/Art/Image/Img/diamonds_icon.png using Guid(3007866f480a0274ab0301354b7da35f) Importer(815301076,1909f56bfc062723c751e8b465ee728b) (PreviewImporter) -> (artifact id: '233ccd449dbe963a94beb47b2ebf29d1') in 0.0101857 seconds
Number of updated asset objects reloaded before import = 0Number of asset objects unloaded after import = 3

========================================================================
Received Import Request.
  Time since last request: 1.761562 seconds.
  path: Assets/Art/Image/Img/efficacy_circle_particle_1.png
  artifactKey: Guid(6387015ecb069b94f9e3e66ca237849b) Importer(815301076,1909f56bfc062723c751e8b465ee728b)
Start importing Assets/Art/Image/Img/efficacy_circle_particle_1.png using Guid(6387015ecb069b94f9e3e66ca237849b) Importer(815301076,1909f56bfc062723c751e8b465ee728b) (PreviewImporter) -> (artifact id: 'e31f81dec353b8fe019bc5bac21662a7') in 0.0096744 seconds
Number of updated asset objects reloaded before import = 0Number of asset objects unloaded after import = 3

========================================================================
Received Import Request.
  Time since last request: 0.550585 seconds.
  path: Assets/Art/Image/Img/efficacy_circle_particle_2.png
  artifactKey: Guid(4cc64dff3bd8cb3439a3f37efffb7a99) Importer(815301076,1909f56bfc062723c751e8b465ee728b)
Start importing Assets/Art/Image/Img/efficacy_circle_particle_2.png using Guid(4cc64dff3bd8cb3439a3f37efffb7a99) Importer(815301076,1909f56bfc062723c751e8b465ee728b) (PreviewImporter) -> (artifact id: 'e1bd29cb717991defe29e718c29ed54c') in 0.009098 seconds
Number of updated asset objects reloaded before import = 0Number of asset objects unloaded after import = 3

========================================================================
Received Import Request.
  Time since last request: 12.107011 seconds.
  path: Assets/Art/Image/Img/gold_coin_icon.png
  artifactKey: Guid(fb346e82749c1684fb4cbef80be41df9) Importer(815301076,1909f56bfc062723c751e8b465ee728b)
Start importing Assets/Art/Image/Img/gold_coin_icon.png using Guid(fb346e82749c1684fb4cbef80be41df9) Importer(815301076,1909f56bfc062723c751e8b465ee728b) (PreviewImporter) -> (artifact id: 'e3f54c89bf2df728502b14430aeebde6') in 0.0079345 seconds
Number of updated asset objects reloaded before import = 0Number of asset objects unloaded after import = 3

========================================================================
Received Import Request.
  Time since last request: 30.910277 seconds.
  path: Assets/Art/Image/Img/aperture.png
  artifactKey: Guid(d9b073017923eb74eb2cc43ab45e805b) Importer(815301076,1909f56bfc062723c751e8b465ee728b)
Start importing Assets/Art/Image/Img/aperture.png using Guid(d9b073017923eb74eb2cc43ab45e805b) Importer(815301076,1909f56bfc062723c751e8b465ee728b) (PreviewImporter) -> (artifact id: '29de83c31cd1d2cf2d3622469a1a8d64') in 0.0111197 seconds
Number of updated asset objects reloaded before import = 0Number of asset objects unloaded after import = 3

========================================================================
Received Import Request.
  Time since last request: 2.681730 seconds.
  path: Assets/Art/Image/Img/aperture2.png
  artifactKey: Guid(410098a7c5814c34eb09d29addce533c) Importer(815301076,1909f56bfc062723c751e8b465ee728b)
Start importing Assets/Art/Image/Img/aperture2.png using Guid(410098a7c5814c34eb09d29addce533c) Importer(815301076,1909f56bfc062723c751e8b465ee728b) (PreviewImporter) -> (artifact id: '8560677814d02567d78ea4220cbeb645') in 0.0092164 seconds
Number of updated asset objects reloaded before import = 0Number of asset objects unloaded after import = 3

========================================================================
Received Import Request.
  Time since last request: 0.514804 seconds.
  path: Assets/Art/Image/Img/aperture_1.png
  artifactKey: Guid(8c4854074493adf4cb817a84e74d666a) Importer(815301076,1909f56bfc062723c751e8b465ee728b)
Start importing Assets/Art/Image/Img/aperture_1.png using Guid(8c4854074493adf4cb817a84e74d666a) Importer(815301076,1909f56bfc062723c751e8b465ee728b) (PreviewImporter) -> (artifact id: '6857facd1b32a07c054cf1e80563af96') in 0.010997 seconds
Number of updated asset objects reloaded before import = 0Number of asset objects unloaded after import = 3

========================================================================
Received Import Request.
  Time since last request: 0.646671 seconds.
  path: Assets/Art/Image/Img/aperture_2 (1).png
  artifactKey: Guid(3a601d28f63a81d42b0b09124ed48ca7) Importer(815301076,1909f56bfc062723c751e8b465ee728b)
Start importing Assets/Art/Image/Img/aperture_2 (1).png using Guid(3a601d28f63a81d42b0b09124ed48ca7) Importer(815301076,1909f56bfc062723c751e8b465ee728b) (PreviewImporter) -> (artifact id: 'fd793f1c00f86592886f7e4205409ed3') in 0.0091341 seconds
Number of updated asset objects reloaded before import = 0Number of asset objects unloaded after import = 3

========================================================================
Received Import Request.
  Time since last request: 0.479451 seconds.
  path: Assets/Art/Image/Img/aperture_2.png
  artifactKey: Guid(ef582fc2de30e254d9c3a9fc79df6fc8) Importer(815301076,1909f56bfc062723c751e8b465ee728b)
Start importing Assets/Art/Image/Img/aperture_2.png using Guid(ef582fc2de30e254d9c3a9fc79df6fc8) Importer(815301076,1909f56bfc062723c751e8b465ee728b) (PreviewImporter) -> (artifact id: 'edf1c5fa44b037f6ff9ea3993f2ca3a3') in 0.0081478 seconds
Number of updated asset objects reloaded before import = 0Number of asset objects unloaded after import = 3

========================================================================
Received Import Request.
  Time since last request: 0.851191 seconds.
  path: Assets/Art/Image/Img/aperture_H2_OuterGlow.png
  artifactKey: Guid(dd6d3671f49ac1c43a7cf905660e6920) Importer(815301076,1909f56bfc062723c751e8b465ee728b)
Start importing Assets/Art/Image/Img/aperture_H2_OuterGlow.png using Guid(dd6d3671f49ac1c43a7cf905660e6920) Importer(815301076,1909f56bfc062723c751e8b465ee728b) (PreviewImporter) -> (artifact id: '22a53f331f11b2943753984f3fe67827') in 0.0087479 seconds
Number of updated asset objects reloaded before import = 0Number of asset objects unloaded after import = 3

========================================================================
Received Import Request.
  Time since last request: 0.536989 seconds.
  path: Assets/Art/Image/Img/aperture_H3_OuterGlow.png
  artifactKey: Guid(3749b7b85185649458c4c70bf64f926c) Importer(815301076,1909f56bfc062723c751e8b465ee728b)
Start importing Assets/Art/Image/Img/aperture_H3_OuterGlow.png using Guid(3749b7b85185649458c4c70bf64f926c) Importer(815301076,1909f56bfc062723c751e8b465ee728b) (PreviewImporter) -> (artifact id: '3f816feea6f86e3dc88b6dcbfd5269bd') in 0.0075961 seconds
Number of updated asset objects reloaded before import = 0Number of asset objects unloaded after import = 3

========================================================================
Received Import Request.
  Time since last request: 0.298994 seconds.
  path: Assets/Art/Image/Img/apertureBig.png
  artifactKey: Guid(681bb80f809a4914d926219821860d21) Importer(815301076,1909f56bfc062723c751e8b465ee728b)
Start importing Assets/Art/Image/Img/apertureBig.png using Guid(681bb80f809a4914d926219821860d21) Importer(815301076,1909f56bfc062723c751e8b465ee728b) (PreviewImporter) -> (artifact id: 'a8b9b54a1a0e457dd78e38d65c385ab9') in 0.0098108 seconds
Number of updated asset objects reloaded before import = 0Number of asset objects unloaded after import = 3

========================================================================
Received Import Request.
  Time since last request: 0.962023 seconds.
  path: Assets/Art/Image/Img/apertureOuterGlow.png
  artifactKey: Guid(dc843d802d905e74c8ed92793b11c20b) Importer(815301076,1909f56bfc062723c751e8b465ee728b)
Start importing Assets/Art/Image/Img/apertureOuterGlow.png using Guid(dc843d802d905e74c8ed92793b11c20b) Importer(815301076,1909f56bfc062723c751e8b465ee728b) (PreviewImporter) -> (artifact id: 'b51b0e12245f5d45d653bb9d3ec9dc1b') in 0.0115374 seconds
Number of updated asset objects reloaded before import = 0Number of asset objects unloaded after import = 3

========================================================================
Received Import Request.
  Time since last request: 0.228995 seconds.
  path: Assets/Art/Image/Img/apertureOuterGlow_Big.png
  artifactKey: Guid(97b6f412541b8884b99786956f418606) Importer(815301076,1909f56bfc062723c751e8b465ee728b)
Start importing Assets/Art/Image/Img/apertureOuterGlow_Big.png using Guid(97b6f412541b8884b99786956f418606) Importer(815301076,1909f56bfc062723c751e8b465ee728b) (PreviewImporter) -> (artifact id: '42d257173d93eda436e85d194b7eb497') in 0.0081661 seconds
Number of updated asset objects reloaded before import = 0Number of asset objects unloaded after import = 3

========================================================================
Received Import Request.
  Time since last request: 0.467263 seconds.
  path: Assets/Art/Image/Img/apertureSlider.png
  artifactKey: Guid(f23d368e26e9371439f0a9d25df5b721) Importer(815301076,1909f56bfc062723c751e8b465ee728b)
Start importing Assets/Art/Image/Img/apertureSlider.png using Guid(f23d368e26e9371439f0a9d25df5b721) Importer(815301076,1909f56bfc062723c751e8b465ee728b) (PreviewImporter) -> (artifact id: '40c29fa00a8906b5dec54e3da62ad58d') in 0.0075204 seconds
Number of updated asset objects reloaded before import = 0Number of asset objects unloaded after import = 3

========================================================================
Received Import Request.
  Time since last request: 0.411750 seconds.
  path: Assets/Art/Image/Img/apertureSmallGlow.png
  artifactKey: Guid(016a72f51cddb54438741cc22981a14f) Importer(815301076,1909f56bfc062723c751e8b465ee728b)
Start importing Assets/Art/Image/Img/apertureSmallGlow.png using Guid(016a72f51cddb54438741cc22981a14f) Importer(815301076,1909f56bfc062723c751e8b465ee728b) (PreviewImporter) -> (artifact id: 'c8e27c6ad71f859704c975549d283a2e') in 0.0077739 seconds
Number of updated asset objects reloaded before import = 0Number of asset objects unloaded after import = 3

========================================================================
Received Import Request.
  Time since last request: 0.698752 seconds.
  path: Assets/Art/Image/Img/AttackBlockExpand2.png
  artifactKey: Guid(14c8ecb1dc9416348b8865c2d3e042a0) Importer(815301076,1909f56bfc062723c751e8b465ee728b)
Start importing Assets/Art/Image/Img/AttackBlockExpand2.png using Guid(14c8ecb1dc9416348b8865c2d3e042a0) Importer(815301076,1909f56bfc062723c751e8b465ee728b) (PreviewImporter) -> (artifact id: 'd9c7ca16c5a3afef0698ab5de2c79e7e') in 0.0100358 seconds
Number of updated asset objects reloaded before import = 0Number of asset objects unloaded after import = 3

========================================================================
Received Import Request.
  Time since last request: 0.424767 seconds.
  path: Assets/Art/Image/Img/AttackBlockExpand_2.png
  artifactKey: Guid(6cf5dc6b87f82374c98137b098d88e45) Importer(815301076,1909f56bfc062723c751e8b465ee728b)
Start importing Assets/Art/Image/Img/AttackBlockExpand_2.png using Guid(6cf5dc6b87f82374c98137b098d88e45) Importer(815301076,1909f56bfc062723c751e8b465ee728b) (PreviewImporter) -> (artifact id: '49e7d9650ba77a007217c6d2fc2f3486') in 0.012938 seconds
Number of updated asset objects reloaded before import = 0Number of asset objects unloaded after import = 3

========================================================================
Received Import Request.
  Time since last request: 0.172533 seconds.
  path: Assets/Art/Image/Img/AttackBlockExpand_3.png
  artifactKey: Guid(d901fca478b5f0f40a4cb8c9ca63bd65) Importer(815301076,1909f56bfc062723c751e8b465ee728b)
Start importing Assets/Art/Image/Img/AttackBlockExpand_3.png using Guid(d901fca478b5f0f40a4cb8c9ca63bd65) Importer(815301076,1909f56bfc062723c751e8b465ee728b) (PreviewImporter) -> (artifact id: 'd58648549a481fe14cb4f8386ee0435b') in 0.0101647 seconds
Number of updated asset objects reloaded before import = 0Number of asset objects unloaded after import = 3

========================================================================
Received Import Request.
  Time since last request: 0.183551 seconds.
  path: Assets/Art/Image/Img/AvatarBg.png
  artifactKey: Guid(0b755bfd74794e74ebb329ec237e7a90) Importer(815301076,1909f56bfc062723c751e8b465ee728b)
Start importing Assets/Art/Image/Img/AvatarBg.png using Guid(0b755bfd74794e74ebb329ec237e7a90) Importer(815301076,1909f56bfc062723c751e8b465ee728b) (PreviewImporter) -> (artifact id: '7f0ece9a72c307d97d04a2e4556fa026') in 0.0112787 seconds
Number of updated asset objects reloaded before import = 0Number of asset objects unloaded after import = 3

========================================================================
Received Import Request.
  Time since last request: 0.206589 seconds.
  path: Assets/Art/Image/Img/AvatarCheck.png
  artifactKey: Guid(24feb956eb789794bbc098e78dd82290) Importer(815301076,1909f56bfc062723c751e8b465ee728b)
Start importing Assets/Art/Image/Img/AvatarCheck.png using Guid(24feb956eb789794bbc098e78dd82290) Importer(815301076,1909f56bfc062723c751e8b465ee728b) (PreviewImporter) -> (artifact id: '45e6b713f3cc5972c7f89186f7735261') in 0.0113615 seconds
Number of updated asset objects reloaded before import = 0Number of asset objects unloaded after import = 3

========================================================================
Received Import Request.
  Time since last request: 0.174310 seconds.
  path: Assets/Art/Image/Img/back.png
  artifactKey: Guid(5bb6bc983dc5c2347a4f7fc67738385d) Importer(815301076,1909f56bfc062723c751e8b465ee728b)
Start importing Assets/Art/Image/Img/back.png using Guid(5bb6bc983dc5c2347a4f7fc67738385d) Importer(815301076,1909f56bfc062723c751e8b465ee728b) (PreviewImporter) -> (artifact id: 'c7c249c1b8cbcd923b5f766c8bb5d505') in 0.0098014 seconds
Number of updated asset objects reloaded before import = 0Number of asset objects unloaded after import = 3

========================================================================
Received Import Request.
  Time since last request: 0.209992 seconds.
  path: Assets/Art/Image/Img/BackButton.png
  artifactKey: Guid(1add288ecac0bc34b9bd4629f69b571e) Importer(815301076,1909f56bfc062723c751e8b465ee728b)
Start importing Assets/Art/Image/Img/BackButton.png using Guid(1add288ecac0bc34b9bd4629f69b571e) Importer(815301076,1909f56bfc062723c751e8b465ee728b) (PreviewImporter) -> (artifact id: 'da388bda64c23c71eeaeab6614ce179f') in 0.0098225 seconds
Number of updated asset objects reloaded before import = 0Number of asset objects unloaded after import = 3

========================================================================
Received Import Request.
  Time since last request: 0.385586 seconds.
  path: Assets/Art/Image/Img/Bg.png
  artifactKey: Guid(1e88cc9b8f014554eaa373f7a88c64a0) Importer(815301076,1909f56bfc062723c751e8b465ee728b)
Start importing Assets/Art/Image/Img/Bg.png using Guid(1e88cc9b8f014554eaa373f7a88c64a0) Importer(815301076,1909f56bfc062723c751e8b465ee728b) (PreviewImporter) -> (artifact id: '5dbc476427a3d27f0eb6ee9bbfab834b') in 0.0268755 seconds
Number of updated asset objects reloaded before import = 0Number of asset objects unloaded after import = 3

========================================================================
Received Import Request.
  Time since last request: 0.169078 seconds.
  path: Assets/Art/Image/Img/BgHeroOnFieldCard.png
  artifactKey: Guid(5d19a7e45b78f77439ea5d631512a180) Importer(815301076,1909f56bfc062723c751e8b465ee728b)
Start importing Assets/Art/Image/Img/BgHeroOnFieldCard.png using Guid(5d19a7e45b78f77439ea5d631512a180) Importer(815301076,1909f56bfc062723c751e8b465ee728b) (PreviewImporter) -> (artifact id: 'b9db11cfac69942a7d0da657cf92be53') in 0.0156033 seconds
Number of updated asset objects reloaded before import = 0Number of asset objects unloaded after import = 3

========================================================================
Received Import Request.
  Time since last request: 0.225204 seconds.
  path: Assets/Art/Image/Img/boss_icon.png
  artifactKey: Guid(b57f76f00e9c47d4181cf72446d8ef50) Importer(815301076,1909f56bfc062723c751e8b465ee728b)
Start importing Assets/Art/Image/Img/boss_icon.png using Guid(b57f76f00e9c47d4181cf72446d8ef50) Importer(815301076,1909f56bfc062723c751e8b465ee728b) (PreviewImporter) -> (artifact id: 'dceb8ba6f63261e7aab3e82f306beb67') in 0.0107566 seconds
Number of updated asset objects reloaded before import = 0Number of asset objects unloaded after import = 3

========================================================================
Received Import Request.
  Time since last request: 4.485708 seconds.
  path: Assets/Art/Image/Img/DescBox.png
  artifactKey: Guid(9d1f5c52a07b46d48aceaed17a3992f5) Importer(815301076,1909f56bfc062723c751e8b465ee728b)
Start importing Assets/Art/Image/Img/DescBox.png using Guid(9d1f5c52a07b46d48aceaed17a3992f5) Importer(815301076,1909f56bfc062723c751e8b465ee728b) (PreviewImporter) -> (artifact id: '624ff7d44579f4acdba9dd8522cd70d0') in 0.0101557 seconds
Number of updated asset objects reloaded before import = 0Number of asset objects unloaded after import = 3

========================================================================
Received Import Request.
  Time since last request: 0.452372 seconds.
  path: Assets/Art/Image/Img/Discount.png
  artifactKey: Guid(e84b89f2dcc5a1045be9561bcbf78de0) Importer(815301076,1909f56bfc062723c751e8b465ee728b)
Start importing Assets/Art/Image/Img/Discount.png using Guid(e84b89f2dcc5a1045be9561bcbf78de0) Importer(815301076,1909f56bfc062723c751e8b465ee728b) (PreviewImporter) -> (artifact id: '972df25a2f68a881bbcfb6f4ad894b1a') in 0.0099607 seconds
Number of updated asset objects reloaded before import = 0Number of asset objects unloaded after import = 3

========================================================================
Received Import Request.
  Time since last request: 1.079708 seconds.
  path: Assets/Art/Image/Img/efficacy_circle_3.png
  artifactKey: Guid(1836722b8fe6343449c19d9723aee8d4) Importer(815301076,1909f56bfc062723c751e8b465ee728b)
Start importing Assets/Art/Image/Img/efficacy_circle_3.png using Guid(1836722b8fe6343449c19d9723aee8d4) Importer(815301076,1909f56bfc062723c751e8b465ee728b) (PreviewImporter) -> (artifact id: '7a1ffdfe3c6d4ecfdf2ae767bb9d15ca') in 0.0113784 seconds
Number of updated asset objects reloaded before import = 0Number of asset objects unloaded after import = 3

========================================================================
Received Import Request.
  Time since last request: 1.750326 seconds.
  path: Assets/Art/Image/Img/efficacy_circle_particle_3.png
  artifactKey: Guid(8cdb4cbd41f692b49a87b15e90bb6329) Importer(815301076,1909f56bfc062723c751e8b465ee728b)
Start importing Assets/Art/Image/Img/efficacy_circle_particle_3.png using Guid(8cdb4cbd41f692b49a87b15e90bb6329) Importer(815301076,1909f56bfc062723c751e8b465ee728b) (PreviewImporter) -> (artifact id: 'dc8a7e7ea787a9af5e1362511850f695') in 0.0103463 seconds
Number of updated asset objects reloaded before import = 0Number of asset objects unloaded after import = 3

========================================================================
Received Import Request.
  Time since last request: 0.441244 seconds.
  path: Assets/Art/Image/Img/efficacy_circle_particle_5.png
  artifactKey: Guid(ccbc202d61952a54ba45621dd49b0cf5) Importer(815301076,1909f56bfc062723c751e8b465ee728b)
Start importing Assets/Art/Image/Img/efficacy_circle_particle_5.png using Guid(ccbc202d61952a54ba45621dd49b0cf5) Importer(815301076,1909f56bfc062723c751e8b465ee728b) (PreviewImporter) -> (artifact id: '1ab1d89e4d1965ff96d5324603656496') in 0.0075336 seconds
Number of updated asset objects reloaded before import = 0Number of asset objects unloaded after import = 3

========================================================================
Received Import Request.
  Time since last request: 1.411913 seconds.
  path: Assets/Art/Image/Img/EventActive.png
  artifactKey: Guid(59c03e1b57736fc498a3672b490210b3) Importer(815301076,1909f56bfc062723c751e8b465ee728b)
Start importing Assets/Art/Image/Img/EventActive.png using Guid(59c03e1b57736fc498a3672b490210b3) Importer(815301076,1909f56bfc062723c751e8b465ee728b) (PreviewImporter) -> (artifact id: '2763f7f07b1cc2dbdf9e19e72a9eabc0') in 0.0084778 seconds
Number of updated asset objects reloaded before import = 0Number of asset objects unloaded after import = 3

========================================================================
Received Import Request.
  Time since last request: 1.240916 seconds.
  path: Assets/Art/Image/Img/EventInactive.png
  artifactKey: Guid(03527e4590a88104b96e701a0a37cd91) Importer(815301076,1909f56bfc062723c751e8b465ee728b)
Start importing Assets/Art/Image/Img/EventInactive.png using Guid(03527e4590a88104b96e701a0a37cd91) Importer(815301076,1909f56bfc062723c751e8b465ee728b) (PreviewImporter) -> (artifact id: 'a8b464bd2b4128295badaf98e790431f') in 0.0095501 seconds
Number of updated asset objects reloaded before import = 0Number of asset objects unloaded after import = 3

========================================================================
Received Import Request.
  Time since last request: 1.425154 seconds.
  path: Assets/Art/Image/Img/fullBG.png
  artifactKey: Guid(dbed9f2e90500f34b8428f95772d672e) Importer(815301076,1909f56bfc062723c751e8b465ee728b)
Start importing Assets/Art/Image/Img/fullBG.png using Guid(dbed9f2e90500f34b8428f95772d672e) Importer(815301076,1909f56bfc062723c751e8b465ee728b) (PreviewImporter) -> (artifact id: '1f6b529bfd0c250a6f883dafc656b169') in 0.0107715 seconds
Number of updated asset objects reloaded before import = 0Number of asset objects unloaded after import = 3

========================================================================
Received Import Request.
  Time since last request: 1.347444 seconds.
  path: Assets/Art/Image/Img/GemPackIcon_1280.png
  artifactKey: Guid(bbb1b45e19e31644aac4bfa80fbd9f8f) Importer(815301076,1909f56bfc062723c751e8b465ee728b)
Start importing Assets/Art/Image/Img/GemPackIcon_1280.png using Guid(bbb1b45e19e31644aac4bfa80fbd9f8f) Importer(815301076,1909f56bfc062723c751e8b465ee728b) (PreviewImporter) -> (artifact id: 'accad70d1cee9e2411196ed9caed83fe') in 0.0094904 seconds
Number of updated asset objects reloaded before import = 0Number of asset objects unloaded after import = 3

========================================================================
Received Import Request.
  Time since last request: 0.390018 seconds.
  path: Assets/Art/Image/Img/GemPackIcon_1980.png
  artifactKey: Guid(78f8fd3dca5a2e9409200fe3ffcad345) Importer(815301076,1909f56bfc062723c751e8b465ee728b)
Start importing Assets/Art/Image/Img/GemPackIcon_1980.png using Guid(78f8fd3dca5a2e9409200fe3ffcad345) Importer(815301076,1909f56bfc062723c751e8b465ee728b) (PreviewImporter) -> (artifact id: '9ba340bf8f7e93768ef931d9bf1e4d49') in 0.010104 seconds
Number of updated asset objects reloaded before import = 0Number of asset objects unloaded after import = 3

========================================================================
Received Import Request.
  Time since last request: 0.344535 seconds.
  path: Assets/Art/Image/Img/GemPackIcon_3280.png
  artifactKey: Guid(ac181716196469b46aa5b213948e04f8) Importer(815301076,1909f56bfc062723c751e8b465ee728b)
Start importing Assets/Art/Image/Img/GemPackIcon_3280.png using Guid(ac181716196469b46aa5b213948e04f8) Importer(815301076,1909f56bfc062723c751e8b465ee728b) (PreviewImporter) -> (artifact id: 'b09900d07a02b91ab8b382948cec8e71') in 0.0123167 seconds
Number of updated asset objects reloaded before import = 0Number of asset objects unloaded after import = 3

========================================================================
Received Import Request.
  Time since last request: 21.718883 seconds.
  path: Assets/Art/Image/Img/loading_popup_1.png
  artifactKey: Guid(537d9ab8dd7f3314d8b82b5b6c5d487c) Importer(815301076,1909f56bfc062723c751e8b465ee728b)
Start importing Assets/Art/Image/Img/loading_popup_1.png using Guid(537d9ab8dd7f3314d8b82b5b6c5d487c) Importer(815301076,1909f56bfc062723c751e8b465ee728b) (PreviewImporter) -> (artifact id: 'b21c013b9d4c61fd88454db44bd3728a') in 0.0100303 seconds
Number of updated asset objects reloaded before import = 0Number of asset objects unloaded after import = 3

========================================================================
Received Import Request.
  Time since last request: 0.941147 seconds.
  path: Assets/Art/Image/Img/loading_popup_4.png
  artifactKey: Guid(dbd38be815288ae4ba6e1ad815083c56) Importer(815301076,1909f56bfc062723c751e8b465ee728b)
Start importing Assets/Art/Image/Img/loading_popup_4.png using Guid(dbd38be815288ae4ba6e1ad815083c56) Importer(815301076,1909f56bfc062723c751e8b465ee728b) (PreviewImporter) -> (artifact id: '5ca918ed6083723caf980b0cdeabf14a') in 0.0119781 seconds
Number of updated asset objects reloaded before import = 0Number of asset objects unloaded after import = 3

========================================================================
Received Import Request.
  Time since last request: 0.194399 seconds.
  path: Assets/Art/Image/Img/loading_popup_5.png
  artifactKey: Guid(f354651604df5fc4ea1311c6a82a65ab) Importer(815301076,1909f56bfc062723c751e8b465ee728b)
Start importing Assets/Art/Image/Img/loading_popup_5.png using Guid(f354651604df5fc4ea1311c6a82a65ab) Importer(815301076,1909f56bfc062723c751e8b465ee728b) (PreviewImporter) -> (artifact id: '2ea103ac89a49943b94737f70c5712fa') in 0.0102605 seconds
Number of updated asset objects reloaded before import = 0Number of asset objects unloaded after import = 3

========================================================================
Received Import Request.
  Time since last request: 0.193173 seconds.
  path: Assets/Art/Image/Img/menu_back.png
  artifactKey: Guid(e36d23568b58e6d4c952413ac3c7d3aa) Importer(815301076,1909f56bfc062723c751e8b465ee728b)
Start importing Assets/Art/Image/Img/menu_back.png using Guid(e36d23568b58e6d4c952413ac3c7d3aa) Importer(815301076,1909f56bfc062723c751e8b465ee728b) (PreviewImporter) -> (artifact id: '2401f048b9fb40e931be795d68bd06e7') in 0.0096388 seconds
Number of updated asset objects reloaded before import = 0Number of asset objects unloaded after import = 3

========================================================================
Received Import Request.
  Time since last request: 0.199546 seconds.
  path: Assets/Art/Image/Img/menu_lock.png
  artifactKey: Guid(05e2c959c8462f048af2f5bc454e140b) Importer(815301076,1909f56bfc062723c751e8b465ee728b)
Start importing Assets/Art/Image/Img/menu_lock.png using Guid(05e2c959c8462f048af2f5bc454e140b) Importer(815301076,1909f56bfc062723c751e8b465ee728b) (PreviewImporter) -> (artifact id: '701d28f396969ce6c9f19798c0dcd790') in 0.0104327 seconds
Number of updated asset objects reloaded before import = 0Number of asset objects unloaded after import = 3

========================================================================
Received Import Request.
  Time since last request: 1.302217 seconds.
  path: Assets/Art/Image/Img/MerchandisBG.png
  artifactKey: Guid(5af09794da1a2684d9d81546c53728b2) Importer(815301076,1909f56bfc062723c751e8b465ee728b)
Start importing Assets/Art/Image/Img/MerchandisBG.png using Guid(5af09794da1a2684d9d81546c53728b2) Importer(815301076,1909f56bfc062723c751e8b465ee728b) (PreviewImporter) -> (artifact id: 'a43f28c17e5f312e2883cba4e5882973') in 0.010686 seconds
Number of updated asset objects reloaded before import = 0Number of asset objects unloaded after import = 3

========================================================================
Received Import Request.
  Time since last request: 0.986736 seconds.
  path: Assets/Art/Image/Img/MerchandisTag.png
  artifactKey: Guid(0db36666b7ed68343a07f97bbfa5d942) Importer(815301076,1909f56bfc062723c751e8b465ee728b)
Start importing Assets/Art/Image/Img/MerchandisTag.png using Guid(0db36666b7ed68343a07f97bbfa5d942) Importer(815301076,1909f56bfc062723c751e8b465ee728b) (PreviewImporter) -> (artifact id: 'c4c50a4b95d6329bec64984f60c96436') in 0.008283 seconds
Number of updated asset objects reloaded before import = 0Number of asset objects unloaded after import = 3

========================================================================
Received Import Request.
  Time since last request: 0.738244 seconds.
  path: Assets/Art/Image/Img/MonsterDetailSubSep.png
  artifactKey: Guid(5ef84a87af23a2240a9157ce7a5cfc4e) Importer(815301076,1909f56bfc062723c751e8b465ee728b)
Start importing Assets/Art/Image/Img/MonsterDetailSubSep.png using Guid(5ef84a87af23a2240a9157ce7a5cfc4e) Importer(815301076,1909f56bfc062723c751e8b465ee728b) (PreviewImporter) -> (artifact id: '0cdac4299cae8805f93854945a8ce34b') in 0.0098735 seconds
Number of updated asset objects reloaded before import = 0Number of asset objects unloaded after import = 3

========================================================================
Received Import Request.
  Time since last request: 0.462464 seconds.
  path: Assets/Art/Image/Img/MusicIcon.png
  artifactKey: Guid(436f8f3d7143d154d8d6238054b5ee7a) Importer(815301076,1909f56bfc062723c751e8b465ee728b)
Start importing Assets/Art/Image/Img/MusicIcon.png using Guid(436f8f3d7143d154d8d6238054b5ee7a) Importer(815301076,1909f56bfc062723c751e8b465ee728b) (PreviewImporter) -> (artifact id: '99d87c89168d318b6c261d88d9c2f07e') in 0.0107442 seconds
Number of updated asset objects reloaded before import = 0Number of asset objects unloaded after import = 3

========================================================================
Received Import Request.
  Time since last request: 0.681366 seconds.
  path: Assets/Art/Image/Img/MyHero_Tag.png
  artifactKey: Guid(12b51f2550c631b4998d607cf60ba630) Importer(815301076,1909f56bfc062723c751e8b465ee728b)
Start importing Assets/Art/Image/Img/MyHero_Tag.png using Guid(12b51f2550c631b4998d607cf60ba630) Importer(815301076,1909f56bfc062723c751e8b465ee728b) (PreviewImporter) -> (artifact id: '8c3e29a0254ee07b4dfd6e7d2f6b5943') in 0.0100033 seconds
Number of updated asset objects reloaded before import = 0Number of asset objects unloaded after import = 3

========================================================================
Received Import Request.
  Time since last request: 4.715916 seconds.
  path: Assets/Art/Image/Img/ok_btn.png
  artifactKey: Guid(6a8e6c384165fa948aa98c0fb030b56e) Importer(815301076,1909f56bfc062723c751e8b465ee728b)
Start importing Assets/Art/Image/Img/ok_btn.png using Guid(6a8e6c384165fa948aa98c0fb030b56e) Importer(815301076,1909f56bfc062723c751e8b465ee728b) (PreviewImporter) -> (artifact id: 'a648ddab562dc935b292508c7ac1348f') in 0.007773 seconds
Number of updated asset objects reloaded before import = 0Number of asset objects unloaded after import = 3

========================================================================
Received Import Request.
  Time since last request: 0.015754 seconds.
  path: Assets/Art/Image/Img/plus_icon.png
  artifactKey: Guid(3524e1d59d410c247b0df9231fe17cb0) Importer(815301076,1909f56bfc062723c751e8b465ee728b)
Start importing Assets/Art/Image/Img/plus_icon.png using Guid(3524e1d59d410c247b0df9231fe17cb0) Importer(815301076,1909f56bfc062723c751e8b465ee728b) (PreviewImporter) -> (artifact id: '066907f7ae320dcb3afd08733eb554cc') in 0.0076473 seconds
Number of updated asset objects reloaded before import = 0Number of asset objects unloaded after import = 3

========================================================================
Received Import Request.
  Time since last request: 0.021785 seconds.
  path: Assets/Art/Image/Img/PopBoxBg.png
  artifactKey: Guid(9035b6948e1823d408eda4e9f8595d85) Importer(815301076,1909f56bfc062723c751e8b465ee728b)
Start importing Assets/Art/Image/Img/PopBoxBg.png using Guid(9035b6948e1823d408eda4e9f8595d85) Importer(815301076,1909f56bfc062723c751e8b465ee728b) (PreviewImporter) -> (artifact id: '159360f5d2bbf123fe9a274ae4209d54') in 0.0095962 seconds
Number of updated asset objects reloaded before import = 0Number of asset objects unloaded after import = 3

========================================================================
Received Import Request.
  Time since last request: 1.210157 seconds.
  path: Assets/Art/Image/Img/PopBoxDot.png
  artifactKey: Guid(21c93d43b3625e54ca5d3d00f6c11f72) Importer(815301076,1909f56bfc062723c751e8b465ee728b)
Start importing Assets/Art/Image/Img/PopBoxDot.png using Guid(21c93d43b3625e54ca5d3d00f6c11f72) Importer(815301076,1909f56bfc062723c751e8b465ee728b) (PreviewImporter) -> (artifact id: 'b2beb4da30b9af251faddb6a90e092b9') in 0.011592 seconds
Number of updated asset objects reloaded before import = 0Number of asset objects unloaded after import = 3

========================================================================
Received Import Request.
  Time since last request: 0.286966 seconds.
  path: Assets/Art/Image/Img/PopBoxMask.png
  artifactKey: Guid(f7f25e08fe4c6ad4386f4c42abcc86a6) Importer(815301076,1909f56bfc062723c751e8b465ee728b)
Start importing Assets/Art/Image/Img/PopBoxMask.png using Guid(f7f25e08fe4c6ad4386f4c42abcc86a6) Importer(815301076,1909f56bfc062723c751e8b465ee728b) (PreviewImporter) -> (artifact id: 'c6bbf507c1b798e1134503d16ac6f30e') in 0.0097705 seconds
Number of updated asset objects reloaded before import = 0Number of asset objects unloaded after import = 3

========================================================================
Received Import Request.
  Time since last request: 0.165422 seconds.
  path: Assets/Art/Image/Img/PopBoxOutline.png
  artifactKey: Guid(c4fdff3c4ee987b40ae816a81f39b7d3) Importer(815301076,1909f56bfc062723c751e8b465ee728b)
Start importing Assets/Art/Image/Img/PopBoxOutline.png using Guid(c4fdff3c4ee987b40ae816a81f39b7d3) Importer(815301076,1909f56bfc062723c751e8b465ee728b) (PreviewImporter) -> (artifact id: '4f03b3ec2576de770f02e53bb5840ddd') in 0.0088668 seconds
Number of updated asset objects reloaded before import = 0Number of asset objects unloaded after import = 3

========================================================================
Received Import Request.
  Time since last request: 0.226975 seconds.
  path: Assets/Art/Image/Img/popup_bg.png
  artifactKey: Guid(0aaaf4e0c61630642bbbde423ba461a8) Importer(815301076,1909f56bfc062723c751e8b465ee728b)
Start importing Assets/Art/Image/Img/popup_bg.png using Guid(0aaaf4e0c61630642bbbde423ba461a8) Importer(815301076,1909f56bfc062723c751e8b465ee728b) (PreviewImporter) -> (artifact id: 'dca2ee90a1f2f7c609eba3cfa428876d') in 0.0102343 seconds
Number of updated asset objects reloaded before import = 0Number of asset objects unloaded after import = 3

========================================================================
Received Import Request.
  Time since last request: 0.191587 seconds.
  path: Assets/Art/Image/Img/ProfilePhotoBg.png
  artifactKey: Guid(930e10286f47ed747a8575dba4945e1f) Importer(815301076,1909f56bfc062723c751e8b465ee728b)
Start importing Assets/Art/Image/Img/ProfilePhotoBg.png using Guid(930e10286f47ed747a8575dba4945e1f) Importer(815301076,1909f56bfc062723c751e8b465ee728b) (PreviewImporter) -> (artifact id: 'd6ab517d6380df785551db7ee8a710d5') in 0.0103792 seconds
Number of updated asset objects reloaded before import = 0Number of asset objects unloaded after import = 3

========================================================================
Received Import Request.
  Time since last request: 0.195578 seconds.
  path: Assets/Art/Image/Img/progressFillPartten.png
  artifactKey: Guid(d142738439d389641a8e841f89381aad) Importer(815301076,1909f56bfc062723c751e8b465ee728b)
Start importing Assets/Art/Image/Img/progressFillPartten.png using Guid(d142738439d389641a8e841f89381aad) Importer(815301076,1909f56bfc062723c751e8b465ee728b) (PreviewImporter) -> (artifact id: 'eed9d60c63c39d75c3d8910f882a40c4') in 0.0068424 seconds
Number of updated asset objects reloaded before import = 0Number of asset objects unloaded after import = 3

========================================================================
Received Import Request.
  Time since last request: 0.207566 seconds.
  path: Assets/Art/Image/Img/PurchasedSuccessfully.png
  artifactKey: Guid(07734931dda9d124f8c5080365b247ca) Importer(815301076,1909f56bfc062723c751e8b465ee728b)
Start importing Assets/Art/Image/Img/PurchasedSuccessfully.png using Guid(07734931dda9d124f8c5080365b247ca) Importer(815301076,1909f56bfc062723c751e8b465ee728b) (PreviewImporter) -> (artifact id: '69dc2c580b4a0252adb084de23a368e2') in 0.0076684 seconds
Number of updated asset objects reloaded before import = 0Number of asset objects unloaded after import = 3

========================================================================
Received Import Request.
  Time since last request: 0.189364 seconds.
  path: Assets/Art/Image/Img/PurchaseGlow1.png
  artifactKey: Guid(fc6840de0f083e54b89d2544953f9253) Importer(815301076,1909f56bfc062723c751e8b465ee728b)
Start importing Assets/Art/Image/Img/PurchaseGlow1.png using Guid(fc6840de0f083e54b89d2544953f9253) Importer(815301076,1909f56bfc062723c751e8b465ee728b) (PreviewImporter) -> (artifact id: '45325e77e8d90ea9899201273f31ecbe') in 0.011262 seconds
Number of updated asset objects reloaded before import = 0Number of asset objects unloaded after import = 3

========================================================================
Received Import Request.
  Time since last request: 0.424635 seconds.
  path: Assets/Art/Image/Img/ScollLeft.png
  artifactKey: Guid(e31db4ac10440f24a8939722c7c96c94) Importer(815301076,1909f56bfc062723c751e8b465ee728b)
Start importing Assets/Art/Image/Img/ScollLeft.png using Guid(e31db4ac10440f24a8939722c7c96c94) Importer(815301076,1909f56bfc062723c751e8b465ee728b) (PreviewImporter) -> (artifact id: '7217cb37b2f1184f2fd295f2f61f1e4e') in 0.0095288 seconds
Number of updated asset objects reloaded before import = 0Number of asset objects unloaded after import = 3

========================================================================
Received Import Request.
  Time since last request: 145.475933 seconds.
  path: Assets/Art/Image/Img/TrianglePointer.png
  artifactKey: Guid(08ef244384cf5df4e86c823fec794b1a) Importer(815301076,1909f56bfc062723c751e8b465ee728b)
Start importing Assets/Art/Image/Img/TrianglePointer.png using Guid(08ef244384cf5df4e86c823fec794b1a) Importer(815301076,1909f56bfc062723c751e8b465ee728b) (PreviewImporter) -> (artifact id: '26312520ac27ea51b8d34a9fbc77281d') in 0.0100863 seconds
Number of updated asset objects reloaded before import = 0Number of asset objects unloaded after import = 3

========================================================================
Received Import Request.
  Time since last request: 0.048147 seconds.
  path: Assets/Art/Image/Img/Special_Tag.png
  artifactKey: Guid(5874160d01f3cca468089a6e016d30d9) Importer(815301076,1909f56bfc062723c751e8b465ee728b)
Start importing Assets/Art/Image/Img/Special_Tag.png using Guid(5874160d01f3cca468089a6e016d30d9) Importer(815301076,1909f56bfc062723c751e8b465ee728b) (PreviewImporter) -> (artifact id: '0edd02617ad5e455ff37b135effacf07') in 0.0080077 seconds
Number of updated asset objects reloaded before import = 0Number of asset objects unloaded after import = 3

========================================================================
Received Import Request.
  Time since last request: 0.016121 seconds.
  path: Assets/Art/Image/Img/ShopIcon.png
  artifactKey: Guid(1585a8caf3cde4049801b541635a6ef7) Importer(815301076,1909f56bfc062723c751e8b465ee728b)
Start importing Assets/Art/Image/Img/ShopIcon.png using Guid(1585a8caf3cde4049801b541635a6ef7) Importer(815301076,1909f56bfc062723c751e8b465ee728b) (PreviewImporter) -> (artifact id: '0bc3a60c96d185b53c39fca651f60785') in 0.0082122 seconds
Number of updated asset objects reloaded before import = 0Number of asset objects unloaded after import = 3

========================================================================
Received Import Request.
  Time since last request: 0.016485 seconds.
  path: Assets/Art/Image/Img/SettingsBtn2.png
  artifactKey: Guid(4690310b1f171744fb1e8a27ed4183fa) Importer(815301076,1909f56bfc062723c751e8b465ee728b)
Start importing Assets/Art/Image/Img/SettingsBtn2.png using Guid(4690310b1f171744fb1e8a27ed4183fa) Importer(815301076,1909f56bfc062723c751e8b465ee728b) (PreviewImporter) -> (artifact id: '82e2441d18a1e48cf70f410cb37b5627') in 0.008717 seconds
Number of updated asset objects reloaded before import = 0Number of asset objects unloaded after import = 3

========================================================================
Received Import Request.
  Time since last request: 0.014908 seconds.
  path: Assets/Art/Image/Img/SettingsBtn1.png
  artifactKey: Guid(fa83083f7949f944e8157363959b9def) Importer(815301076,1909f56bfc062723c751e8b465ee728b)
Start importing Assets/Art/Image/Img/SettingsBtn1.png using Guid(fa83083f7949f944e8157363959b9def) Importer(815301076,1909f56bfc062723c751e8b465ee728b) (PreviewImporter) -> (artifact id: 'd8d32adf67045e7b6e551b8d4978bb26') in 0.0092777 seconds
Number of updated asset objects reloaded before import = 0Number of asset objects unloaded after import = 3

========================================================================
Received Import Request.
  Time since last request: 0.015301 seconds.
  path: Assets/Art/Image/Img/SetSoundClick2.png
  artifactKey: Guid(35f21564f6a150f4086df6a93095f2bc) Importer(815301076,1909f56bfc062723c751e8b465ee728b)
Start importing Assets/Art/Image/Img/SetSoundClick2.png using Guid(35f21564f6a150f4086df6a93095f2bc) Importer(815301076,1909f56bfc062723c751e8b465ee728b) (PreviewImporter) -> (artifact id: '7b3d34424dd47bc89a128cdac4c9df2b') in 0.0080696 seconds
Number of updated asset objects reloaded before import = 0Number of asset objects unloaded after import = 3

========================================================================
Received Import Request.
  Time since last request: 0.018079 seconds.
  path: Assets/Art/Image/Img/SetSoundClick1.png
  artifactKey: Guid(e69c2e8f51f93d643ae2b64c284385db) Importer(815301076,1909f56bfc062723c751e8b465ee728b)
Start importing Assets/Art/Image/Img/SetSoundClick1.png using Guid(e69c2e8f51f93d643ae2b64c284385db) Importer(815301076,1909f56bfc062723c751e8b465ee728b) (PreviewImporter) -> (artifact id: '2b4b2a024b9daf46f4f6726414ddc5b6') in 0.0072509 seconds
Number of updated asset objects reloaded before import = 0Number of asset objects unloaded after import = 3

========================================================================
Received Import Request.
  Time since last request: 640.483583 seconds.
  path: Assets/Res/UI/Prefabs/Home/HomeTabCell.prefab
  artifactKey: Guid(db242da044e2789498ebddf793e12ad4) Importer(815301076,1909f56bfc062723c751e8b465ee728b)
Start importing Assets/Res/UI/Prefabs/Home/HomeTabCell.prefab using Guid(db242da044e2789498ebddf793e12ad4) Importer(815301076,1909f56bfc062723c751e8b465ee728b) (PreviewImporter) -> (artifact id: '26796e2fe5a185d8c40a7962983443a2') in 0.0085587 seconds
Number of updated asset objects reloaded before import = 0Number of asset objects unloaded after import = 29

========================================================================
Received Prepare
Refreshing native plugins compatible for Editor in 1.05 ms, found 4 plugins.
Preloading 0 native plugins for Editor in 0.00 ms.
Unloading 25 Unused Serialized files (Serialized files now loaded: 0)
Unloading 7212 unused Assets / (6.9 MB). Loaded Objects now: 8172.
Memory consumption went from 181.4 MB to 174.5 MB.
Total: 31.464300 ms (FindLiveObjects: 0.801000 ms CreateObjectMapping: 0.890800 ms MarkObjects: 25.650600 ms  DeleteObjects: 4.119400 ms)

Prepare: number of updated asset objects reloaded= 0
========================================================================
Received Import Request.
  Time since last request: 42.062965 seconds.
  path: Assets/Game/Scripts/GameClient/UI/Home/HomeTabCell.cs
  artifactKey: Guid(ce8f7409f600fae44ba4195bb64a6f8d) Importer(815301076,1909f56bfc062723c751e8b465ee728b)
Start importing Assets/Game/Scripts/GameClient/UI/Home/HomeTabCell.cs using Guid(ce8f7409f600fae44ba4195bb64a6f8d) Importer(815301076,1909f56bfc062723c751e8b465ee728b) (PreviewImporter) -> (artifact id: '2e89c9053e0296d79a103a6b4a092101') in 0.0076852 seconds
Number of updated asset objects reloaded before import = 0Number of asset objects unloaded after import = 0

========================================================================
Received Prepare
Begin MonoManager ReloadAssembly
Symbol file data-000002C606A4B030 doesn't match image G:\Unity6\ClientFrame\Assets\ThirdParty\Sirenix\Assemblies\Sirenix.OdinInspector.Editor.dll
Symbol file LoadedFromMemory is not a mono symbol file
- Loaded All Assemblies, in  0.666 seconds
Refreshing native plugins compatible for Editor in 0.55 ms, found 4 plugins.
Native extension for iOS target not found
Native extension for Android target not found
Native extension for WindowsStandalone target not found
Native extension for WebGL target not found
Mono: successfully reloaded assembly
- Finished resetting the current domain, in  0.977 seconds
Domain Reload Profiling: 1646ms
	BeginReloadAssembly (179ms)
		ExecutionOrderSort (0ms)
		DisableScriptedObjects (10ms)
		BackupInstance (0ms)
		ReleaseScriptingObjects (0ms)
		CreateAndSetChildDomain (57ms)
	RebuildCommonClasses (25ms)
	RebuildNativeTypeToScriptingClass (9ms)
	initialDomainReloadingComplete (19ms)
	LoadAllAssembliesAndSetupDomain (436ms)
		LoadAssemblies (329ms)
		RebuildTransferFunctionScriptingTraits (0ms)
		AnalyzeDomain (184ms)
			TypeCache.Refresh (11ms)
				TypeCache.ScanAssembly (1ms)
			BuildScriptInfoCaches (157ms)
			ResolveRequiredComponents (11ms)
	FinalizeReload (977ms)
		ReleaseScriptCaches (0ms)
		RebuildScriptCaches (0ms)
		SetupLoadedEditorAssemblies (830ms)
			LogAssemblyErrors (0ms)
			InitializePlatformSupportModulesInManaged (11ms)
			SetLoadedEditorAssemblies (5ms)
			BeforeProcessingInitializeOnLoad (127ms)
			ProcessInitializeOnLoadAttributes (551ms)
			ProcessInitializeOnLoadMethodAttributes (133ms)
			AfterProcessingInitializeOnLoad (2ms)
			EditorAssembliesLoaded (0ms)
		ExecutionOrderSort2 (0ms)
		AwakeInstancesAfterBackupRestoration (9ms)
Refreshing native plugins compatible for Editor in 1.02 ms, found 4 plugins.
Preloading 0 native plugins for Editor in 0.00 ms.
Unloading 25 Unused Serialized files (Serialized files now loaded: 0)
Unloading 7223 unused Assets / (6.9 MB). Loaded Objects now: 8174.
Memory consumption went from 182.2 MB to 175.3 MB.
Total: 28.786800 ms (FindLiveObjects: 0.876800 ms CreateObjectMapping: 0.886500 ms MarkObjects: 23.333800 ms  DeleteObjects: 3.687500 ms)

Prepare: number of updated asset objects reloaded= 0
========================================================================
Received Prepare
Begin MonoManager ReloadAssembly
Symbol file data-000002C62BF53C30 doesn't match image G:\Unity6\ClientFrame\Assets\ThirdParty\Sirenix\Assemblies\Sirenix.OdinInspector.Editor.dll
Symbol file LoadedFromMemory is not a mono symbol file
- Loaded All Assemblies, in  0.621 seconds
Refreshing native plugins compatible for Editor in 0.79 ms, found 4 plugins.
Native extension for iOS target not found
Native extension for Android target not found
Native extension for WindowsStandalone target not found
Native extension for WebGL target not found
Mono: successfully reloaded assembly
- Finished resetting the current domain, in  0.989 seconds
Domain Reload Profiling: 1613ms
	BeginReloadAssembly (171ms)
		ExecutionOrderSort (0ms)
		DisableScriptedObjects (11ms)
		BackupInstance (0ms)
		ReleaseScriptingObjects (0ms)
		CreateAndSetChildDomain (55ms)
	RebuildCommonClasses (24ms)
	RebuildNativeTypeToScriptingClass (9ms)
	initialDomainReloadingComplete (19ms)
	LoadAllAssembliesAndSetupDomain (401ms)
		LoadAssemblies (302ms)
		RebuildTransferFunctionScriptingTraits (0ms)
		AnalyzeDomain (170ms)
			TypeCache.Refresh (10ms)
				TypeCache.ScanAssembly (1ms)
			BuildScriptInfoCaches (145ms)
			ResolveRequiredComponents (11ms)
	FinalizeReload (989ms)
		ReleaseScriptCaches (0ms)
		RebuildScriptCaches (0ms)
		SetupLoadedEditorAssemblies (837ms)
			LogAssemblyErrors (0ms)
			InitializePlatformSupportModulesInManaged (10ms)
			SetLoadedEditorAssemblies (6ms)
			BeforeProcessingInitializeOnLoad (130ms)
			ProcessInitializeOnLoadAttributes (546ms)
			ProcessInitializeOnLoadMethodAttributes (143ms)
			AfterProcessingInitializeOnLoad (1ms)
			EditorAssembliesLoaded (0ms)
		ExecutionOrderSort2 (0ms)
		AwakeInstancesAfterBackupRestoration (10ms)
Refreshing native plugins compatible for Editor in 1.60 ms, found 4 plugins.
Preloading 0 native plugins for Editor in 0.00 ms.
Unloading 25 Unused Serialized files (Serialized files now loaded: 0)
Unloading 7223 unused Assets / (6.8 MB). Loaded Objects now: 8176.
Memory consumption went from 182.2 MB to 175.4 MB.
Total: 31.730400 ms (FindLiveObjects: 1.072500 ms CreateObjectMapping: 1.265900 ms MarkObjects: 25.121200 ms  DeleteObjects: 4.269000 ms)

Prepare: number of updated asset objects reloaded= 0
========================================================================
Received Prepare
Begin MonoManager ReloadAssembly
Symbol file data-000002C62BF53C30 doesn't match image G:\Unity6\ClientFrame\Assets\ThirdParty\Sirenix\Assemblies\Sirenix.OdinInspector.Editor.dll
Symbol file LoadedFromMemory is not a mono symbol file
- Loaded All Assemblies, in  0.613 seconds
Refreshing native plugins compatible for Editor in 0.62 ms, found 4 plugins.
Native extension for iOS target not found
Native extension for Android target not found
Native extension for WindowsStandalone target not found
Native extension for WebGL target not found
Mono: successfully reloaded assembly
- Finished resetting the current domain, in  0.917 seconds
Domain Reload Profiling: 1533ms
	BeginReloadAssembly (166ms)
		ExecutionOrderSort (0ms)
		DisableScriptedObjects (10ms)
		BackupInstance (0ms)
		ReleaseScriptingObjects (0ms)
		CreateAndSetChildDomain (50ms)
	RebuildCommonClasses (28ms)
	RebuildNativeTypeToScriptingClass (8ms)
	initialDomainReloadingComplete (18ms)
	LoadAllAssembliesAndSetupDomain (396ms)
		LoadAssemblies (295ms)
		RebuildTransferFunctionScriptingTraits (0ms)
		AnalyzeDomain (175ms)
			TypeCache.Refresh (10ms)
				TypeCache.ScanAssembly (1ms)
			BuildScriptInfoCaches (151ms)
			ResolveRequiredComponents (11ms)
	FinalizeReload (918ms)
		ReleaseScriptCaches (0ms)
		RebuildScriptCaches (0ms)
		SetupLoadedEditorAssemblies (775ms)
			LogAssemblyErrors (0ms)
			InitializePlatformSupportModulesInManaged (11ms)
			SetLoadedEditorAssemblies (6ms)
			BeforeProcessingInitializeOnLoad (135ms)
			ProcessInitializeOnLoadAttributes (497ms)
			ProcessInitializeOnLoadMethodAttributes (124ms)
			AfterProcessingInitializeOnLoad (1ms)
			EditorAssembliesLoaded (0ms)
		ExecutionOrderSort2 (0ms)
		AwakeInstancesAfterBackupRestoration (9ms)
Refreshing native plugins compatible for Editor in 0.96 ms, found 4 plugins.
Preloading 0 native plugins for Editor in 0.00 ms.
Unloading 25 Unused Serialized files (Serialized files now loaded: 0)
Unloading 7223 unused Assets / (6.8 MB). Loaded Objects now: 8178.
Memory consumption went from 182.2 MB to 175.4 MB.
Total: 30.209500 ms (FindLiveObjects: 0.752000 ms CreateObjectMapping: 0.874400 ms MarkObjects: 24.546800 ms  DeleteObjects: 4.034900 ms)

Prepare: number of updated asset objects reloaded= 0
========================================================================
Received Prepare
Begin MonoManager ReloadAssembly
Symbol file data-000002C62BF53C30 doesn't match image G:\Unity6\ClientFrame\Assets\ThirdParty\Sirenix\Assemblies\Sirenix.OdinInspector.Editor.dll
Symbol file LoadedFromMemory is not a mono symbol file
- Loaded All Assemblies, in  0.601 seconds
Refreshing native plugins compatible for Editor in 0.55 ms, found 4 plugins.
Native extension for iOS target not found
Native extension for Android target not found
Native extension for WindowsStandalone target not found
Native extension for WebGL target not found
Mono: successfully reloaded assembly
- Finished resetting the current domain, in  0.914 seconds
Domain Reload Profiling: 1518ms
	BeginReloadAssembly (158ms)
		ExecutionOrderSort (0ms)
		DisableScriptedObjects (10ms)
		BackupInstance (0ms)
		ReleaseScriptingObjects (0ms)
		CreateAndSetChildDomain (48ms)
	RebuildCommonClasses (24ms)
	RebuildNativeTypeToScriptingClass (11ms)
	initialDomainReloadingComplete (20ms)
	LoadAllAssembliesAndSetupDomain (391ms)
		LoadAssemblies (284ms)
		RebuildTransferFunctionScriptingTraits (0ms)
		AnalyzeDomain (174ms)
			TypeCache.Refresh (13ms)
				TypeCache.ScanAssembly (2ms)
			BuildScriptInfoCaches (145ms)
			ResolveRequiredComponents (11ms)
	FinalizeReload (914ms)
		ReleaseScriptCaches (0ms)
		RebuildScriptCaches (0ms)
		SetupLoadedEditorAssemblies (773ms)
			LogAssemblyErrors (0ms)
			InitializePlatformSupportModulesInManaged (11ms)
			SetLoadedEditorAssemblies (7ms)
			BeforeProcessingInitializeOnLoad (135ms)
			ProcessInitializeOnLoadAttributes (496ms)
			ProcessInitializeOnLoadMethodAttributes (123ms)
			AfterProcessingInitializeOnLoad (1ms)
			EditorAssembliesLoaded (0ms)
		ExecutionOrderSort2 (0ms)
		AwakeInstancesAfterBackupRestoration (8ms)
Refreshing native plugins compatible for Editor in 1.25 ms, found 4 plugins.
Preloading 0 native plugins for Editor in 0.00 ms.
Unloading 25 Unused Serialized files (Serialized files now loaded: 0)
Unloading 7223 unused Assets / (6.8 MB). Loaded Objects now: 8180.
Memory consumption went from 182.2 MB to 175.4 MB.
Total: 28.938900 ms (FindLiveObjects: 0.804500 ms CreateObjectMapping: 1.072900 ms MarkObjects: 22.870300 ms  DeleteObjects: 4.189800 ms)

Prepare: number of updated asset objects reloaded= 0
========================================================================
Received Prepare
Begin MonoManager ReloadAssembly
Symbol file data-000002C62BF53C30 doesn't match image G:\Unity6\ClientFrame\Assets\ThirdParty\Sirenix\Assemblies\Sirenix.OdinInspector.Editor.dll
Symbol file LoadedFromMemory is not a mono symbol file
- Loaded All Assemblies, in  0.620 seconds
Refreshing native plugins compatible for Editor in 0.70 ms, found 4 plugins.
Native extension for iOS target not found
Native extension for Android target not found
Native extension for WindowsStandalone target not found
Native extension for WebGL target not found
Mono: successfully reloaded assembly
- Finished resetting the current domain, in  0.919 seconds
Domain Reload Profiling: 1542ms
	BeginReloadAssembly (162ms)
		ExecutionOrderSort (0ms)
		DisableScriptedObjects (11ms)
		BackupInstance (0ms)
		ReleaseScriptingObjects (0ms)
		CreateAndSetChildDomain (51ms)
	RebuildCommonClasses (24ms)
	RebuildNativeTypeToScriptingClass (9ms)
	initialDomainReloadingComplete (19ms)
	LoadAllAssembliesAndSetupDomain (409ms)
		LoadAssemblies (300ms)
		RebuildTransferFunctionScriptingTraits (0ms)
		AnalyzeDomain (177ms)
			TypeCache.Refresh (11ms)
				TypeCache.ScanAssembly (1ms)
			BuildScriptInfoCaches (151ms)
			ResolveRequiredComponents (11ms)
	FinalizeReload (919ms)
		ReleaseScriptCaches (0ms)
		RebuildScriptCaches (0ms)
		SetupLoadedEditorAssemblies (770ms)
			LogAssemblyErrors (0ms)
			InitializePlatformSupportModulesInManaged (11ms)
			SetLoadedEditorAssemblies (7ms)
			BeforeProcessingInitializeOnLoad (129ms)
			ProcessInitializeOnLoadAttributes (495ms)
			ProcessInitializeOnLoadMethodAttributes (127ms)
			AfterProcessingInitializeOnLoad (1ms)
			EditorAssembliesLoaded (0ms)
		ExecutionOrderSort2 (0ms)
		AwakeInstancesAfterBackupRestoration (8ms)
Refreshing native plugins compatible for Editor in 1.05 ms, found 4 plugins.
Preloading 0 native plugins for Editor in 0.00 ms.
Unloading 25 Unused Serialized files (Serialized files now loaded: 0)
Unloading 7223 unused Assets / (6.9 MB). Loaded Objects now: 8182.
Memory consumption went from 182.2 MB to 175.3 MB.
Total: 30.321500 ms (FindLiveObjects: 0.887200 ms CreateObjectMapping: 1.388100 ms MarkObjects: 23.779400 ms  DeleteObjects: 4.261900 ms)

Prepare: number of updated asset objects reloaded= 0
========================================================================
Received Prepare
Begin MonoManager ReloadAssembly
Symbol file data-000002C62BF53C30 doesn't match image G:\Unity6\ClientFrame\Assets\ThirdParty\Sirenix\Assemblies\Sirenix.OdinInspector.Editor.dll
Symbol file LoadedFromMemory is not a mono symbol file
- Loaded All Assemblies, in  0.607 seconds
Refreshing native plugins compatible for Editor in 0.91 ms, found 4 plugins.
Native extension for iOS target not found
Native extension for Android target not found
Native extension for WindowsStandalone target not found
Native extension for WebGL target not found
Mono: successfully reloaded assembly
- Finished resetting the current domain, in  0.949 seconds
Domain Reload Profiling: 1559ms
	BeginReloadAssembly (169ms)
		ExecutionOrderSort (0ms)
		DisableScriptedObjects (11ms)
		BackupInstance (0ms)
		ReleaseScriptingObjects (0ms)
		CreateAndSetChildDomain (57ms)
	RebuildCommonClasses (24ms)
	RebuildNativeTypeToScriptingClass (8ms)
	initialDomainReloadingComplete (18ms)
	LoadAllAssembliesAndSetupDomain (391ms)
		LoadAssemblies (286ms)
		RebuildTransferFunctionScriptingTraits (0ms)
		AnalyzeDomain (171ms)
			TypeCache.Refresh (11ms)
				TypeCache.ScanAssembly (1ms)
			BuildScriptInfoCaches (146ms)
			ResolveRequiredComponents (11ms)
	FinalizeReload (949ms)
		ReleaseScriptCaches (0ms)
		RebuildScriptCaches (0ms)
		SetupLoadedEditorAssemblies (804ms)
			LogAssemblyErrors (0ms)
			InitializePlatformSupportModulesInManaged (11ms)
			SetLoadedEditorAssemblies (5ms)
			BeforeProcessingInitializeOnLoad (130ms)
			ProcessInitializeOnLoadAttributes (515ms)
			ProcessInitializeOnLoadMethodAttributes (141ms)
			AfterProcessingInitializeOnLoad (1ms)
			EditorAssembliesLoaded (0ms)
		ExecutionOrderSort2 (0ms)
		AwakeInstancesAfterBackupRestoration (8ms)
Refreshing native plugins compatible for Editor in 1.05 ms, found 4 plugins.
Preloading 0 native plugins for Editor in 0.00 ms.
Unloading 25 Unused Serialized files (Serialized files now loaded: 0)
Unloading 7223 unused Assets / (6.7 MB). Loaded Objects now: 8184.
Memory consumption went from 182.2 MB to 175.5 MB.
Total: 28.089200 ms (FindLiveObjects: 0.822000 ms CreateObjectMapping: 0.986000 ms MarkObjects: 22.579900 ms  DeleteObjects: 3.699900 ms)

Prepare: number of updated asset objects reloaded= 0
========================================================================
Received Prepare
Begin MonoManager ReloadAssembly
Symbol file data-000002C62BF53C30 doesn't match image G:\Unity6\ClientFrame\Assets\ThirdParty\Sirenix\Assemblies\Sirenix.OdinInspector.Editor.dll
Symbol file LoadedFromMemory is not a mono symbol file
- Loaded All Assemblies, in  0.613 seconds
Refreshing native plugins compatible for Editor in 0.56 ms, found 4 plugins.
Native extension for iOS target not found
Native extension for Android target not found
Native extension for WindowsStandalone target not found
Native extension for WebGL target not found
Mono: successfully reloaded assembly
- Finished resetting the current domain, in  0.932 seconds
Domain Reload Profiling: 1549ms
	BeginReloadAssembly (164ms)
		ExecutionOrderSort (0ms)
		DisableScriptedObjects (10ms)
		BackupInstance (0ms)
		ReleaseScriptingObjects (0ms)
		CreateAndSetChildDomain (55ms)
	RebuildCommonClasses (24ms)
	RebuildNativeTypeToScriptingClass (9ms)
	initialDomainReloadingComplete (18ms)
	LoadAllAssembliesAndSetupDomain (402ms)
		LoadAssemblies (298ms)
		RebuildTransferFunctionScriptingTraits (0ms)
		AnalyzeDomain (171ms)
			TypeCache.Refresh (10ms)
				TypeCache.ScanAssembly (1ms)
			BuildScriptInfoCaches (147ms)
			ResolveRequiredComponents (10ms)
	FinalizeReload (932ms)
		ReleaseScriptCaches (0ms)
		RebuildScriptCaches (0ms)
		SetupLoadedEditorAssemblies (777ms)
			LogAssemblyErrors (0ms)
			InitializePlatformSupportModulesInManaged (11ms)
			SetLoadedEditorAssemblies (6ms)
			BeforeProcessingInitializeOnLoad (128ms)
			ProcessInitializeOnLoadAttributes (498ms)
			ProcessInitializeOnLoadMethodAttributes (132ms)
			AfterProcessingInitializeOnLoad (2ms)
			EditorAssembliesLoaded (0ms)
		ExecutionOrderSort2 (0ms)
		AwakeInstancesAfterBackupRestoration (10ms)
Refreshing native plugins compatible for Editor in 1.05 ms, found 4 plugins.
Preloading 0 native plugins for Editor in 0.00 ms.
Unloading 25 Unused Serialized files (Serialized files now loaded: 0)
Unloading 7223 unused Assets / (6.8 MB). Loaded Objects now: 8186.
Memory consumption went from 182.2 MB to 175.4 MB.
Total: 29.382000 ms (FindLiveObjects: 1.256300 ms CreateObjectMapping: 1.191700 ms MarkObjects: 23.060900 ms  DeleteObjects: 3.870300 ms)

Prepare: number of updated asset objects reloaded= 0
========================================================================
Received Prepare
Begin MonoManager ReloadAssembly
Symbol file data-000002C62BF53C30 doesn't match image G:\Unity6\ClientFrame\Assets\ThirdParty\Sirenix\Assemblies\Sirenix.OdinInspector.Editor.dll
Symbol file LoadedFromMemory is not a mono symbol file
- Loaded All Assemblies, in  0.602 seconds
Refreshing native plugins compatible for Editor in 0.68 ms, found 4 plugins.
Native extension for iOS target not found
Native extension for Android target not found
Native extension for WindowsStandalone target not found
Native extension for WebGL target not found
Mono: successfully reloaded assembly
- Finished resetting the current domain, in  0.949 seconds
Domain Reload Profiling: 1554ms
	BeginReloadAssembly (161ms)
		ExecutionOrderSort (0ms)
		DisableScriptedObjects (10ms)
		BackupInstance (0ms)
		ReleaseScriptingObjects (0ms)
		CreateAndSetChildDomain (51ms)
	RebuildCommonClasses (23ms)
	RebuildNativeTypeToScriptingClass (9ms)
	initialDomainReloadingComplete (20ms)
	LoadAllAssembliesAndSetupDomain (392ms)
		LoadAssemblies (293ms)
		RebuildTransferFunctionScriptingTraits (0ms)
		AnalyzeDomain (167ms)
			TypeCache.Refresh (11ms)
				TypeCache.ScanAssembly (1ms)
			BuildScriptInfoCaches (143ms)
			ResolveRequiredComponents (10ms)
	FinalizeReload (950ms)
		ReleaseScriptCaches (0ms)
		RebuildScriptCaches (0ms)
		SetupLoadedEditorAssemblies (803ms)
			LogAssemblyErrors (0ms)
			InitializePlatformSupportModulesInManaged (10ms)
			SetLoadedEditorAssemblies (5ms)
			BeforeProcessingInitializeOnLoad (130ms)
			ProcessInitializeOnLoadAttributes (521ms)
			ProcessInitializeOnLoadMethodAttributes (134ms)
			AfterProcessingInitializeOnLoad (2ms)
			EditorAssembliesLoaded (0ms)
		ExecutionOrderSort2 (0ms)
		AwakeInstancesAfterBackupRestoration (9ms)
Refreshing native plugins compatible for Editor in 1.15 ms, found 4 plugins.
Preloading 0 native plugins for Editor in 0.00 ms.
Unloading 25 Unused Serialized files (Serialized files now loaded: 0)
Unloading 7223 unused Assets / (6.8 MB). Loaded Objects now: 8188.
Memory consumption went from 182.2 MB to 175.4 MB.
Total: 28.344400 ms (FindLiveObjects: 0.893700 ms CreateObjectMapping: 0.967700 ms MarkObjects: 22.306400 ms  DeleteObjects: 4.174800 ms)

Prepare: number of updated asset objects reloaded= 0
========================================================================
Received Prepare
Refreshing native plugins compatible for Editor in 1.56 ms, found 4 plugins.
Preloading 0 native plugins for Editor in 0.00 ms.
Unloading 25 Unused Serialized files (Serialized files now loaded: 0)
Unloading 7212 unused Assets / (6.7 MB). Loaded Objects now: 8188.
Memory consumption went from 182.4 MB to 175.6 MB.
Total: 36.181000 ms (FindLiveObjects: 1.006300 ms CreateObjectMapping: 1.032600 ms MarkObjects: 29.570300 ms  DeleteObjects: 4.568500 ms)

Prepare: number of updated asset objects reloaded= 0
========================================================================
Received Prepare
Begin MonoManager ReloadAssembly
Symbol file data-000002C62BF53C30 doesn't match image G:\Unity6\ClientFrame\Assets\ThirdParty\Sirenix\Assemblies\Sirenix.OdinInspector.Editor.dll
Symbol file LoadedFromMemory is not a mono symbol file
- Loaded All Assemblies, in  0.627 seconds
Refreshing native plugins compatible for Editor in 0.54 ms, found 4 plugins.
Native extension for iOS target not found
Native extension for Android target not found
Native extension for WindowsStandalone target not found
Native extension for WebGL target not found
Mono: successfully reloaded assembly
- Finished resetting the current domain, in  0.949 seconds
Domain Reload Profiling: 1579ms
	BeginReloadAssembly (165ms)
		ExecutionOrderSort (0ms)
		DisableScriptedObjects (10ms)
		BackupInstance (0ms)
		ReleaseScriptingObjects (0ms)
		CreateAndSetChildDomain (53ms)
	RebuildCommonClasses (25ms)
	RebuildNativeTypeToScriptingClass (9ms)
	initialDomainReloadingComplete (20ms)
	LoadAllAssembliesAndSetupDomain (410ms)
		LoadAssemblies (310ms)
		RebuildTransferFunctionScriptingTraits (0ms)
		AnalyzeDomain (169ms)
			TypeCache.Refresh (11ms)
				TypeCache.ScanAssembly (1ms)
			BuildScriptInfoCaches (144ms)
			ResolveRequiredComponents (11ms)
	FinalizeReload (949ms)
		ReleaseScriptCaches (0ms)
		RebuildScriptCaches (0ms)
		SetupLoadedEditorAssemblies (802ms)
			LogAssemblyErrors (0ms)
			InitializePlatformSupportModulesInManaged (12ms)
			SetLoadedEditorAssemblies (5ms)
			BeforeProcessingInitializeOnLoad (140ms)
			ProcessInitializeOnLoadAttributes (509ms)
			ProcessInitializeOnLoadMethodAttributes (135ms)
			AfterProcessingInitializeOnLoad (1ms)
			EditorAssembliesLoaded (0ms)
		ExecutionOrderSort2 (0ms)
		AwakeInstancesAfterBackupRestoration (9ms)
Refreshing native plugins compatible for Editor in 1.49 ms, found 4 plugins.
Preloading 0 native plugins for Editor in 0.00 ms.
Unloading 25 Unused Serialized files (Serialized files now loaded: 0)
Unloading 7223 unused Assets / (6.8 MB). Loaded Objects now: 8190.
Memory consumption went from 182.2 MB to 175.4 MB.
Total: 27.554800 ms (FindLiveObjects: 0.841400 ms CreateObjectMapping: 1.069200 ms MarkObjects: 21.761600 ms  DeleteObjects: 3.881300 ms)

Prepare: number of updated asset objects reloaded= 0
========================================================================
Received Prepare
Begin MonoManager ReloadAssembly
Symbol file data-000002C62BF53C30 doesn't match image G:\Unity6\ClientFrame\Assets\ThirdParty\Sirenix\Assemblies\Sirenix.OdinInspector.Editor.dll
Symbol file LoadedFromMemory is not a mono symbol file
- Loaded All Assemblies, in  0.639 seconds
Refreshing native plugins compatible for Editor in 0.74 ms, found 4 plugins.
Native extension for iOS target not found
Native extension for Android target not found
Native extension for WindowsStandalone target not found
Native extension for WebGL target not found
Mono: successfully reloaded assembly
- Finished resetting the current domain, in  0.933 seconds
Domain Reload Profiling: 1575ms
	BeginReloadAssembly (178ms)
		ExecutionOrderSort (0ms)
		DisableScriptedObjects (11ms)
		BackupInstance (0ms)
		ReleaseScriptingObjects (0ms)
		CreateAndSetChildDomain (60ms)
	RebuildCommonClasses (26ms)
	RebuildNativeTypeToScriptingClass (9ms)
	initialDomainReloadingComplete (18ms)
	LoadAllAssembliesAndSetupDomain (410ms)
		LoadAssemblies (315ms)
		RebuildTransferFunctionScriptingTraits (0ms)
		AnalyzeDomain (170ms)
			TypeCache.Refresh (11ms)
				TypeCache.ScanAssembly (1ms)
			BuildScriptInfoCaches (144ms)
			ResolveRequiredComponents (11ms)
	FinalizeReload (933ms)
		ReleaseScriptCaches (0ms)
		RebuildScriptCaches (0ms)
		SetupLoadedEditorAssemblies (784ms)
			LogAssemblyErrors (0ms)
			InitializePlatformSupportModulesInManaged (10ms)
			SetLoadedEditorAssemblies (6ms)
			BeforeProcessingInitializeOnLoad (126ms)
			ProcessInitializeOnLoadAttributes (504ms)
			ProcessInitializeOnLoadMethodAttributes (137ms)
			AfterProcessingInitializeOnLoad (1ms)
			EditorAssembliesLoaded (0ms)
		ExecutionOrderSort2 (0ms)
		AwakeInstancesAfterBackupRestoration (10ms)
Refreshing native plugins compatible for Editor in 1.05 ms, found 4 plugins.
Preloading 0 native plugins for Editor in 0.00 ms.
Unloading 25 Unused Serialized files (Serialized files now loaded: 0)
Unloading 7223 unused Assets / (6.7 MB). Loaded Objects now: 8192.
Memory consumption went from 182.2 MB to 175.6 MB.
Total: 28.909300 ms (FindLiveObjects: 0.805100 ms CreateObjectMapping: 0.851700 ms MarkObjects: 23.195100 ms  DeleteObjects: 4.055200 ms)

Prepare: number of updated asset objects reloaded= 0
========================================================================
Received Prepare
Begin MonoManager ReloadAssembly
Symbol file data-000002C62BF53C30 doesn't match image G:\Unity6\ClientFrame\Assets\ThirdParty\Sirenix\Assemblies\Sirenix.OdinInspector.Editor.dll
Symbol file LoadedFromMemory is not a mono symbol file
- Loaded All Assemblies, in  0.647 seconds
Refreshing native plugins compatible for Editor in 0.68 ms, found 4 plugins.
Native extension for iOS target not found
Native extension for Android target not found
Native extension for WindowsStandalone target not found
Native extension for WebGL target not found
Mono: successfully reloaded assembly
- Finished resetting the current domain, in  0.996 seconds
Domain Reload Profiling: 1646ms
	BeginReloadAssembly (166ms)
		ExecutionOrderSort (0ms)
		DisableScriptedObjects (11ms)
		BackupInstance (0ms)
		ReleaseScriptingObjects (0ms)
		CreateAndSetChildDomain (51ms)
	RebuildCommonClasses (25ms)
	RebuildNativeTypeToScriptingClass (11ms)
	initialDomainReloadingComplete (19ms)
	LoadAllAssembliesAndSetupDomain (430ms)
		LoadAssemblies (326ms)
		RebuildTransferFunctionScriptingTraits (0ms)
		AnalyzeDomain (173ms)
			TypeCache.Refresh (11ms)
				TypeCache.ScanAssembly (1ms)
			BuildScriptInfoCaches (146ms)
			ResolveRequiredComponents (11ms)
	FinalizeReload (996ms)
		ReleaseScriptCaches (0ms)
		RebuildScriptCaches (0ms)
		SetupLoadedEditorAssemblies (844ms)
			LogAssemblyErrors (0ms)
			InitializePlatformSupportModulesInManaged (11ms)
			SetLoadedEditorAssemblies (6ms)
			BeforeProcessingInitializeOnLoad (128ms)
			ProcessInitializeOnLoadAttributes (542ms)
			ProcessInitializeOnLoadMethodAttributes (155ms)
			AfterProcessingInitializeOnLoad (1ms)
			EditorAssembliesLoaded (0ms)
		ExecutionOrderSort2 (0ms)
		AwakeInstancesAfterBackupRestoration (9ms)
Refreshing native plugins compatible for Editor in 1.23 ms, found 4 plugins.
Preloading 0 native plugins for Editor in 0.00 ms.
Unloading 25 Unused Serialized files (Serialized files now loaded: 0)
Unloading 7223 unused Assets / (6.8 MB). Loaded Objects now: 8194.
Memory consumption went from 182.2 MB to 175.4 MB.
Total: 30.071500 ms (FindLiveObjects: 1.222700 ms CreateObjectMapping: 1.605300 ms MarkObjects: 22.588200 ms  DeleteObjects: 4.653900 ms)

Prepare: number of updated asset objects reloaded= 0
========================================================================
Received Import Request.
  Time since last request: 1824.060000 seconds.
  path: Assets/Res/UI/Prefabs/Home/ViewTabBar.prefab
  artifactKey: Guid(961a7f77aefbd1846aa5e6c9fd234c04) Importer(815301076,1909f56bfc062723c751e8b465ee728b)
Start importing Assets/Res/UI/Prefabs/Home/ViewTabBar.prefab using Guid(961a7f77aefbd1846aa5e6c9fd234c04) Importer(815301076,1909f56bfc062723c751e8b465ee728b) (PreviewImporter) -> (artifact id: '7a854a2f660983121291ff5197cda4f3') in 0.1375357 seconds
Number of updated asset objects reloaded before import = 0Number of asset objects unloaded after import = 41

========================================================================
Received Prepare
Begin MonoManager ReloadAssembly
Symbol file data-000002C68319F070 doesn't match image G:\Unity6\ClientFrame\Assets\ThirdParty\Sirenix\Assemblies\Sirenix.OdinInspector.Editor.dll
Symbol file LoadedFromMemory is not a mono symbol file
- Loaded All Assemblies, in  0.639 seconds
Refreshing native plugins compatible for Editor in 0.57 ms, found 4 plugins.
Native extension for iOS target not found
Native extension for Android target not found
Native extension for WindowsStandalone target not found
Native extension for WebGL target not found
Mono: successfully reloaded assembly
- Finished resetting the current domain, in  0.940 seconds
Domain Reload Profiling: 1583ms
	BeginReloadAssembly (187ms)
		ExecutionOrderSort (0ms)
		DisableScriptedObjects (10ms)
		BackupInstance (0ms)
		ReleaseScriptingObjects (0ms)
		CreateAndSetChildDomain (71ms)
	RebuildCommonClasses (24ms)
	RebuildNativeTypeToScriptingClass (8ms)
	initialDomainReloadingComplete (18ms)
	LoadAllAssembliesAndSetupDomain (405ms)
		LoadAssemblies (298ms)
		RebuildTransferFunctionScriptingTraits (0ms)
		AnalyzeDomain (180ms)
			TypeCache.Refresh (12ms)
				TypeCache.ScanAssembly (2ms)
			BuildScriptInfoCaches (153ms)
			ResolveRequiredComponents (11ms)
	FinalizeReload (941ms)
		ReleaseScriptCaches (0ms)
		RebuildScriptCaches (0ms)
		SetupLoadedEditorAssemblies (794ms)
			LogAssemblyErrors (0ms)
			InitializePlatformSupportModulesInManaged (11ms)
			SetLoadedEditorAssemblies (5ms)
			BeforeProcessingInitializeOnLoad (129ms)
			ProcessInitializeOnLoadAttributes (522ms)
			ProcessInitializeOnLoadMethodAttributes (125ms)
			AfterProcessingInitializeOnLoad (1ms)
			EditorAssembliesLoaded (0ms)
		ExecutionOrderSort2 (0ms)
		AwakeInstancesAfterBackupRestoration (9ms)
Refreshing native plugins compatible for Editor in 1.08 ms, found 4 plugins.
Preloading 0 native plugins for Editor in 0.00 ms.
Unloading 25 Unused Serialized files (Serialized files now loaded: 0)
Unloading 7223 unused Assets / (6.5 MB). Loaded Objects now: 8196.
Memory consumption went from 182.2 MB to 175.7 MB.
Total: 28.365900 ms (FindLiveObjects: 0.714300 ms CreateObjectMapping: 0.945000 ms MarkObjects: 23.007000 ms  DeleteObjects: 3.697300 ms)

Prepare: number of updated asset objects reloaded= 0
========================================================================
Received Prepare
Begin MonoManager ReloadAssembly
Symbol file data-000002C68319F070 doesn't match image G:\Unity6\ClientFrame\Assets\ThirdParty\Sirenix\Assemblies\Sirenix.OdinInspector.Editor.dll
Symbol file LoadedFromMemory is not a mono symbol file
- Loaded All Assemblies, in  0.650 seconds
Refreshing native plugins compatible for Editor in 0.70 ms, found 4 plugins.
Native extension for iOS target not found
Native extension for Android target not found
Native extension for WindowsStandalone target not found
Native extension for WebGL target not found
Mono: successfully reloaded assembly
- Finished resetting the current domain, in  0.955 seconds
Domain Reload Profiling: 1608ms
	BeginReloadAssembly (170ms)
		ExecutionOrderSort (0ms)
		DisableScriptedObjects (10ms)
		BackupInstance (0ms)
		ReleaseScriptingObjects (0ms)
		CreateAndSetChildDomain (59ms)
	RebuildCommonClasses (23ms)
	RebuildNativeTypeToScriptingClass (9ms)
	initialDomainReloadingComplete (19ms)
	LoadAllAssembliesAndSetupDomain (431ms)
		LoadAssemblies (321ms)
		RebuildTransferFunctionScriptingTraits (0ms)
		AnalyzeDomain (178ms)
			TypeCache.Refresh (11ms)
				TypeCache.ScanAssembly (1ms)
			BuildScriptInfoCaches (152ms)
			ResolveRequiredComponents (10ms)
	FinalizeReload (956ms)
		ReleaseScriptCaches (0ms)
		RebuildScriptCaches (0ms)
		SetupLoadedEditorAssemblies (812ms)
			LogAssemblyErrors (0ms)
			InitializePlatformSupportModulesInManaged (11ms)
			SetLoadedEditorAssemblies (5ms)
			BeforeProcessingInitializeOnLoad (131ms)
			ProcessInitializeOnLoadAttributes (516ms)
			ProcessInitializeOnLoadMethodAttributes (146ms)
			AfterProcessingInitializeOnLoad (2ms)
			EditorAssembliesLoaded (0ms)
		ExecutionOrderSort2 (0ms)
		AwakeInstancesAfterBackupRestoration (10ms)
Refreshing native plugins compatible for Editor in 1.08 ms, found 4 plugins.
Preloading 0 native plugins for Editor in 0.00 ms.
Unloading 25 Unused Serialized files (Serialized files now loaded: 0)
Unloading 7223 unused Assets / (6.6 MB). Loaded Objects now: 8198.
Memory consumption went from 182.2 MB to 175.6 MB.
Total: 29.110100 ms (FindLiveObjects: 1.271200 ms CreateObjectMapping: 1.038800 ms MarkObjects: 23.084900 ms  DeleteObjects: 3.713200 ms)

Prepare: number of updated asset objects reloaded= 0
========================================================================
Received Prepare
Begin MonoManager ReloadAssembly
Symbol file data-000002C68319F070 doesn't match image G:\Unity6\ClientFrame\Assets\ThirdParty\Sirenix\Assemblies\Sirenix.OdinInspector.Editor.dll
Symbol file LoadedFromMemory is not a mono symbol file
- Loaded All Assemblies, in  0.652 seconds
Refreshing native plugins compatible for Editor in 0.51 ms, found 4 plugins.
Native extension for iOS target not found
Native extension for Android target not found
Native extension for WindowsStandalone target not found
Native extension for WebGL target not found
Mono: successfully reloaded assembly
- Finished resetting the current domain, in  0.946 seconds
Domain Reload Profiling: 1602ms
	BeginReloadAssembly (176ms)
		ExecutionOrderSort (0ms)
		DisableScriptedObjects (11ms)
		BackupInstance (0ms)
		ReleaseScriptingObjects (0ms)
		CreateAndSetChildDomain (57ms)
	RebuildCommonClasses (25ms)
	RebuildNativeTypeToScriptingClass (8ms)
	initialDomainReloadingComplete (19ms)
	LoadAllAssembliesAndSetupDomain (428ms)
		LoadAssemblies (324ms)
		RebuildTransferFunctionScriptingTraits (0ms)
		AnalyzeDomain (177ms)
			TypeCache.Refresh (10ms)
				TypeCache.ScanAssembly (1ms)
			BuildScriptInfoCaches (152ms)
			ResolveRequiredComponents (11ms)
	FinalizeReload (946ms)
		ReleaseScriptCaches (0ms)
		RebuildScriptCaches (0ms)
		SetupLoadedEditorAssemblies (802ms)
			LogAssemblyErrors (0ms)
			InitializePlatformSupportModulesInManaged (15ms)
			SetLoadedEditorAssemblies (6ms)
			BeforeProcessingInitializeOnLoad (130ms)
			ProcessInitializeOnLoadAttributes (509ms)
			ProcessInitializeOnLoadMethodAttributes (141ms)
			AfterProcessingInitializeOnLoad (1ms)
			EditorAssembliesLoaded (0ms)
		ExecutionOrderSort2 (0ms)
		AwakeInstancesAfterBackupRestoration (9ms)
Refreshing native plugins compatible for Editor in 1.00 ms, found 4 plugins.
Preloading 0 native plugins for Editor in 0.00 ms.
Unloading 25 Unused Serialized files (Serialized files now loaded: 0)
Unloading 7223 unused Assets / (6.8 MB). Loaded Objects now: 8200.
Memory consumption went from 182.2 MB to 175.5 MB.
Total: 28.932300 ms (FindLiveObjects: 1.008100 ms CreateObjectMapping: 1.025800 ms MarkObjects: 22.955300 ms  DeleteObjects: 3.941700 ms)

Prepare: number of updated asset objects reloaded= 0
========================================================================
Received Import Request.
  Time since last request: 251.812284 seconds.
  path: Assets/Art/Image/Atlas
  artifactKey: Guid(22df89db7e5f44547a9028b19f458059) Importer(815301076,1909f56bfc062723c751e8b465ee728b)
Start importing Assets/Art/Image/Atlas using Guid(22df89db7e5f44547a9028b19f458059) Importer(815301076,1909f56bfc062723c751e8b465ee728b) (PreviewImporter) -> (artifact id: '7e59a6e123debf48a52b7853e01c658b') in 0.0164955 seconds
Number of updated asset objects reloaded before import = 0Number of asset objects unloaded after import = 0

========================================================================
Received Import Request.
  Time since last request: 5.745911 seconds.
  path: Assets/Art/Image/Atlas/HomeTabBar.spriteatlasv2
  artifactKey: Guid(e527ed6fabcbf4e4d9c487e134f36172) Importer(815301076,1909f56bfc062723c751e8b465ee728b)
Start importing Assets/Art/Image/Atlas/HomeTabBar.spriteatlasv2 using Guid(e527ed6fabcbf4e4d9c487e134f36172) Importer(815301076,1909f56bfc062723c751e8b465ee728b) (PreviewImporter) -> (artifact id: '3880080371896675eb681ebd1ca7db45') in 0.0170976 seconds
Number of updated asset objects reloaded before import = 0Number of asset objects unloaded after import = 2

========================================================================
Received Import Request.
  Time since last request: 23.449539 seconds.
  path: Assets/Art/Image/Atlas/HomeTabBar.spriteatlasv2
  artifactKey: Guid(e527ed6fabcbf4e4d9c487e134f36172) Importer(815301076,1909f56bfc062723c751e8b465ee728b)
Start importing Assets/Art/Image/Atlas/HomeTabBar.spriteatlasv2 using Guid(e527ed6fabcbf4e4d9c487e134f36172) Importer(815301076,1909f56bfc062723c751e8b465ee728b) (PreviewImporter) -> (artifact id: '827144fae25c4aea906ea2492a95ace1') in 0.0011698 seconds
Number of updated asset objects reloaded before import = 0Number of asset objects unloaded after import = 2

========================================================================
Received Prepare
Refreshing native plugins compatible for Editor in 1.25 ms, found 4 plugins.
Preloading 0 native plugins for Editor in 0.00 ms.
Unloading 25 Unused Serialized files (Serialized files now loaded: 0)
Unloading 25 unused Assets / (3.3 MB). Loaded Objects now: 8200.
Memory consumption went from 177.1 MB to 173.9 MB.
Total: 27.315100 ms (FindLiveObjects: 0.562300 ms CreateObjectMapping: 0.562600 ms MarkObjects: 25.180500 ms  DeleteObjects: 1.008200 ms)

Prepare: number of updated asset objects reloaded= 0
========================================================================
Received Import Request.
  Time since last request: 57.749943 seconds.
  path: Assets/Art/Image/Atlas/HomeTabBar.spriteatlasv2
  artifactKey: Guid(e527ed6fabcbf4e4d9c487e134f36172) Importer(815301076,1909f56bfc062723c751e8b465ee728b)
Start importing Assets/Art/Image/Atlas/HomeTabBar.spriteatlasv2 using Guid(e527ed6fabcbf4e4d9c487e134f36172) Importer(815301076,1909f56bfc062723c751e8b465ee728b) (PreviewImporter) -> (artifact id: '3d4c6b658cc2977bd204f9de78230022') in 0.0067641 seconds
Number of updated asset objects reloaded before import = 0Number of asset objects unloaded after import = 2

========================================================================
Received Prepare
Refreshing native plugins compatible for Editor in 1.19 ms, found 4 plugins.
Preloading 0 native plugins for Editor in 0.00 ms.
Unloading 25 Unused Serialized files (Serialized files now loaded: 0)
Unloading 25 unused Assets / (3.3 MB). Loaded Objects now: 8200.
Memory consumption went from 177.2 MB to 173.9 MB.
Total: 28.441200 ms (FindLiveObjects: 0.626800 ms CreateObjectMapping: 0.544100 ms MarkObjects: 26.086600 ms  DeleteObjects: 1.181400 ms)

Prepare: number of updated asset objects reloaded= 0
========================================================================
Received Import Request.
  Time since last request: 25.386350 seconds.
  path: Assets/Res/UI/Image
  artifactKey: Guid(4a96caf067dbab048b50b56f449adf06) Importer(815301076,1909f56bfc062723c751e8b465ee728b)
Start importing Assets/Res/UI/Image using Guid(4a96caf067dbab048b50b56f449adf06) Importer(815301076,1909f56bfc062723c751e8b465ee728b) (PreviewImporter) -> (artifact id: '7dd63243b9f4ad9d61b9146b141d605a') in 0.0089602 seconds
Number of updated asset objects reloaded before import = 0Number of asset objects unloaded after import = 0

========================================================================
Received Import Request.
  Time since last request: 15.535033 seconds.
  path: Assets/Res/UI/Image/Atlas/HomeTabBar.spriteatlasv2
  artifactKey: Guid(e527ed6fabcbf4e4d9c487e134f36172) Importer(815301076,1909f56bfc062723c751e8b465ee728b)
Start importing Assets/Res/UI/Image/Atlas/HomeTabBar.spriteatlasv2 using Guid(e527ed6fabcbf4e4d9c487e134f36172) Importer(815301076,1909f56bfc062723c751e8b465ee728b) (PreviewImporter) -> (artifact id: '802385250725af5de9e6101c1f11773d') in 0.0011377 seconds
Number of updated asset objects reloaded before import = 0Number of asset objects unloaded after import = 2

========================================================================
Received Prepare
Begin MonoManager ReloadAssembly
Symbol file data-000002C68EABA1D0 doesn't match image G:\Unity6\ClientFrame\Assets\ThirdParty\Sirenix\Assemblies\Sirenix.OdinInspector.Editor.dll
Symbol file LoadedFromMemory is not a mono symbol file
- Loaded All Assemblies, in  0.641 seconds
Refreshing native plugins compatible for Editor in 0.55 ms, found 4 plugins.
Native extension for iOS target not found
Native extension for Android target not found
Native extension for WindowsStandalone target not found
Native extension for WebGL target not found
Mono: successfully reloaded assembly
- Finished resetting the current domain, in  0.929 seconds
Domain Reload Profiling: 1573ms
	BeginReloadAssembly (179ms)
		ExecutionOrderSort (0ms)
		DisableScriptedObjects (10ms)
		BackupInstance (0ms)
		ReleaseScriptingObjects (0ms)
		CreateAndSetChildDomain (63ms)
	RebuildCommonClasses (25ms)
	RebuildNativeTypeToScriptingClass (10ms)
	initialDomainReloadingComplete (19ms)
	LoadAllAssembliesAndSetupDomain (412ms)
		LoadAssemblies (308ms)
		RebuildTransferFunctionScriptingTraits (0ms)
		AnalyzeDomain (176ms)
			TypeCache.Refresh (11ms)
				TypeCache.ScanAssembly (1ms)
			BuildScriptInfoCaches (151ms)
			ResolveRequiredComponents (10ms)
	FinalizeReload (929ms)
		ReleaseScriptCaches (0ms)
		RebuildScriptCaches (0ms)
		SetupLoadedEditorAssemblies (782ms)
			LogAssemblyErrors (0ms)
			InitializePlatformSupportModulesInManaged (10ms)
			SetLoadedEditorAssemblies (6ms)
			BeforeProcessingInitializeOnLoad (131ms)
			ProcessInitializeOnLoadAttributes (501ms)
			ProcessInitializeOnLoadMethodAttributes (132ms)
			AfterProcessingInitializeOnLoad (1ms)
			EditorAssembliesLoaded (0ms)
		ExecutionOrderSort2 (0ms)
		AwakeInstancesAfterBackupRestoration (9ms)
Refreshing native plugins compatible for Editor in 1.17 ms, found 4 plugins.
Preloading 0 native plugins for Editor in 0.00 ms.
Unloading 25 Unused Serialized files (Serialized files now loaded: 0)
Unloading 7223 unused Assets / (6.8 MB). Loaded Objects now: 8202.
Memory consumption went from 182.3 MB to 175.5 MB.
Total: 29.993400 ms (FindLiveObjects: 0.864300 ms CreateObjectMapping: 1.123700 ms MarkObjects: 22.833800 ms  DeleteObjects: 5.169200 ms)

Prepare: number of updated asset objects reloaded= 0
========================================================================
Received Prepare
Begin MonoManager ReloadAssembly
Symbol file data-000002C68EABA1D0 doesn't match image G:\Unity6\ClientFrame\Assets\ThirdParty\Sirenix\Assemblies\Sirenix.OdinInspector.Editor.dll
Symbol file LoadedFromMemory is not a mono symbol file
- Loaded All Assemblies, in  0.625 seconds
Refreshing native plugins compatible for Editor in 0.77 ms, found 4 plugins.
Native extension for iOS target not found
Native extension for Android target not found
Native extension for WindowsStandalone target not found
Native extension for WebGL target not found
Mono: successfully reloaded assembly
- Finished resetting the current domain, in  0.936 seconds
Domain Reload Profiling: 1564ms
	BeginReloadAssembly (168ms)
		ExecutionOrderSort (0ms)
		DisableScriptedObjects (10ms)
		BackupInstance (0ms)
		ReleaseScriptingObjects (0ms)
		CreateAndSetChildDomain (54ms)
	RebuildCommonClasses (25ms)
	RebuildNativeTypeToScriptingClass (9ms)
	initialDomainReloadingComplete (19ms)
	LoadAllAssembliesAndSetupDomain (407ms)
		LoadAssemblies (305ms)
		RebuildTransferFunctionScriptingTraits (0ms)
		AnalyzeDomain (174ms)
			TypeCache.Refresh (11ms)
				TypeCache.ScanAssembly (1ms)
			BuildScriptInfoCaches (149ms)
			ResolveRequiredComponents (11ms)
	FinalizeReload (936ms)
		ReleaseScriptCaches (0ms)
		RebuildScriptCaches (0ms)
		SetupLoadedEditorAssemblies (789ms)
			LogAssemblyErrors (0ms)
			InitializePlatformSupportModulesInManaged (12ms)
			SetLoadedEditorAssemblies (7ms)
			BeforeProcessingInitializeOnLoad (131ms)
			ProcessInitializeOnLoadAttributes (513ms)
			ProcessInitializeOnLoadMethodAttributes (126ms)
			AfterProcessingInitializeOnLoad (1ms)
			EditorAssembliesLoaded (0ms)
		ExecutionOrderSort2 (0ms)
		AwakeInstancesAfterBackupRestoration (8ms)
Refreshing native plugins compatible for Editor in 1.01 ms, found 4 plugins.
Preloading 0 native plugins for Editor in 0.00 ms.
Unloading 25 Unused Serialized files (Serialized files now loaded: 0)
Unloading 7223 unused Assets / (6.7 MB). Loaded Objects now: 8204.
Memory consumption went from 182.3 MB to 175.6 MB.
Total: 28.636000 ms (FindLiveObjects: 0.840100 ms CreateObjectMapping: 1.499600 ms MarkObjects: 22.172900 ms  DeleteObjects: 4.121700 ms)

Prepare: number of updated asset objects reloaded= 0
========================================================================
Received Prepare
Begin MonoManager ReloadAssembly
Symbol file data-000002C68EABA1D0 doesn't match image G:\Unity6\ClientFrame\Assets\ThirdParty\Sirenix\Assemblies\Sirenix.OdinInspector.Editor.dll
Symbol file LoadedFromMemory is not a mono symbol file
- Loaded All Assemblies, in  0.674 seconds
Refreshing native plugins compatible for Editor in 0.58 ms, found 4 plugins.
Native extension for iOS target not found
Native extension for Android target not found
Native extension for WindowsStandalone target not found
Native extension for WebGL target not found
Mono: successfully reloaded assembly
- Finished resetting the current domain, in  0.977 seconds
Domain Reload Profiling: 1654ms
	BeginReloadAssembly (174ms)
		ExecutionOrderSort (0ms)
		DisableScriptedObjects (13ms)
		BackupInstance (0ms)
		ReleaseScriptingObjects (0ms)
		CreateAndSetChildDomain (53ms)
	RebuildCommonClasses (28ms)
	RebuildNativeTypeToScriptingClass (9ms)
	initialDomainReloadingComplete (24ms)
	LoadAllAssembliesAndSetupDomain (441ms)
		LoadAssemblies (325ms)
		RebuildTransferFunctionScriptingTraits (0ms)
		AnalyzeDomain (186ms)
			TypeCache.Refresh (13ms)
				TypeCache.ScanAssembly (2ms)
			BuildScriptInfoCaches (158ms)
			ResolveRequiredComponents (12ms)
	FinalizeReload (977ms)
		ReleaseScriptCaches (0ms)
		RebuildScriptCaches (0ms)
		SetupLoadedEditorAssemblies (831ms)
			LogAssemblyErrors (0ms)
			InitializePlatformSupportModulesInManaged (12ms)
			SetLoadedEditorAssemblies (6ms)
			BeforeProcessingInitializeOnLoad (126ms)
			ProcessInitializeOnLoadAttributes (548ms)
			ProcessInitializeOnLoadMethodAttributes (136ms)
			AfterProcessingInitializeOnLoad (1ms)
			EditorAssembliesLoaded (0ms)
		ExecutionOrderSort2 (0ms)
		AwakeInstancesAfterBackupRestoration (8ms)
Refreshing native plugins compatible for Editor in 1.09 ms, found 4 plugins.
Preloading 0 native plugins for Editor in 0.00 ms.
Unloading 25 Unused Serialized files (Serialized files now loaded: 0)
Unloading 7223 unused Assets / (6.6 MB). Loaded Objects now: 8206.
Memory consumption went from 182.3 MB to 175.7 MB.
Total: 28.913900 ms (FindLiveObjects: 0.874400 ms CreateObjectMapping: 0.935600 ms MarkObjects: 22.985800 ms  DeleteObjects: 4.115700 ms)

Prepare: number of updated asset objects reloaded= 0
========================================================================
Received Prepare
Refreshing native plugins compatible for Editor in 1.10 ms, found 4 plugins.
Preloading 0 native plugins for Editor in 0.00 ms.
Unloading 25 Unused Serialized files (Serialized files now loaded: 0)
Unloading 25 unused Assets / (3.3 MB). Loaded Objects now: 8206.
Memory consumption went from 177.1 MB to 173.9 MB.
Total: 24.895400 ms (FindLiveObjects: 0.656700 ms CreateObjectMapping: 0.718600 ms MarkObjects: 22.805000 ms  DeleteObjects: 0.713600 ms)

Prepare: number of updated asset objects reloaded= 0
========================================================================
Received Prepare
Begin MonoManager ReloadAssembly
Symbol file data-000002C62BF53C30 doesn't match image G:\Unity6\ClientFrame\Assets\ThirdParty\Sirenix\Assemblies\Sirenix.OdinInspector.Editor.dll
Symbol file LoadedFromMemory is not a mono symbol file
- Loaded All Assemblies, in  0.603 seconds
Refreshing native plugins compatible for Editor in 0.65 ms, found 4 plugins.
Native extension for iOS target not found
Native extension for Android target not found
Native extension for WindowsStandalone target not found
Native extension for WebGL target not found
Mono: successfully reloaded assembly
- Finished resetting the current domain, in  1.014 seconds
Domain Reload Profiling: 1619ms
	BeginReloadAssembly (156ms)
		ExecutionOrderSort (0ms)
		DisableScriptedObjects (10ms)
		BackupInstance (0ms)
		ReleaseScriptingObjects (0ms)
		CreateAndSetChildDomain (49ms)
	RebuildCommonClasses (25ms)
	RebuildNativeTypeToScriptingClass (8ms)
	initialDomainReloadingComplete (19ms)
	LoadAllAssembliesAndSetupDomain (397ms)
		LoadAssemblies (288ms)
		RebuildTransferFunctionScriptingTraits (0ms)
		AnalyzeDomain (174ms)
			TypeCache.Refresh (7ms)
				TypeCache.ScanAssembly (0ms)
			BuildScriptInfoCaches (153ms)
			ResolveRequiredComponents (11ms)
	FinalizeReload (1014ms)
		ReleaseScriptCaches (0ms)
		RebuildScriptCaches (0ms)
		SetupLoadedEditorAssemblies (861ms)
			LogAssemblyErrors (0ms)
			InitializePlatformSupportModulesInManaged (10ms)
			SetLoadedEditorAssemblies (6ms)
			BeforeProcessingInitializeOnLoad (125ms)
			ProcessInitializeOnLoadAttributes (564ms)
			ProcessInitializeOnLoadMethodAttributes (154ms)
			AfterProcessingInitializeOnLoad (1ms)
			EditorAssembliesLoaded (0ms)
		ExecutionOrderSort2 (0ms)
		AwakeInstancesAfterBackupRestoration (11ms)
Refreshing native plugins compatible for Editor in 1.13 ms, found 4 plugins.
Preloading 0 native plugins for Editor in 0.00 ms.
Unloading 25 Unused Serialized files (Serialized files now loaded: 0)
Unloading 7223 unused Assets / (6.8 MB). Loaded Objects now: 8208.
Memory consumption went from 182.3 MB to 175.5 MB.
Total: 33.570900 ms (FindLiveObjects: 1.334200 ms CreateObjectMapping: 1.357500 ms MarkObjects: 25.577800 ms  DeleteObjects: 5.299500 ms)

Prepare: number of updated asset objects reloaded= 0
========================================================================
Received Prepare
Begin MonoManager ReloadAssembly
Symbol file data-000002C62BF53C30 doesn't match image G:\Unity6\ClientFrame\Assets\ThirdParty\Sirenix\Assemblies\Sirenix.OdinInspector.Editor.dll
Symbol file LoadedFromMemory is not a mono symbol file
- Loaded All Assemblies, in  0.621 seconds
Refreshing native plugins compatible for Editor in 0.50 ms, found 4 plugins.
Native extension for iOS target not found
Native extension for Android target not found
Native extension for WindowsStandalone target not found
Native extension for WebGL target not found
Mono: successfully reloaded assembly
- Finished resetting the current domain, in  0.965 seconds
Domain Reload Profiling: 1589ms
	BeginReloadAssembly (158ms)
		ExecutionOrderSort (0ms)
		DisableScriptedObjects (11ms)
		BackupInstance (0ms)
		ReleaseScriptingObjects (0ms)
		CreateAndSetChildDomain (48ms)
	RebuildCommonClasses (29ms)
	RebuildNativeTypeToScriptingClass (12ms)
	initialDomainReloadingComplete (21ms)
	LoadAllAssembliesAndSetupDomain (405ms)
		LoadAssemblies (294ms)
		RebuildTransferFunctionScriptingTraits (0ms)
		AnalyzeDomain (176ms)
			TypeCache.Refresh (11ms)
				TypeCache.ScanAssembly (1ms)
			BuildScriptInfoCaches (151ms)
			ResolveRequiredComponents (11ms)
	FinalizeReload (966ms)
		ReleaseScriptCaches (0ms)
		RebuildScriptCaches (0ms)
		SetupLoadedEditorAssemblies (818ms)
			LogAssemblyErrors (0ms)
			InitializePlatformSupportModulesInManaged (10ms)
			SetLoadedEditorAssemblies (5ms)
			BeforeProcessingInitializeOnLoad (127ms)
			ProcessInitializeOnLoadAttributes (542ms)
			ProcessInitializeOnLoadMethodAttributes (130ms)
			AfterProcessingInitializeOnLoad (1ms)
			EditorAssembliesLoaded (0ms)
		ExecutionOrderSort2 (0ms)
		AwakeInstancesAfterBackupRestoration (9ms)
Refreshing native plugins compatible for Editor in 1.32 ms, found 4 plugins.
Preloading 0 native plugins for Editor in 0.00 ms.
Unloading 25 Unused Serialized files (Serialized files now loaded: 0)
Unloading 7223 unused Assets / (6.7 MB). Loaded Objects now: 8210.
Memory consumption went from 182.3 MB to 175.6 MB.
Total: 35.335300 ms (FindLiveObjects: 1.118100 ms CreateObjectMapping: 1.549100 ms MarkObjects: 27.058900 ms  DeleteObjects: 5.607300 ms)

Prepare: number of updated asset objects reloaded= 0
========================================================================
Received Prepare
Begin MonoManager ReloadAssembly
Symbol file data-000002C62BF53C30 doesn't match image G:\Unity6\ClientFrame\Assets\ThirdParty\Sirenix\Assemblies\Sirenix.OdinInspector.Editor.dll
Symbol file LoadedFromMemory is not a mono symbol file
- Loaded All Assemblies, in  0.600 seconds
Refreshing native plugins compatible for Editor in 0.92 ms, found 4 plugins.
Native extension for iOS target not found
Native extension for Android target not found
Native extension for WindowsStandalone target not found
Native extension for WebGL target not found
Mono: successfully reloaded assembly
- Finished resetting the current domain, in  0.991 seconds
Domain Reload Profiling: 1596ms
	BeginReloadAssembly (156ms)
		ExecutionOrderSort (0ms)
		DisableScriptedObjects (11ms)
		BackupInstance (0ms)
		ReleaseScriptingObjects (0ms)
		CreateAndSetChildDomain (46ms)
	RebuildCommonClasses (27ms)
	RebuildNativeTypeToScriptingClass (9ms)
	initialDomainReloadingComplete (19ms)
	LoadAllAssembliesAndSetupDomain (393ms)
		LoadAssemblies (291ms)
		RebuildTransferFunctionScriptingTraits (0ms)
		AnalyzeDomain (168ms)
			TypeCache.Refresh (7ms)
				TypeCache.ScanAssembly (0ms)
			BuildScriptInfoCaches (145ms)
			ResolveRequiredComponents (11ms)
	FinalizeReload (991ms)
		ReleaseScriptCaches (0ms)
		RebuildScriptCaches (0ms)
		SetupLoadedEditorAssemblies (835ms)
			LogAssemblyErrors (0ms)
			InitializePlatformSupportModulesInManaged (12ms)
			SetLoadedEditorAssemblies (6ms)
			BeforeProcessingInitializeOnLoad (127ms)
			ProcessInitializeOnLoadAttributes (535ms)
			ProcessInitializeOnLoadMethodAttributes (154ms)
			AfterProcessingInitializeOnLoad (1ms)
			EditorAssembliesLoaded (0ms)
		ExecutionOrderSort2 (0ms)
		AwakeInstancesAfterBackupRestoration (11ms)
Refreshing native plugins compatible for Editor in 1.49 ms, found 4 plugins.
Preloading 0 native plugins for Editor in 0.00 ms.
Unloading 25 Unused Serialized files (Serialized files now loaded: 0)
Unloading 7223 unused Assets / (6.8 MB). Loaded Objects now: 8212.
Memory consumption went from 182.3 MB to 175.5 MB.
Total: 34.611900 ms (FindLiveObjects: 1.040700 ms CreateObjectMapping: 1.316800 ms MarkObjects: 26.258500 ms  DeleteObjects: 5.993100 ms)

Prepare: number of updated asset objects reloaded= 0
========================================================================
Received Prepare
Begin MonoManager ReloadAssembly
Symbol file data-000002C62BF53C30 doesn't match image G:\Unity6\ClientFrame\Assets\ThirdParty\Sirenix\Assemblies\Sirenix.OdinInspector.Editor.dll
Symbol file LoadedFromMemory is not a mono symbol file
- Loaded All Assemblies, in  0.612 seconds
Refreshing native plugins compatible for Editor in 0.57 ms, found 4 plugins.
Native extension for iOS target not found
Native extension for Android target not found
Native extension for WindowsStandalone target not found
Native extension for WebGL target not found
Mono: successfully reloaded assembly
- Finished resetting the current domain, in  0.941 seconds
Domain Reload Profiling: 1555ms
	BeginReloadAssembly (168ms)
		ExecutionOrderSort (0ms)
		DisableScriptedObjects (10ms)
		BackupInstance (0ms)
		ReleaseScriptingObjects (0ms)
		CreateAndSetChildDomain (54ms)
	RebuildCommonClasses (23ms)
	RebuildNativeTypeToScriptingClass (8ms)
	initialDomainReloadingComplete (19ms)
	LoadAllAssembliesAndSetupDomain (397ms)
		LoadAssemblies (289ms)
		RebuildTransferFunctionScriptingTraits (0ms)
		AnalyzeDomain (176ms)
			TypeCache.Refresh (12ms)
				TypeCache.ScanAssembly (1ms)
			BuildScriptInfoCaches (150ms)
			ResolveRequiredComponents (11ms)
	FinalizeReload (941ms)
		ReleaseScriptCaches (0ms)
		RebuildScriptCaches (0ms)
		SetupLoadedEditorAssemblies (792ms)
			LogAssemblyErrors (0ms)
			InitializePlatformSupportModulesInManaged (12ms)
			SetLoadedEditorAssemblies (6ms)
			BeforeProcessingInitializeOnLoad (130ms)
			ProcessInitializeOnLoadAttributes (508ms)
			ProcessInitializeOnLoadMethodAttributes (134ms)
			AfterProcessingInitializeOnLoad (1ms)
			EditorAssembliesLoaded (0ms)
		ExecutionOrderSort2 (0ms)
		AwakeInstancesAfterBackupRestoration (8ms)
Refreshing native plugins compatible for Editor in 1.34 ms, found 4 plugins.
Preloading 0 native plugins for Editor in 0.00 ms.
Unloading 25 Unused Serialized files (Serialized files now loaded: 0)
Unloading 7223 unused Assets / (6.9 MB). Loaded Objects now: 8214.
Memory consumption went from 182.3 MB to 175.4 MB.
Total: 39.273700 ms (FindLiveObjects: 1.534100 ms CreateObjectMapping: 2.163800 ms MarkObjects: 29.522700 ms  DeleteObjects: 6.050200 ms)

Prepare: number of updated asset objects reloaded= 0
========================================================================
Received Prepare
Begin MonoManager ReloadAssembly
Symbol file data-000002C62BF53C30 doesn't match image G:\Unity6\ClientFrame\Assets\ThirdParty\Sirenix\Assemblies\Sirenix.OdinInspector.Editor.dll
Symbol file LoadedFromMemory is not a mono symbol file
- Loaded All Assemblies, in  0.589 seconds
Refreshing native plugins compatible for Editor in 0.60 ms, found 4 plugins.
Native extension for iOS target not found
Native extension for Android target not found
Native extension for WindowsStandalone target not found
Native extension for WebGL target not found
Mono: successfully reloaded assembly
- Finished resetting the current domain, in  1.037 seconds
Domain Reload Profiling: 1630ms
	BeginReloadAssembly (156ms)
		ExecutionOrderSort (0ms)
		DisableScriptedObjects (10ms)
		BackupInstance (0ms)
		ReleaseScriptingObjects (0ms)
		CreateAndSetChildDomain (46ms)
	RebuildCommonClasses (23ms)
	RebuildNativeTypeToScriptingClass (9ms)
	initialDomainReloadingComplete (19ms)
	LoadAllAssembliesAndSetupDomain (387ms)
		LoadAssemblies (283ms)
		RebuildTransferFunctionScriptingTraits (0ms)
		AnalyzeDomain (166ms)
			TypeCache.Refresh (7ms)
				TypeCache.ScanAssembly (0ms)
			BuildScriptInfoCaches (145ms)
			ResolveRequiredComponents (11ms)
	FinalizeReload (1038ms)
		ReleaseScriptCaches (0ms)
		RebuildScriptCaches (0ms)
		SetupLoadedEditorAssemblies (877ms)
			LogAssemblyErrors (0ms)
			InitializePlatformSupportModulesInManaged (12ms)
			SetLoadedEditorAssemblies (5ms)
			BeforeProcessingInitializeOnLoad (128ms)
			ProcessInitializeOnLoadAttributes (571ms)
			ProcessInitializeOnLoadMethodAttributes (159ms)
			AfterProcessingInitializeOnLoad (1ms)
			EditorAssembliesLoaded (0ms)
		ExecutionOrderSort2 (0ms)
		AwakeInstancesAfterBackupRestoration (12ms)
Refreshing native plugins compatible for Editor in 1.26 ms, found 4 plugins.
Preloading 0 native plugins for Editor in 0.00 ms.
Unloading 25 Unused Serialized files (Serialized files now loaded: 0)
Unloading 7223 unused Assets / (6.8 MB). Loaded Objects now: 8216.
Memory consumption went from 182.3 MB to 175.5 MB.
Total: 40.535600 ms (FindLiveObjects: 1.472900 ms CreateObjectMapping: 2.203800 ms MarkObjects: 29.382000 ms  DeleteObjects: 7.473900 ms)

Prepare: number of updated asset objects reloaded= 0
========================================================================
Received Prepare
Begin MonoManager ReloadAssembly
Symbol file data-000002C68A9D6020 doesn't match image G:\Unity6\ClientFrame\Assets\ThirdParty\Sirenix\Assemblies\Sirenix.OdinInspector.Editor.dll
Symbol file LoadedFromMemory is not a mono symbol file
- Loaded All Assemblies, in  0.585 seconds
Refreshing native plugins compatible for Editor in 0.62 ms, found 4 plugins.
Native extension for iOS target not found
Native extension for Android target not found
Native extension for WindowsStandalone target not found
Native extension for WebGL target not found
Mono: successfully reloaded assembly
- Finished resetting the current domain, in  1.017 seconds
Domain Reload Profiling: 1605ms
	BeginReloadAssembly (152ms)
		ExecutionOrderSort (0ms)
		DisableScriptedObjects (10ms)
		BackupInstance (0ms)
		ReleaseScriptingObjects (0ms)
		CreateAndSetChildDomain (46ms)
	RebuildCommonClasses (23ms)
	RebuildNativeTypeToScriptingClass (9ms)
	initialDomainReloadingComplete (18ms)
	LoadAllAssembliesAndSetupDomain (386ms)
		LoadAssemblies (284ms)
		RebuildTransferFunctionScriptingTraits (0ms)
		AnalyzeDomain (166ms)
			TypeCache.Refresh (7ms)
				TypeCache.ScanAssembly (0ms)
			BuildScriptInfoCaches (145ms)
			ResolveRequiredComponents (11ms)
	FinalizeReload (1018ms)
		ReleaseScriptCaches (0ms)
		RebuildScriptCaches (0ms)
		SetupLoadedEditorAssemblies (859ms)
			LogAssemblyErrors (0ms)
			InitializePlatformSupportModulesInManaged (11ms)
			SetLoadedEditorAssemblies (6ms)
			BeforeProcessingInitializeOnLoad (125ms)
			ProcessInitializeOnLoadAttributes (562ms)
			ProcessInitializeOnLoadMethodAttributes (154ms)
			AfterProcessingInitializeOnLoad (2ms)
			EditorAssembliesLoaded (0ms)
		ExecutionOrderSort2 (0ms)
		AwakeInstancesAfterBackupRestoration (10ms)
Refreshing native plugins compatible for Editor in 1.51 ms, found 4 plugins.
Preloading 0 native plugins for Editor in 0.00 ms.
Unloading 25 Unused Serialized files (Serialized files now loaded: 0)
Unloading 7223 unused Assets / (6.9 MB). Loaded Objects now: 8218.
Memory consumption went from 182.3 MB to 175.5 MB.
Total: 38.538600 ms (FindLiveObjects: 1.845600 ms CreateObjectMapping: 1.556400 ms MarkObjects: 27.687700 ms  DeleteObjects: 7.445700 ms)

Prepare: number of updated asset objects reloaded= 0
========================================================================
Received Prepare
Refreshing native plugins compatible for Editor in 1.09 ms, found 4 plugins.
Preloading 0 native plugins for Editor in 0.00 ms.
Unloading 25 Unused Serialized files (Serialized files now loaded: 0)
Unloading 7212 unused Assets / (6.7 MB). Loaded Objects now: 8218.
Memory consumption went from 182.5 MB to 175.8 MB.
Total: 29.197600 ms (FindLiveObjects: 0.780100 ms CreateObjectMapping: 1.215600 ms MarkObjects: 22.561000 ms  DeleteObjects: 4.639400 ms)

Prepare: number of updated asset objects reloaded= 0
========================================================================
Received Prepare
Begin MonoManager ReloadAssembly
Symbol file data-000002C62BF53C30 doesn't match image G:\Unity6\ClientFrame\Assets\ThirdParty\Sirenix\Assemblies\Sirenix.OdinInspector.Editor.dll
Symbol file LoadedFromMemory is not a mono symbol file
- Loaded All Assemblies, in  0.652 seconds
Refreshing native plugins compatible for Editor in 0.59 ms, found 4 plugins.
Native extension for iOS target not found
Native extension for Android target not found
Native extension for WindowsStandalone target not found
Native extension for WebGL target not found
Mono: successfully reloaded assembly
- Finished resetting the current domain, in  0.949 seconds
Domain Reload Profiling: 1603ms
	BeginReloadAssembly (161ms)
		ExecutionOrderSort (0ms)
		DisableScriptedObjects (10ms)
		BackupInstance (0ms)
		ReleaseScriptingObjects (0ms)
		CreateAndSetChildDomain (49ms)
	RebuildCommonClasses (24ms)
	RebuildNativeTypeToScriptingClass (10ms)
	initialDomainReloadingComplete (21ms)
	LoadAllAssembliesAndSetupDomain (437ms)
		LoadAssemblies (320ms)
		RebuildTransferFunctionScriptingTraits (0ms)
		AnalyzeDomain (188ms)
			TypeCache.Refresh (13ms)
				TypeCache.ScanAssembly (1ms)
			BuildScriptInfoCaches (161ms)
			ResolveRequiredComponents (11ms)
	FinalizeReload (949ms)
		ReleaseScriptCaches (0ms)
		RebuildScriptCaches (0ms)
		SetupLoadedEditorAssemblies (803ms)
			LogAssemblyErrors (0ms)
			InitializePlatformSupportModulesInManaged (12ms)
			SetLoadedEditorAssemblies (5ms)
			BeforeProcessingInitializeOnLoad (132ms)
			ProcessInitializeOnLoadAttributes (501ms)
			ProcessInitializeOnLoadMethodAttributes (151ms)
			AfterProcessingInitializeOnLoad (1ms)
			EditorAssembliesLoaded (0ms)
		ExecutionOrderSort2 (0ms)
		AwakeInstancesAfterBackupRestoration (9ms)
Refreshing native plugins compatible for Editor in 0.99 ms, found 4 plugins.
Preloading 0 native plugins for Editor in 0.00 ms.
Unloading 25 Unused Serialized files (Serialized files now loaded: 0)
Unloading 7223 unused Assets / (6.7 MB). Loaded Objects now: 8220.
Memory consumption went from 182.3 MB to 175.7 MB.
Total: 29.332600 ms (FindLiveObjects: 0.794900 ms CreateObjectMapping: 1.015000 ms MarkObjects: 23.413800 ms  DeleteObjects: 4.107100 ms)

Prepare: number of updated asset objects reloaded= 0
========================================================================
Received Prepare
Begin MonoManager ReloadAssembly
Symbol file data-000002C62BF53C30 doesn't match image G:\Unity6\ClientFrame\Assets\ThirdParty\Sirenix\Assemblies\Sirenix.OdinInspector.Editor.dll
Symbol file LoadedFromMemory is not a mono symbol file
- Loaded All Assemblies, in  0.586 seconds
Refreshing native plugins compatible for Editor in 0.55 ms, found 4 plugins.
Native extension for iOS target not found
Native extension for Android target not found
Native extension for WindowsStandalone target not found
Native extension for WebGL target not found
Mono: successfully reloaded assembly
- Finished resetting the current domain, in  1.032 seconds
Domain Reload Profiling: 1622ms
	BeginReloadAssembly (156ms)
		ExecutionOrderSort (0ms)
		DisableScriptedObjects (10ms)
		BackupInstance (0ms)
		ReleaseScriptingObjects (0ms)
		CreateAndSetChildDomain (50ms)
	RebuildCommonClasses (22ms)
	RebuildNativeTypeToScriptingClass (9ms)
	initialDomainReloadingComplete (17ms)
	LoadAllAssembliesAndSetupDomain (386ms)
		LoadAssemblies (278ms)
		RebuildTransferFunctionScriptingTraits (0ms)
		AnalyzeDomain (171ms)
			TypeCache.Refresh (7ms)
				TypeCache.ScanAssembly (0ms)
			BuildScriptInfoCaches (150ms)
			ResolveRequiredComponents (10ms)
	FinalizeReload (1033ms)
		ReleaseScriptCaches (0ms)
		RebuildScriptCaches (0ms)
		SetupLoadedEditorAssemblies (871ms)
			LogAssemblyErrors (0ms)
			InitializePlatformSupportModulesInManaged (12ms)
			SetLoadedEditorAssemblies (6ms)
			BeforeProcessingInitializeOnLoad (123ms)
			ProcessInitializeOnLoadAttributes (558ms)
			ProcessInitializeOnLoadMethodAttributes (169ms)
			AfterProcessingInitializeOnLoad (2ms)
			EditorAssembliesLoaded (1ms)
		ExecutionOrderSort2 (0ms)
		AwakeInstancesAfterBackupRestoration (11ms)
Refreshing native plugins compatible for Editor in 1.69 ms, found 4 plugins.
Preloading 0 native plugins for Editor in 0.00 ms.
Unloading 25 Unused Serialized files (Serialized files now loaded: 0)
Unloading 7223 unused Assets / (6.9 MB). Loaded Objects now: 8222.
Memory consumption went from 182.3 MB to 175.4 MB.
Total: 42.656200 ms (FindLiveObjects: 1.757700 ms CreateObjectMapping: 2.290200 ms MarkObjects: 32.148200 ms  DeleteObjects: 6.457800 ms)

Prepare: number of updated asset objects reloaded= 0
========================================================================
Received Prepare
Begin MonoManager ReloadAssembly
Symbol file data-000002C62BF53C30 doesn't match image G:\Unity6\ClientFrame\Assets\ThirdParty\Sirenix\Assemblies\Sirenix.OdinInspector.Editor.dll
Symbol file LoadedFromMemory is not a mono symbol file
- Loaded All Assemblies, in  0.630 seconds
Refreshing native plugins compatible for Editor in 0.67 ms, found 4 plugins.
Native extension for iOS target not found
Native extension for Android target not found
Native extension for WindowsStandalone target not found
Native extension for WebGL target not found
Mono: successfully reloaded assembly
- Finished resetting the current domain, in  0.978 seconds
Domain Reload Profiling: 1610ms
	BeginReloadAssembly (159ms)
		ExecutionOrderSort (0ms)
		DisableScriptedObjects (10ms)
		BackupInstance (0ms)
		ReleaseScriptingObjects (0ms)
		CreateAndSetChildDomain (49ms)
	RebuildCommonClasses (29ms)
	RebuildNativeTypeToScriptingClass (9ms)
	initialDomainReloadingComplete (20ms)
	LoadAllAssembliesAndSetupDomain (416ms)
		LoadAssemblies (309ms)
		RebuildTransferFunctionScriptingTraits (0ms)
		AnalyzeDomain (175ms)
			TypeCache.Refresh (12ms)
				TypeCache.ScanAssembly (1ms)
			BuildScriptInfoCaches (149ms)
			ResolveRequiredComponents (11ms)
	FinalizeReload (978ms)
		ReleaseScriptCaches (0ms)
		RebuildScriptCaches (0ms)
		SetupLoadedEditorAssemblies (832ms)
			LogAssemblyErrors (0ms)
			InitializePlatformSupportModulesInManaged (11ms)
			SetLoadedEditorAssemblies (7ms)
			BeforeProcessingInitializeOnLoad (129ms)
			ProcessInitializeOnLoadAttributes (543ms)
			ProcessInitializeOnLoadMethodAttributes (140ms)
			AfterProcessingInitializeOnLoad (1ms)
			EditorAssembliesLoaded (0ms)
		ExecutionOrderSort2 (0ms)
		AwakeInstancesAfterBackupRestoration (9ms)
Refreshing native plugins compatible for Editor in 1.11 ms, found 4 plugins.
Preloading 0 native plugins for Editor in 0.00 ms.
Unloading 25 Unused Serialized files (Serialized files now loaded: 0)
Unloading 7223 unused Assets / (6.6 MB). Loaded Objects now: 8224.
Memory consumption went from 182.3 MB to 175.7 MB.
Total: 30.002100 ms (FindLiveObjects: 1.076700 ms CreateObjectMapping: 1.590500 ms MarkObjects: 23.778800 ms  DeleteObjects: 3.554100 ms)

Prepare: number of updated asset objects reloaded= 0
========================================================================
Received Prepare
Begin MonoManager ReloadAssembly
Symbol file data-000002C62BF53C30 doesn't match image G:\Unity6\ClientFrame\Assets\ThirdParty\Sirenix\Assemblies\Sirenix.OdinInspector.Editor.dll
Symbol file LoadedFromMemory is not a mono symbol file
- Loaded All Assemblies, in  0.596 seconds
Refreshing native plugins compatible for Editor in 0.53 ms, found 4 plugins.
Native extension for iOS target not found
Native extension for Android target not found
Native extension for WindowsStandalone target not found
Native extension for WebGL target not found
Mono: successfully reloaded assembly
- Finished resetting the current domain, in  1.027 seconds
Domain Reload Profiling: 1626ms
	BeginReloadAssembly (150ms)
		ExecutionOrderSort (0ms)
		DisableScriptedObjects (10ms)
		BackupInstance (0ms)
		ReleaseScriptingObjects (0ms)
		CreateAndSetChildDomain (46ms)
	RebuildCommonClasses (24ms)
	RebuildNativeTypeToScriptingClass (8ms)
	initialDomainReloadingComplete (19ms)
	LoadAllAssembliesAndSetupDomain (398ms)
		LoadAssemblies (279ms)
		RebuildTransferFunctionScriptingTraits (0ms)
		AnalyzeDomain (181ms)
			TypeCache.Refresh (7ms)
				TypeCache.ScanAssembly (0ms)
			BuildScriptInfoCaches (159ms)
			ResolveRequiredComponents (11ms)
	FinalizeReload (1027ms)
		ReleaseScriptCaches (0ms)
		RebuildScriptCaches (0ms)
		SetupLoadedEditorAssemblies (870ms)
			LogAssemblyErrors (0ms)
			InitializePlatformSupportModulesInManaged (11ms)
			SetLoadedEditorAssemblies (5ms)
			BeforeProcessingInitializeOnLoad (130ms)
			ProcessInitializeOnLoadAttributes (566ms)
			ProcessInitializeOnLoadMethodAttributes (157ms)
			AfterProcessingInitializeOnLoad (2ms)
			EditorAssembliesLoaded (0ms)
		ExecutionOrderSort2 (0ms)
		AwakeInstancesAfterBackupRestoration (12ms)
Refreshing native plugins compatible for Editor in 1.29 ms, found 4 plugins.
Preloading 0 native plugins for Editor in 0.00 ms.
Unloading 25 Unused Serialized files (Serialized files now loaded: 0)
Unloading 7223 unused Assets / (6.8 MB). Loaded Objects now: 8226.
Memory consumption went from 182.3 MB to 175.6 MB.
Total: 34.117200 ms (FindLiveObjects: 1.083200 ms CreateObjectMapping: 1.835900 ms MarkObjects: 25.144200 ms  DeleteObjects: 6.051300 ms)

Prepare: number of updated asset objects reloaded= 0
========================================================================
Received Prepare
Refreshing native plugins compatible for Editor in 1.08 ms, found 4 plugins.
Preloading 0 native plugins for Editor in 0.00 ms.
Unloading 25 Unused Serialized files (Serialized files now loaded: 0)
Unloading 7212 unused Assets / (6.2 MB). Loaded Objects now: 8226.
Memory consumption went from 182.5 MB to 176.3 MB.
Total: 31.494900 ms (FindLiveObjects: 0.852600 ms CreateObjectMapping: 1.002700 ms MarkObjects: 24.298700 ms  DeleteObjects: 5.338000 ms)

Prepare: number of updated asset objects reloaded= 0
========================================================================
Received Prepare
Begin MonoManager ReloadAssembly
Symbol file data-000002C62BF53C30 doesn't match image G:\Unity6\ClientFrame\Assets\ThirdParty\Sirenix\Assemblies\Sirenix.OdinInspector.Editor.dll
Symbol file LoadedFromMemory is not a mono symbol file
- Loaded All Assemblies, in  0.637 seconds
Refreshing native plugins compatible for Editor in 1.06 ms, found 4 plugins.
Native extension for iOS target not found
Native extension for Android target not found
Native extension for WindowsStandalone target not found
Native extension for WebGL target not found
Mono: successfully reloaded assembly
- Finished resetting the current domain, in  1.024 seconds
Domain Reload Profiling: 1665ms
	BeginReloadAssembly (172ms)
		ExecutionOrderSort (0ms)
		DisableScriptedObjects (10ms)
		BackupInstance (0ms)
		ReleaseScriptingObjects (0ms)
		CreateAndSetChildDomain (57ms)
	RebuildCommonClasses (24ms)
	RebuildNativeTypeToScriptingClass (9ms)
	initialDomainReloadingComplete (19ms)
	LoadAllAssembliesAndSetupDomain (416ms)
		LoadAssemblies (307ms)
		RebuildTransferFunctionScriptingTraits (0ms)
		AnalyzeDomain (180ms)
			TypeCache.Refresh (12ms)
				TypeCache.ScanAssembly (2ms)
			BuildScriptInfoCaches (153ms)
			ResolveRequiredComponents (11ms)
	FinalizeReload (1025ms)
		ReleaseScriptCaches (0ms)
		RebuildScriptCaches (0ms)
		SetupLoadedEditorAssemblies (871ms)
			LogAssemblyErrors (0ms)
			InitializePlatformSupportModulesInManaged (10ms)
			SetLoadedEditorAssemblies (6ms)
			BeforeProcessingInitializeOnLoad (125ms)
			ProcessInitializeOnLoadAttributes (572ms)
			ProcessInitializeOnLoadMethodAttributes (156ms)
			AfterProcessingInitializeOnLoad (1ms)
			EditorAssembliesLoaded (0ms)
		ExecutionOrderSort2 (0ms)
		AwakeInstancesAfterBackupRestoration (10ms)
Refreshing native plugins compatible for Editor in 1.62 ms, found 4 plugins.
Preloading 0 native plugins for Editor in 0.00 ms.
Unloading 25 Unused Serialized files (Serialized files now loaded: 0)
Unloading 7223 unused Assets / (6.8 MB). Loaded Objects now: 8228.
Memory consumption went from 182.3 MB to 175.6 MB.
Total: 34.531200 ms (FindLiveObjects: 1.846400 ms CreateObjectMapping: 1.996400 ms MarkObjects: 26.639900 ms  DeleteObjects: 4.045700 ms)

Prepare: number of updated asset objects reloaded= 0
========================================================================
Received Prepare
Begin MonoManager ReloadAssembly
Symbol file data-000002C62BF53C30 doesn't match image G:\Unity6\ClientFrame\Assets\ThirdParty\Sirenix\Assemblies\Sirenix.OdinInspector.Editor.dll
Symbol file LoadedFromMemory is not a mono symbol file
- Loaded All Assemblies, in  0.613 seconds
Refreshing native plugins compatible for Editor in 0.51 ms, found 4 plugins.
Native extension for iOS target not found
Native extension for Android target not found
Native extension for WindowsStandalone target not found
Native extension for WebGL target not found
Mono: successfully reloaded assembly
- Finished resetting the current domain, in  0.995 seconds
Domain Reload Profiling: 1611ms
	BeginReloadAssembly (159ms)
		ExecutionOrderSort (0ms)
		DisableScriptedObjects (11ms)
		BackupInstance (0ms)
		ReleaseScriptingObjects (0ms)
		CreateAndSetChildDomain (47ms)
	RebuildCommonClasses (26ms)
	RebuildNativeTypeToScriptingClass (9ms)
	initialDomainReloadingComplete (22ms)
	LoadAllAssembliesAndSetupDomain (399ms)
		LoadAssemblies (296ms)
		RebuildTransferFunctionScriptingTraits (0ms)
		AnalyzeDomain (172ms)
			TypeCache.Refresh (11ms)
				TypeCache.ScanAssembly (1ms)
			BuildScriptInfoCaches (147ms)
			ResolveRequiredComponents (10ms)
	FinalizeReload (995ms)
		ReleaseScriptCaches (0ms)
		RebuildScriptCaches (0ms)
		SetupLoadedEditorAssemblies (849ms)
			LogAssemblyErrors (0ms)
			InitializePlatformSupportModulesInManaged (10ms)
			SetLoadedEditorAssemblies (6ms)
			BeforeProcessingInitializeOnLoad (135ms)
			ProcessInitializeOnLoadAttributes (558ms)
			ProcessInitializeOnLoadMethodAttributes (139ms)
			AfterProcessingInitializeOnLoad (1ms)
			EditorAssembliesLoaded (0ms)
		ExecutionOrderSort2 (0ms)
		AwakeInstancesAfterBackupRestoration (9ms)
Refreshing native plugins compatible for Editor in 1.00 ms, found 4 plugins.
Preloading 0 native plugins for Editor in 0.00 ms.
Unloading 25 Unused Serialized files (Serialized files now loaded: 0)
Unloading 7223 unused Assets / (6.8 MB). Loaded Objects now: 8230.
Memory consumption went from 182.4 MB to 175.6 MB.
Total: 29.716800 ms (FindLiveObjects: 1.347000 ms CreateObjectMapping: 1.260500 ms MarkObjects: 22.766700 ms  DeleteObjects: 4.340700 ms)

Prepare: number of updated asset objects reloaded= 0
========================================================================
Received Prepare
Begin MonoManager ReloadAssembly
Symbol file data-000002C62BF53C30 doesn't match image G:\Unity6\ClientFrame\Assets\ThirdParty\Sirenix\Assemblies\Sirenix.OdinInspector.Editor.dll
Symbol file LoadedFromMemory is not a mono symbol file
- Loaded All Assemblies, in  0.608 seconds
Refreshing native plugins compatible for Editor in 0.57 ms, found 4 plugins.
Native extension for iOS target not found
Native extension for Android target not found
Native extension for WindowsStandalone target not found
Native extension for WebGL target not found
Mono: successfully reloaded assembly
- Finished resetting the current domain, in  1.031 seconds
Domain Reload Profiling: 1643ms
	BeginReloadAssembly (165ms)
		ExecutionOrderSort (0ms)
		DisableScriptedObjects (11ms)
		BackupInstance (0ms)
		ReleaseScriptingObjects (0ms)
		CreateAndSetChildDomain (59ms)
	RebuildCommonClasses (23ms)
	RebuildNativeTypeToScriptingClass (9ms)
	initialDomainReloadingComplete (19ms)
	LoadAllAssembliesAndSetupDomain (396ms)
		LoadAssemblies (277ms)
		RebuildTransferFunctionScriptingTraits (0ms)
		AnalyzeDomain (181ms)
			TypeCache.Refresh (6ms)
				TypeCache.ScanAssembly (0ms)
			BuildScriptInfoCaches (161ms)
			ResolveRequiredComponents (11ms)
	FinalizeReload (1032ms)
		ReleaseScriptCaches (0ms)
		RebuildScriptCaches (0ms)
		SetupLoadedEditorAssemblies (878ms)
			LogAssemblyErrors (0ms)
			InitializePlatformSupportModulesInManaged (12ms)
			SetLoadedEditorAssemblies (6ms)
			BeforeProcessingInitializeOnLoad (127ms)
			ProcessInitializeOnLoadAttributes (557ms)
			ProcessInitializeOnLoadMethodAttributes (174ms)
			AfterProcessingInitializeOnLoad (2ms)
			EditorAssembliesLoaded (0ms)
		ExecutionOrderSort2 (0ms)
		AwakeInstancesAfterBackupRestoration (9ms)
Refreshing native plugins compatible for Editor in 1.73 ms, found 4 plugins.
Preloading 0 native plugins for Editor in 0.00 ms.
Unloading 25 Unused Serialized files (Serialized files now loaded: 0)
Unloading 7223 unused Assets / (6.9 MB). Loaded Objects now: 8232.
Memory consumption went from 182.4 MB to 175.5 MB.
Total: 40.180100 ms (FindLiveObjects: 1.350300 ms CreateObjectMapping: 1.357300 ms MarkObjects: 31.092600 ms  DeleteObjects: 6.375900 ms)

Prepare: number of updated asset objects reloaded= 0
========================================================================
Received Prepare
Begin MonoManager ReloadAssembly
Symbol file data-000002C62BF53C30 doesn't match image G:\Unity6\ClientFrame\Assets\ThirdParty\Sirenix\Assemblies\Sirenix.OdinInspector.Editor.dll
Symbol file LoadedFromMemory is not a mono symbol file
- Loaded All Assemblies, in  1.023 seconds
Refreshing native plugins compatible for Editor in 0.59 ms, found 4 plugins.
Native extension for iOS target not found
Native extension for Android target not found
Native extension for WindowsStandalone target not found
Native extension for WebGL target not found
Mono: successfully reloaded assembly
- Finished resetting the current domain, in  1.164 seconds
Domain Reload Profiling: 2192ms
	BeginReloadAssembly (346ms)
		ExecutionOrderSort (0ms)
		DisableScriptedObjects (45ms)
		BackupInstance (0ms)
		ReleaseScriptingObjects (1ms)
		CreateAndSetChildDomain (117ms)
	RebuildCommonClasses (27ms)
	RebuildNativeTypeToScriptingClass (9ms)
	initialDomainReloadingComplete (31ms)
	LoadAllAssembliesAndSetupDomain (614ms)
		LoadAssemblies (526ms)
		RebuildTransferFunctionScriptingTraits (0ms)
		AnalyzeDomain (196ms)
			TypeCache.Refresh (14ms)
				TypeCache.ScanAssembly (0ms)
			BuildScriptInfoCaches (166ms)
			ResolveRequiredComponents (11ms)
	FinalizeReload (1165ms)
		ReleaseScriptCaches (0ms)
		RebuildScriptCaches (0ms)
		SetupLoadedEditorAssemblies (1004ms)
			LogAssemblyErrors (0ms)
			InitializePlatformSupportModulesInManaged (14ms)
			SetLoadedEditorAssemblies (8ms)
			BeforeProcessingInitializeOnLoad (156ms)
			ProcessInitializeOnLoadAttributes (661ms)
			ProcessInitializeOnLoadMethodAttributes (164ms)
			AfterProcessingInitializeOnLoad (2ms)
			EditorAssembliesLoaded (0ms)
		ExecutionOrderSort2 (0ms)
		AwakeInstancesAfterBackupRestoration (11ms)
Refreshing native plugins compatible for Editor in 1.31 ms, found 4 plugins.
Preloading 0 native plugins for Editor in 0.00 ms.
Unloading 25 Unused Serialized files (Serialized files now loaded: 0)
Unloading 7223 unused Assets / (6.8 MB). Loaded Objects now: 8234.
Memory consumption went from 182.4 MB to 175.6 MB.
Total: 37.629700 ms (FindLiveObjects: 1.048600 ms CreateObjectMapping: 1.218700 ms MarkObjects: 30.072500 ms  DeleteObjects: 5.287400 ms)

Prepare: number of updated asset objects reloaded= 0
========================================================================
Received Import Request.
  Time since last request: 4768.719066 seconds.
  path: Assets/Res/UI/Image/HomeTabBar/setting1.png
  artifactKey: Guid(4c8847e4ce69e7c45b60f747d7fb24fd) Importer(815301076,1909f56bfc062723c751e8b465ee728b)
Start importing Assets/Res/UI/Image/HomeTabBar/setting1.png using Guid(4c8847e4ce69e7c45b60f747d7fb24fd) Importer(815301076,1909f56bfc062723c751e8b465ee728b) (PreviewImporter) -> (artifact id: 'f74f1a962f2611190c66cbbf04551d64') in 0.798033 seconds
Number of updated asset objects reloaded before import = 0Number of asset objects unloaded after import = 35

========================================================================
Received Import Request.
  Time since last request: 4.604472 seconds.
  path: Assets/Res/UI/Image/HomeTabBar/setting0.png
  artifactKey: Guid(39171a1233c00f746a5bb4324a9612c7) Importer(815301076,1909f56bfc062723c751e8b465ee728b)
Start importing Assets/Res/UI/Image/HomeTabBar/setting0.png using Guid(39171a1233c00f746a5bb4324a9612c7) Importer(815301076,1909f56bfc062723c751e8b465ee728b) (PreviewImporter) -> (artifact id: '36f88186d7c4f222e1b3505e29c47e38') in 0.0151635 seconds
Number of updated asset objects reloaded before import = 0Number of asset objects unloaded after import = 35

========================================================================
Received Import Request.
  Time since last request: 4.938252 seconds.
  path: Assets/Res/UI/Image/HomeTabBar/shop1.png
  artifactKey: Guid(03891e3205810954a93f049c4e04b6ee) Importer(815301076,1909f56bfc062723c751e8b465ee728b)
Start importing Assets/Res/UI/Image/HomeTabBar/shop1.png using Guid(03891e3205810954a93f049c4e04b6ee) Importer(815301076,1909f56bfc062723c751e8b465ee728b) (PreviewImporter) -> (artifact id: '2e4cdd7c9f43c539d28e381dafac5017') in 0.016273 seconds
Number of updated asset objects reloaded before import = 0Number of asset objects unloaded after import = 35

========================================================================
Received Import Request.
  Time since last request: 5.347501 seconds.
  path: Assets/Res/UI/Image/HomeTabBar/shop0.png
  artifactKey: Guid(48e8cb0336d1f944d883219692f7185b) Importer(815301076,1909f56bfc062723c751e8b465ee728b)
Start importing Assets/Res/UI/Image/HomeTabBar/shop0.png using Guid(48e8cb0336d1f944d883219692f7185b) Importer(815301076,1909f56bfc062723c751e8b465ee728b) (PreviewImporter) -> (artifact id: 'da8f6181b863b87697bf50bf5e918a10') in 0.014666 seconds
Number of updated asset objects reloaded before import = 0Number of asset objects unloaded after import = 35

========================================================================
Received Import Request.
  Time since last request: 4.646251 seconds.
  path: Assets/Res/UI/Image/HomeTabBar/game1.png
  artifactKey: Guid(36d35517cdbb24e499db5c7f5041b277) Importer(815301076,1909f56bfc062723c751e8b465ee728b)
Start importing Assets/Res/UI/Image/HomeTabBar/game1.png using Guid(36d35517cdbb24e499db5c7f5041b277) Importer(815301076,1909f56bfc062723c751e8b465ee728b) (PreviewImporter) -> (artifact id: '8e304348b3ecb474e8d14353dd17ea8b') in 0.0106507 seconds
Number of updated asset objects reloaded before import = 0Number of asset objects unloaded after import = 35

========================================================================
Received Import Request.
  Time since last request: 3.125855 seconds.
  path: Assets/Res/UI/Image/HomeTabBar/game0.png
  artifactKey: Guid(faeac608505e63547b9cd9e7198d8cb0) Importer(815301076,1909f56bfc062723c751e8b465ee728b)
Start importing Assets/Res/UI/Image/HomeTabBar/game0.png using Guid(faeac608505e63547b9cd9e7198d8cb0) Importer(815301076,1909f56bfc062723c751e8b465ee728b) (PreviewImporter) -> (artifact id: '27417b280883eb8940ff35abfb1f3dee') in 0.0139092 seconds
Number of updated asset objects reloaded before import = 0Number of asset objects unloaded after import = 35

========================================================================
Received Import Request.
  Time since last request: 10.483973 seconds.
  path: Assets/Res/UI/Image/HomeTabBar/player1.png
  artifactKey: Guid(178364f9775e9f74e90a596ac72e76d1) Importer(815301076,1909f56bfc062723c751e8b465ee728b)
Start importing Assets/Res/UI/Image/HomeTabBar/player1.png using Guid(178364f9775e9f74e90a596ac72e76d1) Importer(815301076,1909f56bfc062723c751e8b465ee728b) (PreviewImporter) -> (artifact id: 'ebaf4e64bd11875d8f457cb92d943e34') in 0.0119698 seconds
Number of updated asset objects reloaded before import = 0Number of asset objects unloaded after import = 35

========================================================================
Received Import Request.
  Time since last request: 5.826190 seconds.
  path: Assets/Res/UI/Image/HomeTabBar/player0.png
  artifactKey: Guid(3676efc07aff7554eacfb9307780a57b) Importer(815301076,1909f56bfc062723c751e8b465ee728b)
Start importing Assets/Res/UI/Image/HomeTabBar/player0.png using Guid(3676efc07aff7554eacfb9307780a57b) Importer(815301076,1909f56bfc062723c751e8b465ee728b) (PreviewImporter) -> (artifact id: '1f359f5dc1a3794e6abbea15a5525eb9') in 0.0116973 seconds
Number of updated asset objects reloaded before import = 0Number of asset objects unloaded after import = 35

========================================================================
Received Import Request.
  Time since last request: 1.782820 seconds.
  path: Assets/Res/UI/Image/HomeTabBar/game1.png
  artifactKey: Guid(36d35517cdbb24e499db5c7f5041b277) Importer(815301076,1909f56bfc062723c751e8b465ee728b)
Start importing Assets/Res/UI/Image/HomeTabBar/game1.png using Guid(36d35517cdbb24e499db5c7f5041b277) Importer(815301076,1909f56bfc062723c751e8b465ee728b) (PreviewImporter) -> (artifact id: 'c99c212299590dc6539e961f4f6a94ad') in 0.0117286 seconds
Number of updated asset objects reloaded before import = 0Number of asset objects unloaded after import = 35

========================================================================
Received Import Request.
  Time since last request: 4.229048 seconds.
  path: Assets/Res/UI/Image/HomeTabBar/menu_lock.png
  artifactKey: Guid(b12a9423f791b9846af55f63c75f5ae0) Importer(815301076,1909f56bfc062723c751e8b465ee728b)
Start importing Assets/Res/UI/Image/HomeTabBar/menu_lock.png using Guid(b12a9423f791b9846af55f63c75f5ae0) Importer(815301076,1909f56bfc062723c751e8b465ee728b) (PreviewImporter) -> (artifact id: '55a1ab4fa8f30654b41703659f3f98c1') in 0.0116032 seconds
Number of updated asset objects reloaded before import = 0Number of asset objects unloaded after import = 35

========================================================================
Received Import Request.
  Time since last request: 1.920543 seconds.
  path: Assets/Res/UI/Image/HomeTabBar/lock.png
  artifactKey: Guid(b12a9423f791b9846af55f63c75f5ae0) Importer(815301076,1909f56bfc062723c751e8b465ee728b)
Start importing Assets/Res/UI/Image/HomeTabBar/lock.png using Guid(b12a9423f791b9846af55f63c75f5ae0) Importer(815301076,1909f56bfc062723c751e8b465ee728b) (PreviewImporter) -> (artifact id: 'f5d3cc6cf186edadccc02c5cfa380a39') in 0.0109963 seconds
Number of updated asset objects reloaded before import = 0Number of asset objects unloaded after import = 35

========================================================================
Received Prepare
Begin MonoManager ReloadAssembly
Symbol file data-000002C68EABA1D0 doesn't match image G:\Unity6\ClientFrame\Assets\ThirdParty\Sirenix\Assemblies\Sirenix.OdinInspector.Editor.dll
Symbol file LoadedFromMemory is not a mono symbol file
- Loaded All Assemblies, in  0.771 seconds
Refreshing native plugins compatible for Editor in 0.59 ms, found 4 plugins.
Native extension for iOS target not found
Native extension for Android target not found
Native extension for WindowsStandalone target not found
Native extension for WebGL target not found
Mono: successfully reloaded assembly
- Finished resetting the current domain, in  0.974 seconds
Domain Reload Profiling: 1751ms
	BeginReloadAssembly (214ms)
		ExecutionOrderSort (0ms)
		DisableScriptedObjects (14ms)
		BackupInstance (0ms)
		ReleaseScriptingObjects (0ms)
		CreateAndSetChildDomain (74ms)
	RebuildCommonClasses (26ms)
	RebuildNativeTypeToScriptingClass (10ms)
	initialDomainReloadingComplete (20ms)
	LoadAllAssembliesAndSetupDomain (506ms)
		LoadAssemblies (389ms)
		RebuildTransferFunctionScriptingTraits (0ms)
		AnalyzeDomain (206ms)
			TypeCache.Refresh (10ms)
				TypeCache.ScanAssembly (1ms)
			BuildScriptInfoCaches (178ms)
			ResolveRequiredComponents (12ms)
	FinalizeReload (975ms)
		ReleaseScriptCaches (0ms)
		RebuildScriptCaches (0ms)
		SetupLoadedEditorAssemblies (812ms)
			LogAssemblyErrors (0ms)
			InitializePlatformSupportModulesInManaged (11ms)
			SetLoadedEditorAssemblies (6ms)
			BeforeProcessingInitializeOnLoad (129ms)
			ProcessInitializeOnLoadAttributes (525ms)
			ProcessInitializeOnLoadMethodAttributes (140ms)
			AfterProcessingInitializeOnLoad (1ms)
			EditorAssembliesLoaded (0ms)
		ExecutionOrderSort2 (0ms)
		AwakeInstancesAfterBackupRestoration (11ms)
Refreshing native plugins compatible for Editor in 1.64 ms, found 4 plugins.
Preloading 0 native plugins for Editor in 0.00 ms.
Unloading 25 Unused Serialized files (Serialized files now loaded: 0)
Unloading 7225 unused Assets / (6.6 MB). Loaded Objects now: 8238.
Memory consumption went from 182.4 MB to 175.8 MB.
Total: 30.613400 ms (FindLiveObjects: 1.158600 ms CreateObjectMapping: 0.973800 ms MarkObjects: 23.484700 ms  DeleteObjects: 4.993200 ms)

Prepare: number of updated asset objects reloaded= 0
========================================================================
Received Import Request.
  Time since last request: 131.864288 seconds.
  path: Assets/Res/Table/demo_globalsettingrecord.bytes
  artifactKey: Guid(d663a0bfb4f5bf94aaac740bf411ffba) Importer(815301076,1909f56bfc062723c751e8b465ee728b)
Start importing Assets/Res/Table/demo_globalsettingrecord.bytes using Guid(d663a0bfb4f5bf94aaac740bf411ffba) Importer(815301076,1909f56bfc062723c751e8b465ee728b) (PreviewImporter) -> (artifact id: 'a8e6cc3a6f5b51a43a8ab8100fcbe9bf') in 0.0310279 seconds
Number of updated asset objects reloaded before import = 0Number of asset objects unloaded after import = 1

